-- --------------------------------------------------------
-- 主机:                           127.0.0.1
-- 服务器版本:                        5.7.30-log - MySQL Community Server (GPL)
-- 服务器操作系统:                      Win64
-- HeidiSQL 版本:                  10.3.0.5771
-- --------------------------------------------------------

/*!40101 SET @OLD_CHARACTER_SET_CLIENT=@@CHARACTER_SET_CLIENT */;
/*!40101 SET NAMES utf8 */;
/*!50503 SET NAMES utf8mb4 */;
/*!40014 SET @OLD_FOREIGN_KEY_CHECKS=@@FOREIGN_KEY_CHECKS, FOREIGN_KEY_CHECKS=0 */;
/*!40101 SET @OLD_SQL_MODE=@@SQL_MODE, SQL_MODE='NO_AUTO_VALUE_ON_ZERO' */;


-- 导出 forestry 的数据库结构
DROP DATABASE IF EXISTS `forestry`;
CREATE DATABASE IF NOT EXISTS `forestry` /*!40100 DEFAULT CHARACTER SET utf8 */;
USE `forestry`;

-- 导出  表 forestry.attachment 结构
DROP TABLE IF EXISTS `attachment`;
CREATE TABLE IF NOT EXISTS `attachment` (
  `id` bigint(20) NOT NULL AUTO_INCREMENT,
  `file_name` varchar(100) DEFAULT NULL,
  `file_path` varchar(1000) DEFAULT NULL,
  `forestrytype_id` bigint(20) DEFAULT NULL,
  PRIMARY KEY (`id`),
  KEY `FK8AF7592335EB87D` (`forestrytype_id`),
  CONSTRAINT `FK8AF7592335EB87D` FOREIGN KEY (`forestrytype_id`) REFERENCES `forestry_type` (`id`)
) ENGINE=InnoDB AUTO_INCREMENT=61 DEFAULT CHARSET=utf8;

-- 正在导出表  forestry.attachment 的数据：~46 rows (大约)
DELETE FROM `attachment`;
/*!40000 ALTER TABLE `attachment` DISABLE KEYS */;
INSERT INTO `attachment` (`id`, `file_name`, `file_path`, `forestrytype_id`) VALUES
	(1, '六角大红', 'ljdh.jpg', 1),
	(2, '克瑞墨大牡丹', 'krmdmd.jpg', 2),
	(3, '越南抱茎茶', 'ynbjc.jpg', 3),
	(4, '烈香', 'lx.jpg', 4),
	(5, '十八学士', 'sbxs.jpg', 5),
	(6, '金花茶', 'jhc.jpg', 6),
	(7, '张氏红山茶', 'zshsc.jpg', 7),
	(8, '南山茶', 'nsc.jpg', 8),
	(9, '并蒂嫦娥', 'bdce001.jpg', 9),
	(10, '并蒂嫦娥', 'bdce002.jpg', 9),
	(11, '小桃红', 'xth.jpg', 10),
	(12, '金盘荔枝', 'jplz.jpg', 11),
	(13, '冬星', 'dx.jpg', 12),
	(14, '红露珍', 'hlz.jpg', 13),
	(15, '黑牡丹', 'hmd.jpg', 14),
	(16, '粉芙蓉', 'ffr.jpg', 15),
	(17, '紫金冠', 'zjg.jpg', 16),
	(18, '红十样锦', 'hsyj.jpg', 17),
	(19, '白雪塔', 'bxt.jpg', 18),
	(20, '白五色芙蓉', 'bwsfr001.jpg', 19),
	(21, '白五色芙蓉', 'bwsfr002.jpg', 19),
	(22, '白五色芙蓉', 'bwsfr003.jpg', 19),
	(23, '白五色芙蓉', 'bwsfr004.jpg', 19),
	(24, '红皮糙果茶(Camellia crapnelliana)', 'hpcgc.jpg', 20),
	(25, '四面景+金盘荔枝', 'smjjplz001.jpg', 21),
	(26, '四面景+金盘荔枝', 'smjjplz002.jpg', 21),
	(33, '山茶之都', 'sczd.jpg', 24),
	(34, '荷花片', 'hhp.jpg', 25),
	(35, '大苞山茶', 'dbsc.jpg', 26),
	(36, '阳春红', 'ych.jpg', 27),
	(37, '革命旗', 'gmq.jpg', 28),
	(39, '朱砂莲', 'zsl.jpg', 30),
	(41, '天鹅湖', 'teh.jpg', 32),
	(42, '红露珍+紫金冠', 'hlzjjg001.jpg', 33),
	(43, '红露珍+紫金冠', 'hlzjjg002.jpg', 33),
	(44, '达婷', 'dt.jpg', 34),
	(45, '埃尔西朱瑞', 'aexzr.jpg', 35),
	(46, '凹脉金花茶+金花茶', 'amjhcjhc001.jpg', 36),
	(47, '凹脉金花茶+金花茶', 'amjhcjhc002.jpg', 36),
	(48, '黛比+冬星', 'dbdx001.jpg', 37),
	(49, '黛比+冬星', 'dbdx002.jpg', 37),
	(50, '克瑞墨+帕克斯+玛丽安', 'krmpksmla001.jpg', 38),
	(51, '克瑞墨+帕克斯+玛丽安', 'krmpksmla002.jpg', 38),
	(52, '克瑞墨+帕克斯+玛丽安', 'krmpksmla003.jpg', 38),
	(53, '加勒比松', 'jlbs.jpg', 39),
	(60, '毛桃木莲', '201508/20150820132847609655.jpg', 41);
/*!40000 ALTER TABLE `attachment` ENABLE KEYS */;

-- 导出  表 forestry.authority 结构
DROP TABLE IF EXISTS `authority`;
CREATE TABLE IF NOT EXISTS `authority` (
  `id` bigint(20) NOT NULL AUTO_INCREMENT,
  `buttons` varchar(200) DEFAULT NULL,
  `checked` int(11) DEFAULT NULL,
  `expanded` int(11) NOT NULL DEFAULT '0',
  `icon_cls` varchar(20) DEFAULT NULL,
  `leaf` int(11) NOT NULL DEFAULT '0',
  `menu_code` varchar(50) NOT NULL,
  `menu_config` varchar(200) DEFAULT NULL,
  `menu_name` varchar(50) NOT NULL,
  `parent_id` bigint(20) DEFAULT NULL,
  `sort_order` int(11) NOT NULL,
  `url` varchar(100) DEFAULT NULL,
  `descInfo` varchar(100) DEFAULT '',
  PRIMARY KEY (`id`)
) ENGINE=InnoDB AUTO_INCREMENT=103 DEFAULT CHARSET=utf8;

-- 正在导出表  forestry.authority 的数据：~21 rows (大约)
DELETE FROM `authority`;
/*!40000 ALTER TABLE `authority` DISABLE KEYS */;
INSERT INTO `authority` (`id`, `buttons`, `checked`, `expanded`, `icon_cls`, `leaf`, `menu_code`, `menu_config`, `menu_name`, `parent_id`, `sort_order`, `url`, `descInfo`) VALUES
	(15, ' ', NULL, 1, ' ', 0, 'SystemManage', ' ', '系统管理', NULL, 400, ' ', ''),
	(16, 'Add,Edit,Delete,View,Export,Query', NULL, 1, ' ', 1, 'UserManagement', ' ', '用户管理', 15, 4001, 'systemManage.UserManagement', ''),
	(17, ' ', NULL, 1, ' ', 1, 'AuthorizationManagement', ' ', '权限管理', 15, 4002, 'systemManage.AuthorizationManagement', ''),
	(19, 'Add,Edit,Delete,View', NULL, 1, ' ', 1, 'ResourceManagement', ' ', '资源管理', 15, 4004, 'systemManage.ResourceManagement', ''),
	(20, 'Add,Edit,Delete,View', NULL, 1, ' ', 1, 'DepartmentManagement', ' ', '区域设置', 15, 4005, 'systemManage.DepartmentManagement', ''),
	(70, ' ', NULL, 1, ' ', 0, 'HouseInfoManage', ' ', '房屋管理', NULL, 600, ' ', ''),
	(72, 'Add,Edit,Delete,View,Examine,Export', NULL, 1, ' ', 1, 'HouseTypeManage', ' ', '房屋类型管理', 70, 6001, 'houseManage.HouseTypeManagement', ''),
	(73, 'Add,Edit,Delete,View,Examine,Export,Query', NULL, 1, ' ', 1, 'HouseManage', ' ', '房屋管理', 70, 6002, 'houseManage.HouseManagement', '房东房屋管理'),
	(74, 'Add,Edit,Delete,View,Examine,Export,Query', NULL, 1, ' ', 1, 'HouseManage', ' ', '房屋管理', 70, 6002, 'houseManage.HouseManagement', '区域管理员房屋管理'),
	(75, 'Add,Edit,Delete,View,Examine,Export,Query', NULL, 1, ' ', 1, 'HouseManageInAllDepart', ' ', '房屋管理', 70, 6002, 'houseManage.HouseManagementInAllDepart', '超级管理员房屋管理'),
	(76, 'Add,Edit,Delete,View,Examine,Export,Query', NULL, 1, ' ', 1, 'RoomManage', ' ', '房间管理', 70, 6003, 'houseManage.RoomManagement', ''),
	(78, 'Add,Edit,Delete,View,Examine,Export,Query', NULL, 1, ' ', 1, 'HouseOwnerManage', ' ', '房东管理', 70, 6004, 'houseManage.HouseOwnerManagement', ''),
	(80, '', NULL, 1, '', 0, 'TenantInfoManage', '', '租客管理', NULL, 700, NULL, ''),
	(81, 'Add,Edit,Delete,View,Examine,Export,Query,QuitTenant', NULL, 1, ' ', 1, 'TenantRoomCheckManage', ' ', '租房管理', 80, 7001, 'houseManage.RoomToTenantManagement', ''),
	(82, 'View,Export,Query,Examine', NULL, 0, NULL, 1, 'TenantManage', NULL, '租住审核', 80, 7002, 'houseManage.TenantManagement', ''),
	(90, ' ', NULL, 1, ' ', 0, 'Report', ' ', '查询报表', NULL, 800, ' ', ''),
	(91, 'Export,AllDeprtmentQuery', NULL, 1, ' ', 1, 'HouseManage', ' ', '房屋查询', 90, 8002, 'houseManage.HouseQuery', ''),
	(92, 'Export,AllDeprtmentQuery', NULL, 1, ' ', 1, 'HouseManage', ' ', '租客查询', 90, 8003, 'houseManage.TenantQuery', ''),
	(100, ' ', NULL, 1, ' ', 0, 'Report', ' ', '综合分析', NULL, 900, ' ', ''),
	(101, '', NULL, 1, ' ', 1, 'TemperatureReport', ' ', '区域租客增长分析', 100, 9001, 'report.TenantAreaZZReport', ''),
	(102, '', NULL, 1, ' ', 1, 'TemperatureReport', ' ', '区域房屋量化分析', 100, 9001, 'report.HouseAreaZZReport', '');
/*!40000 ALTER TABLE `authority` ENABLE KEYS */;

-- 导出  表 forestry.config 结构
DROP TABLE IF EXISTS `config`;
CREATE TABLE IF NOT EXISTS `config` (
  `id` bigint(20) NOT NULL AUTO_INCREMENT,
  `config_type` smallint(6) NOT NULL,
  `config_value` int(11) DEFAULT NULL,
  PRIMARY KEY (`id`)
) ENGINE=InnoDB AUTO_INCREMENT=3 DEFAULT CHARSET=utf8;

-- 正在导出表  forestry.config 的数据：~0 rows (大约)
DELETE FROM `config`;
/*!40000 ALTER TABLE `config` DISABLE KEYS */;
INSERT INTO `config` (`id`, `config_type`, `config_value`) VALUES
	(2, 1, 6);
/*!40000 ALTER TABLE `config` ENABLE KEYS */;

-- 导出  表 forestry.department 结构
DROP TABLE IF EXISTS `department`;
CREATE TABLE IF NOT EXISTS `department` (
  `id` bigint(20) NOT NULL AUTO_INCREMENT,
  `name` varchar(50) DEFAULT NULL COMMENT '区域名',
  `jwd` varchar(50) DEFAULT '' COMMENT '区域经纬度',
  `remark` varchar(100) DEFAULT NULL COMMENT '区域ID',
  PRIMARY KEY (`id`)
) ENGINE=InnoDB AUTO_INCREMENT=52 DEFAULT CHARSET=utf8 COMMENT='区域';

-- 正在导出表  forestry.department 的数据：~47 rows (大约)
DELETE FROM `department`;
/*!40000 ALTER TABLE `department` DISABLE KEYS */;
INSERT INTO `department` (`id`, `name`, `jwd`, `remark`) VALUES
	(5, '开发区', '121.259255,28.94201', '临海市东塍镇开发区'),
	(6, '下洋涂', '121.24987,28.929138', '临海市东塍镇下洋涂'),
	(7, '长街村', '121.273766,28.931293', '临海市东塍镇长街村'),
	(8, '九江村', '121.274837,28.928955', '临海市东塍镇长街九江村'),
	(9, '洋湖村', '121.280502,28.921605', '临海市东塍镇洋湖村'),
	(10, '车岙村', '121.267469,28.912528', '临海市东塍镇车岙村'),
	(11, '石桥村', '121.277998,28.96225', '临海市东塍镇石桥头'),
	(12, '环河村', '121.229659,28.943639', '临海市东塍镇环河社区'),
	(13, '西岙村', '121.343088,28.903234', '临海市东塍镇西岙村'),
	(14, '城塘村', '121.276422,28.931755', '临海市东塍镇城塘村'),
	(15, '山前村', '121.275468,28.92535', '临海市东塍镇山前村'),
	(16, '大祝村', '121.279082,28.919209', '临海市东塍镇大祝村'),
	(17, '浦东村', '121.343088,28.903234', '临海市东塍镇浦东村'),
	(18, '南塘村', '121.72744,29.222635', '临海市东塍镇南塘村'),
	(19, '塘里村', '121.716899,29.241105', '临海市东塍镇塘里村'),
	(20, '大湖村', '121.324163,28.93929', '临海市东塍镇大湖村'),
	(21, '新塘村', '121.777939,29.280156', '临海市东塍镇新塘村'),
	(22, '隔洋塘村', '121.807168,29.269097', '临海市东塍镇隔洋塘村'),
	(23, '李家庄村', '121.774754,29.258921', '临海市东塍镇李家庄村'),
	(24, '岳井村', '121.776267,29.26436', '临海市东塍镇岳井村'),
	(25, '岳墩村', '121.760996,29.264793', '临海市东塍镇岳墩村'),
	(26, '对岙洞村', '121.757332,29.268729', '临海市东塍镇对岙洞村'),
	(27, '上塘村', '121.777542,29.248666', '临海市东塍镇上塘村'),
	(28, '伍山村', '121.264171,28.927103', '临海市东塍镇伍山村'),
	(29, '向阳村', '121.771073,29.222534', '临海市东塍镇向阳村'),
	(30, '下湾塘村', '121.251276,28.922085', '临海市东塍镇下湾塘村'),
	(31, '月兰村', '121.754108,29.204646', '临海市东塍镇月兰村'),
	(32, '长胜村', '121.251276,28.922085', '临海市东塍镇长胜村'),
	(33, '下塘村', '121.773652,29.2375', '临海市东塍镇下塘村'),
	(34, '总浦塘村', '121.680427,29.254614', '临海市东塍镇总浦塘村'),
	(35, '宁东村', '121.690266,29.248563', '临海市东塍镇宁东村'),
	(36, '新城村', '121.676529,29.282607', '临海市东塍镇新城村'),
	(37, '龙山村', '121.696261,29.263704', '临海市东塍镇龙山村'),
	(38, '连浦村', '121.667885,29.254053', '临海市东塍镇连浦村'),
	(39, '湘田山村', '121.292677,28.937021', '临海市东塍镇湘田山村'),
	(40, '五福村', '121.679642,29.244329', '临海市东塍镇五福村'),
	(41, '山头村', '121.698725,29.22855', '临海市东塍镇山头村'),
	(42, '双家村', '121.6959,29.219353', '临海市东塍镇双家村'),
	(43, '平原村', '121.715474,29.211053', '临海市东塍镇平原村'),
	(44, '大青村', '121.667606,29.224948', '临海市东塍镇大青村'),
	(45, '东港村', '121.670677,29.2197', '临海市东塍镇东港村'),
	(46, '港中村', '121.720539,29.214538', '临海市东塍镇港中村'),
	(47, '青珠村', '121.692753,29.208759', '临海市东塍镇青珠村'),
	(48, '青农村', '121.373894,28.938866', '临海市东塍镇青农社区'),
	(49, '新五星村', '121.701176,29.202345', '临海市东塍镇新五星村'),
	(50, '文围村', '121.697781,29.185867', '临海市东塍镇文围村'),
	(51, '新南村', '121.688602,29.196437', '临海市东塍镇新南村');
/*!40000 ALTER TABLE `department` ENABLE KEYS */;

-- 导出  表 forestry.forestry 结构
DROP TABLE IF EXISTS `forestry`;
CREATE TABLE IF NOT EXISTS `forestry` (
  `id` bigint(20) NOT NULL AUTO_INCREMENT,
  `entry_time` datetime DEFAULT NULL,
  `epc_id` varchar(100) NOT NULL,
  `name` varchar(200) NOT NULL,
  `plant_time` datetime DEFAULT NULL,
  `type_id` bigint(20) NOT NULL,
  PRIMARY KEY (`id`),
  KEY `FK1BD95724536DA021` (`type_id`),
  CONSTRAINT `FK1BD95724536DA021` FOREIGN KEY (`type_id`) REFERENCES `forestry_type` (`id`)
) ENGINE=InnoDB AUTO_INCREMENT=807 DEFAULT CHARSET=utf8;

-- 正在导出表  forestry.forestry 的数据：~2 rows (大约)
DELETE FROM `forestry`;
/*!40000 ALTER TABLE `forestry` DISABLE KEYS */;
INSERT INTO `forestry` (`id`, `entry_time`, `epc_id`, `name`, `plant_time`, `type_id`) VALUES
	(802, '2013-01-01 00:00:00', '67522715.0100001.193', '白雪塔', '2013-01-01 00:00:00', 18),
	(806, '2013-01-01 00:00:00', '67522715.0100001.197', '8888', '2013-01-01 00:00:00', 24);
/*!40000 ALTER TABLE `forestry` ENABLE KEYS */;

-- 导出  表 forestry.forestry_type 结构
DROP TABLE IF EXISTS `forestry_type`;
CREATE TABLE IF NOT EXISTS `forestry_type` (
  `id` bigint(20) NOT NULL AUTO_INCREMENT,
  `name` varchar(200) NOT NULL,
  `description` longtext,
  PRIMARY KEY (`id`)
) ENGINE=InnoDB AUTO_INCREMENT=42 DEFAULT CHARSET=utf8;

-- 正在导出表  forestry.forestry_type 的数据：~39 rows (大约)
DELETE FROM `forestry_type`;
/*!40000 ALTER TABLE `forestry_type` DISABLE KEYS */;
INSERT INTO `forestry_type` (`id`, `name`, `description`) VALUES
	(1, '六角大红', '&nbsp;&nbsp;我国华东地区的传统品种之一，又称"松阳红"。小乔木状。树冠开张，不正形，树条披斜至下垂。花大红色，花瓣有70～80枚，呈6～7轮排列，中心花瓣偶现白条，中型花，直径7～8厘米，呈放射六角状，完全重瓣型；叶倒卵形，较大，叶尾较长，叶缘锯齿粗稀而浅，主脉明显，侧脉间隔明显；长势旺，开张；花期晚。\n<br>&nbsp;&nbsp;红红的花朵饱含着浓浓的诗，浓浓的诗里蕴藏着喜悦的美。六角大红花绚丽，绵绵情悠悠！<br><img src="/forestry/static/img/upload/201407/20140717103207453819.jpg" border="0" height="300" width="400"><br>'),
	(2, '克瑞墨大牡丹', '&nbsp;&nbsp;花鲜艳的红色，芳香，牡丹型，大型花，最大花径可达13cm，外轮花瓣宽大，先端近圆形，略波浪状，内部花瓣直立，呈牡丹状，少量金黄色雄蕊夹杂在花瓣之间，花朵稀疏。叶片浓绿色，椭圆形，叶脉清晰，先端叶齿明显，植株紧凑，生长旺盛，花期中。\n<br>&nbsp;&nbsp;花色鲜艳红牡丹，芳香扑鼻随风来。特别是在晴日的和煦春风中，迎风舞动的绚丽花朵，阵阵馨香，陶然自怡。<br><img src="/forestry/static/img/upload/201407/20140717103318359258.jpg" border="0"><br>'),
	(3, '越南抱茎茶', '&nbsp;&nbsp;分布在越南北部与我国云南河口接壤的地区。本原种花粉红色，泛紫色调，单瓣型至半重瓣型，小到中型花，萼片绿色，花瓣8～13枚，宽圆，排列有序，边缘内卷，肥厚肉质，花心雄蕊散生，花药金黄色，花丝粉红色，花朵稠密。叶片浓绿色，椭圆形，长15～40cm，宽6～10cm，厚革质，基部包茎，叶脉明显，植株立性，生长旺盛。花期夏季至秋季，甚至全年开花。是培育四季开花的优良亲本。<br>&nbsp;&nbsp;花粉紫色，花瓣厚，花型像海棠。叶浓绿色，长而宽，外观非茶花。夏季酷暑盛开花，一年四季常有花。花朵稠密叶片美，观花观叶需要它。<br><img src="/forestry/static/img/upload/201407/20140717103437937597.jpg" border="0"><br>'),
	(4, '烈香', '&nbsp;&nbsp;花淡粉红色，花瓣边缘粉色略深，极芳香，牡丹型，中型花，大花瓣30枚左右，波浪状，小花瓣约10枚，与少量金黄色雄蕊混生，花朵稠密。叶片淡绿色，基部近卵圆形，先端尾尖，叶齿钝，植株开张，生长旺盛。花期中至晚。<br>&nbsp;&nbsp;粉嫩的花，粉嫩的容。溢浓浓芳香，看蜂歌蝶舞。在这美丽的春天，分享多彩生活。<br><img src="/forestry/static/img/upload/201407/20140717103456156307.jpg" border="0"><br>'),
	(5, '十八学士', '&nbsp;&nbsp;十八学士是茶花中的一个珍品，深为人们所厚爱。金庸在小说中曾描述过此花，可见其珍贵。它树型优美，枝条直立，幼枝深褐色。叶片深绿，富光泽。单花顶生，着花量多，花开树冠内外。重瓣型，花瓣层次分明，排列有序，十分美观。常见的花色有朱红、绯红、粉红、全白诸色，都是单色系的。<br>&nbsp;&nbsp;十八学士有红十八学士、花十八学士和白十八学士三个品种。<br>&nbsp;&nbsp;十八学士三姊妹，争相盛开，竞芳容。朵朵小巧又细腻、秀雅的花朵，完美无缺，百看不厌，系我国传统茶花名种之精品也。<br><img src="/forestry/static/img/upload/201407/20140717103514578615.jpg" border="0"><br>'),
	(6, '金花茶', '&nbsp;&nbsp;金花茶是一种古老的植物，极为罕见，分布极其狭窄，全世界90%的野生金花茶仅分布于我国广西防城港市十万大山的兰山支脉一带，生长于海拔700米以下，以海拔200-500米之间的范围较常见，垂直分布的下限为海拔20米左右。与银杉、桫椤、珙桐等珍贵“植物活化石”齐名，是我国八种国家一级保护植物之一，属《濒危野生动植物种国际贸易公约》附录Ⅱ中的植物种，国外称之为神奇的东方魔茶，被誉为“茶族皇后”。 1960年，我国科学工作者首次在广西南宁一带发现了一种金黄色的山茶花，被命名为金花茶，金花茶的发现轰动了全球园艺界、新闻界，受了国内外园艺学家的高度重视。认为它是培育金黄色山茶花品种的最优良原始材料。<br>&nbsp;&nbsp;金花茶花蜡黄色，单瓣型，其花梗下垂，形态美观。金瓣玉蕊，蜡质金黄，晶莹光洁，高贵雅致。金花茶是世界花坛中唯一具有金黄色花瓣，被誉为“世界珍品、茶族皇后”，象征着幸运、财富与健康。叶片浓绿色，椭圆形，中脉凹陷，边缘有锯齿，植株立性，生长旺盛。花期冬季到春季。<br><img src="/forestry/static/img/upload/201407/20140717103533031828.jpg" border="0"><br>'),
	(7, '张氏红山茶', '&nbsp;&nbsp;张氏红山茶又叫杜鹃红山茶，或“假大头茶”， 栽培上也称为“杜鹃茶”，属于山茶属，是常绿小乔木。张氏红山茶是一个极其珍稀的山茶品种，目前全世界仅在广东省阳春县鹅凰嶂省级自然保护区内发现，我国特有种。<br>&nbsp;&nbsp;花鲜艳的红色，单瓣型，中到大型花，萼片绿色，花瓣5-9枚，倒卵形，先端略凹，雄蕊基部连生呈管状，花丝红色，花药金黄色，花朵稠密，可结果实，蜡烛状的花蕾顶生或腋生。叶片浓绿色，狭倒卵形，革质，叶面光亮碧绿，边缘和叶面光滑；叶片在枝条上半直立，似杜鹃树的叶片。树体呈矮冠状，枝条光滑，嫩梢红色，枝叶密、紧凑。花期夏季至秋季，有时全年开花。是不可多得的培育四季开花的育种亲本。<br>&nbsp;&nbsp;花艳蕾丽四季盛开皆是春，株健叶亮八方花迷齐称绝。奇特山茶一鸣惊人天下知，观花观叶育新种首屈一指。<br><img src="/forestry/static/img/upload/201407/20140717103556687409.jpg" border="0"><br>'),
	(8, '南山茶', '&nbsp;&nbsp;广东省西南部的广宁、清远、德庆、信宜一带以及广西壮族自治区的东南部，海拔250～500米。南山茶是一种具有明显主干的小乔木，叶片漂亮，闪闪发亮，叶脉凹陷。花朵硕大，花径有8.0-10.5厘米，红色，但是植株间变异很大，花冠多为半开放，单花顶生或腋生。蒴果卵球形，挂在树枝上似苹果，甚是漂亮。南山茶叶片和花朵很漂亮，是亚热带地区园林绿化树种的上品。<br><img src="/forestry/static/img/upload/201407/20140717103615640930.jpg" border="0"><br>'),
	(9, '并蒂嫦娥', '&nbsp;&nbsp;花粉红色，两个花心，有时3-4个，完全重瓣型，花径有6-10cm，花期中。叶片阔椭圆形，叶面平整，枝条开张，长势旺盛。此品种为从“嫦娥”上分离出的变种，因两朵花并蒂而生，故取并蒂嫦娥。<br><img src="/forestry/static/img/upload/201407/20140717103638234492.jpg" border="0"><br><img src="/forestry/static/img/upload/201407/20140717103647546014.jpg" border="0"><br>'),
	(10, '小桃红', '&nbsp;&nbsp;小桃红别名叫“春雨”、“宫粉”、“广东粉”，在日本叫“乙女”，在西方国家叫“Pink Perfection”(粉十全十美)。<br>&nbsp;&nbsp;花桃粉红色，具光泽，完全重瓣型，小型花，花瓣60-90枚，卵圆形，先端圆，排列整齐，隐约可见较深的细脉纹，花量大。叶片浓绿色，椭圆形，中等大小，侧脉清晰，厚质，幼芽绿色，植株开张，生长旺盛。花期早至晚。<br>&nbsp;&nbsp;浙江平湖茶花诗人陆明望先生有感本品种写道：“桃红月貌美如仙，海外侨商佩胸前。玛瑙珍珠垂泪咽，茶花沸腾贵人间。”的确如此，早花国庆开，晚花至春末，一树小桃红，花意表真情。<br><img src="/forestry/static/img/upload/201407/20140717103737703392.jpg" border="0"><br>'),
	(11, '金盘荔枝', '&nbsp;&nbsp;我国华东和四川一带，别名“元宝”、“金盘托荔”、“铁壳宝珠”、“大红宝珠”等。<br>&nbsp;&nbsp;花大红色，略有蜡质感，托桂型，中型花，外轮大花瓣宽圆，呈盘状排列，先端略凹，花心雄蕊密集呈球状，有少量白斑，偶有金黄色雄蕊混生，花蕾萼片褐色，花量中等。叶片浓绿色，椭圆形，厚质，叶脉有明显，嫩芽、嫩叶、嫩枝及叶柄均为紫红色，植株紧凑，生长旺盛。花期中至晚。<br>&nbsp;&nbsp;大瓣托小瓣，红红密密的，盛花时节像闪闪红星。那是含笑传神的眼睛，缀在我们的心幕上，饱含着对我国传统品种的感情。<br><img src="/forestry/static/img/upload/201407/20140717103759093418.jpg" border="0"><br>'),
	(12, '冬星', '&nbsp;&nbsp;花粉红色，单瓣至半重瓣，中型花，单瓣型，花瓣6枚，长圆形，平铺，边缘略皱褶或波浪状，排列似星状，花心有雄蕊，花药橘红色，花朵稠密。叶片浓绿色，小椭圆形，植株半开张，生长中等。花期中。<br><img src="/forestry/static/img/upload/201407/20140717103834468990.jpg" border="0"><br>'),
	(13, '红露珍', '&nbsp;&nbsp;红露珍原产我国华东一带。花深红色，牡丹型，中到大型花，外轮大花瓣1-2轮，边缘波浪状，中心花瓣半直立，不规则扭曲，呈牡丹状，有金黄色雄蕊混生，花量中等。花期早至中。叶绿色，边缘下卷，长势旺，可以做嫁接茶花的砧木，是优良的园艺品种。做行道树开花时甚是壮观。从该品种上分离出花露珍和彩叶红露珍。<br><img src="/forestry/static/img/upload/201407/20140717103904015839.jpg" border="0"><br>'),
	(14, '黑牡丹', '&nbsp;&nbsp;花粉红色至红色，半重瓣，中型花，花期中至晚。叶背及幼枝有绒毛。<br><img src="/forestry/static/img/upload/201407/20140717103925234138.jpg" border="0"><br>'),
	(15, '粉芙蓉', '&nbsp;&nbsp;花粉红色，托桂型至牡丹型，外轮花瓣宽大，内轮花瓣直立，部分雄蕊瓣化，偶见黄色雄蕊，中型花，花期中至晚。<br><img src="/forestry/static/img/upload/201407/20140717103949671669.jpg" border="0"><br>'),
	(16, '紫金冠', '&nbsp;&nbsp;花暗红色，托桂至牡丹型，外轮花瓣宽大，内轮花瓣细碎直立，中型花，花朵稠密。花期中至晚。<br><img src="/forestry/static/img/upload/201407/20140717104008890012.jpg" border="0"><br>'),
	(17, '红十样锦', '&nbsp;&nbsp;花粉红色泛紫色调，花瓣略皱折，边缘内卷，花瓣中间点缀金黄色的雄蕊，俏皮可爱。半重瓣至牡丹型，大型花,花期中至晚。叶片绿色，枝条半开张，长势旺。<br><img src="/forestry/static/img/upload/201407/20140717104038140016.jpg" border="0"><br>'),
	(18, '白雪塔', '&nbsp;&nbsp;“苎萝美人含笑靥，玉真妃子披冰纱。”清代吴照在诗中把白茶花喻为西施和杨贵妃。席慕容在《白色山茶花》中这样描述她对白茶花的感觉：“我每次走过一棵开花的树，都不得不惊讶与屏息于生命的美丽。”<br>&nbsp;&nbsp;白雪塔花色洁白如雪，花姿晶莹秀美，花韵高洁清雅，实为白茶花的极品，花瓣阔卵圆形，先端有小缺口，边缘略外翻，覆瓦状排列；花完全重瓣型，中型花，花期早至中；叶片绿色，先端略扭曲，植株长势中等。我国浙江、福建、江西、湖南一带品种。<br><img src="/forestry/static/img/upload/201407/20140717104101687363.jpg" border="0"><br>'),
	(19, '白五色芙蓉', '&nbsp;&nbsp;花白色为主，有时出现浅粉色、粉红色，一株多色，以为是嫁接了不同茶花品种，其实不然。花型也不只托桂型，还有牡丹型，多数雄蕊瓣化，花瓣姿态丰富，或直立或扭曲；叶片绿色，植株立性，生长中等。<br>&nbsp;&nbsp;这四朵花就是在一株树上拍到的，茶花很美吧，大自然是不是很神奇，赐予我们人类如多彩的茶花。<br><img src="/forestry/static/img/upload/201407/20140717104122937509.jpg" border="0"><img src="/forestry/static/img/upload/201407/20140717104136265915.jpg" border="0"><img src="/forestry/static/img/upload/201407/20140717104147125900.jpg" border="0"><br><img src="/forestry/static/img/upload/201407/20140717104158968808.jpg" border="0"><br>'),
	(20, '红皮糙果茶', '&nbsp;&nbsp;别名：克氏茶；山茶科山茶属常绿乔木，树形优美，由香港前林务监督于1903年在香港柏架山首次发现。其树皮橙红色；花大，白色；花期10~12月，硕果球形，铁锈色，果皮粗糙，且十分坚硬。喜温暖湿润气候；为优良的观茎、观花、观果、观姿植物，也是重要的油料植物。现被列为国家二级保护植物。<br><img src="/forestry/static/img/upload/201407/20140717104232500906.jpg" border="0"><br>'),
	(21, '四面景+金盘荔枝', '&nbsp;&nbsp;花色相同，花型不同的茶花嫁接于一株，浑然一体，很难分瓣，根据下面的描述，您能分瓣出哪枝是四面景，哪枝是金盘荔枝吗？<br>&nbsp;&nbsp;四面景：花红色，牡丹型，花瓣卷曲，瓣间金黄色雄蕊象捉迷藏的孩子，闪现其中，惹人爱，中型花，花期中至晚。<br>&nbsp;&nbsp;金盘荔枝：花大红色，略有蜡质感，托桂型，中型花，外轮大花瓣宽圆，呈盘状排列，先端略凹，花心雄蕊密集呈球状，有少量白斑，偶有金黄色雄蕊混生，花蕾萼片褐色，花量中等。叶片浓绿色，椭圆形，厚质，植株紧凑，生长旺盛。花期中至晚。<br><img src="/forestry/static/img/upload/201407/20140717104300500277.jpg" border="0"><img src="/forestry/static/img/upload/201407/20140717104320906776.jpg" border="0">'),
	(24, '山茶之都', '&nbsp;&nbsp;花粉红色，花瓣扭曲，花径达13cm，大型花，花型托桂型到牡丹型。叶绿色，叶脉明显，长势旺；开张；花期中。<br>&nbsp;&nbsp;花朵中微露的花蕊，引来蜂蝶无数，娇嫩花朵喜迎春，豪性绽放，蕊瓣互融，美妙胜过别的花。<br>&nbsp;&nbsp;本品种由美国加州M.Rowell先生从品种“道克”的实生苗中选育而得，1972年公布。<br><img src="/forestry/static/img/upload/201407/20140717104610828326.jpg" border="0"><br>'),
	(25, '荷花片', '&nbsp;&nbsp;花白色，带红色条斑，完全重瓣型，偶见花蕊，中型花。叶片绿色，椭圆形，植物立性，生长中等，花期中。<br><img src="/forestry/static/img/upload/201407/20140717104629140679.jpg" border="0"><br>'),
	(26, '大苞山茶', '&nbsp;&nbsp;花白色，有时瓣缘泛粉红色，花径看一看图片有多大，单花顶生。叶片长椭圆形，先端渐尖，基部圆形，长8.0-15.0厘米，宽2.0-5.5厘米，边缘具齿。乔木，高可达8米。本原种树形美观，叶片碧绿，花量大，耐阳性强，作为园林树种的应用有巨大的潜力。在香港特别行政区本原种的中文名为“葛量洪茶”。<br><img src="/forestry/static/img/upload/201407/20140717104646984666.jpg" border="0"><br>'),
	(27, '阳春红', '&nbsp;&nbsp;花粉紫色，偶有白班，托桂型至牡丹型，小型花，花期早，并且花量大。植株半开张，生长中等。<br><img src="/forestry/static/img/upload/201407/20140717104709171021.jpg" border="0"><br>'),
	(28, '革命旗', '&nbsp;&nbsp;花红色，偏粉；牡丹型，花瓣皱褶，似绢花；中型花；花期中；植物立性；生长中等。<br><img src="/forestry/static/img/upload/201407/20140717104729687091.jpg" border="0"><br>'),
	(29, '通草片', '&nbsp;&nbsp;花浅粉红色，瓣缘色深，中央花瓣细碎，完全重瓣型，中型花。花期中，植株立性。<br><img src="/forestry/static/img/upload/201407/20140717104749750295.jpg" border="0"><br>'),
	(30, '朱砂莲', '&nbsp;&nbsp;花红色，泛紫色调，完全重瓣型，中型花。花期中，植株立性，长势中等。<br><img src="/forestry/static/img/upload/201407/20140717104810562378.jpg" border="0"><br>'),
	(31, '六角白', '&nbsp;&nbsp;花纯白色，花瓣呈六角，完全重瓣型，中型花，花期晚，植株立性，生长慢。<br><img src="/forestry/static/img/upload/201407/20140717104830578881.jpg" border="0"><br>'),
	(32, '天鹅湖', '&nbsp;&nbsp;花纯白色，花瓣基部泛淡黄色调，牡丹型，大型花，花期早。植物株半开张，生长慢。<br><img src="/forestry/static/img/upload/201407/20140717104847968298.jpg" border="0"><br>'),
	(33, '红露珍+紫金冠', '&nbsp;&nbsp;红露珍原产我国华东一带。花深红色，牡丹型，中到大型花，外轮大花瓣1-2轮，边缘波浪状，中心花瓣半直立，不规则扭曲，呈牡丹状，有金黄色雄蕊混生，花量中等。<br>&nbsp;&nbsp;紫金冠，花暗红色，托桂至牡丹型，外轮花瓣宽大，内轮花瓣细碎直立，中型花，花朵稠密。花期中至晚。<br>&nbsp;&nbsp;一株两个品种，你能通过描述找到哪个是红露珍，哪个是紫金冠吗？<br><img src="/forestry/static/img/upload/201407/20140717104909593829.jpg" border="0"><img src="/forestry/static/img/upload/201407/20140717104917671410.jpg" border="0">'),
	(34, '达婷', '&nbsp;&nbsp;花紫红色，玫瑰重瓣型至牡丹型，大型花，花瓣宽圆，排列松散，瓣面可见清晰深红色脉纹，花心偶有小花瓣出现和金黄色雄蕊外露，花朵稠密。植物开张，生长旺盛。花期早至晚。<br><img src="/forestry/static/img/upload/201407/20140717104943031272.jpg" border="0"><br>'),
	(35, '埃尔西朱瑞', '&nbsp;&nbsp;花活泼的粉红色，略泛紫色调，牡丹型，大至巨型花，最大花径可达14厘米。植物开张，生长慢，花期中至晚。<br><img src="/forestry/static/img/upload/201407/20140717105003703743.jpg" border="0"><br>'),
	(36, '凹脉金花茶+金花茶', '&nbsp;&nbsp;这两个金花茶共性都开黄色的花，但花大小不同，色泽也有区别。凹脉金花茶听名字就知叶脉凹于叶面，蕾比花的观赏性还要强，花小。金花茶花大，通过这个性状，现在是不是能区分出两种金花茶了吧。<br><img src="/forestry/static/img/upload/201407/20140717105028187669.jpg" border="0"><img src="/forestry/static/img/upload/201407/20140717105035578676.jpg" border="0">'),
	(37, '黛比+冬星', '&nbsp;&nbsp;通过叶片和花你能分辨出这一株有几个茶花品种吗？没分出来也没关系，下面的解释会帮助你认识它们。黛比：花深粉红色，泛紫色调，牡丹型，外轮大花瓣，中部大小花瓣混生，象个绣球，中到大型花。叶片有些发黄，如果认为它生长不良，那你就错了，那是它本色。梦船：花粉红色，单瓣型，中型花，花心有雄蕊，花朵稠密。植物半开张，生长中等。花期中。<br><img src="/forestry/static/img/upload/201407/20140717105059312322.jpg" border="0"><img src="/forestry/static/img/upload/201407/20140717105115968487.jpg" border="0">'),
	(38, '克瑞墨+帕克斯+玛丽安', '&nbsp;&nbsp;克瑞墨曾介绍过，让我们认识其他两个品种。帕克斯是美国帕克斯先生培育出的一个杂交种。花艳红色，牡丹型，巨型花，最大花径可达15厘米，花瓣宽大，波浪状并略扭曲，花心偶见金黄色雄蕊混生。叶片波绿，叶片粗糙，叶缘锯齿粗。植物半开张，生长旺盛。玛丽安，花红色，具清香气味，托桂型至牡丹型，中到大型花，外轮花瓣宽圆，略呈波浪状，中部花瓣直立扭曲，象个绣球。三个红色的茶花同时开放，你能辨别出来吗？<br><img src="/forestry/static/img/upload/201407/20140717105142734321.jpg" border="0"><img src="/forestry/static/img/upload/201407/20140717105150515707.jpg" border="0"><img src="/forestry/static/img/upload/201407/20140717105157953660.jpg" border="0">'),
	(39, '加勒比松', '&nbsp;&nbsp;这些加勒比松是嫁接的，长到这么粗壮高大，能猜出长了多少年。加勒比松，别名古巴松，树干通直，自然整枝能力强，是良好的风景林和用材林。在它下面种植茶花，就是利用它宽大的冠幅为茶花遮蔽烈日。<br><img src="/forestry/static/img/upload/201407/20140717105216937885.jpg" border="0"><br>'),
	(40, '凤凰木', '&nbsp;&nbsp;取名于“叶如飞凰之羽，花若丹凤之冠”。别名金凤花、红花楹树、火树、洋楹等，凤凰木因鲜红或橙色的花朵配合鲜绿色的羽状复叶，被誉为世上最色彩鲜艳的树木之一。它是非洲马达加斯加共和国的国树、厦门市、台湾台南市、四川攀枝花市的市树,民国时期广东湛江市的市花。凤凰木植株高大，可达20公尺以上。由于树冠横展而下垂，浓密阔大而招风，在热带地区担任遮荫树的角色。性喜高温、多日的环境，必须在阳光充足处方能繁茂生长。分布于中国南部及西南部、原产地马达加斯加及世界各热带地方。我们就是利用它阔大的树冠来为茶花遮荫。<br><img src="/forestry/static/img/upload/201407/20140717105231203294.jpg" border="0"><br>'),
	(41, '毛桃木莲', '&nbsp;&nbsp;&nbsp; 毛桃木莲为木兰科木莲属常绿大乔木，因其花、果倒挂于植株枝头，又名垂果木莲。树形挺拔秀丽，树叶秀美奇特，花大芳香。毛桃木莲因具有观花、观叶和赏果的效果，是绿化、美化环境和庭园观赏的理想树种。<br>&nbsp;&nbsp;&nbsp; 在春风的滋润下，生长的嫩枝、嫩叶，在阳光照射下熠熠生辉，充满着生机和活力。初夏在绿叶丛中，当花朵缓缓绽开时，宛如一朵朵倒挂的“莲花”，一阵阵沁人心脾的芳香，从刚刚绽放的花朵中逸出。金秋时节，果实成熟，卵圆形的，果黄中透红，在绿叶丛中缀满枝头。<br><img src="http://localhost:8080/forestry/static/img/upload/201508/20150820132847609655.jpg" height="313" border="0" width="471"><br>');
/*!40000 ALTER TABLE `forestry_type` ENABLE KEYS */;

-- 导出  表 forestry.house 结构
DROP TABLE IF EXISTS `house`;
CREATE TABLE IF NOT EXISTS `house` (
  `id` bigint(20) NOT NULL AUTO_INCREMENT,
  `houseTypeId` bigint(20) DEFAULT '-1' COMMENT '房屋类型ID',
  `houseTypeName` varchar(200) DEFAULT '' COMMENT '房屋类型名',
  `houseAddress` varchar(200) DEFAULT '' COMMENT '房屋地址',
  `houseName` varchar(200) DEFAULT '' COMMENT '房屋名称',
  `houseDesc` varchar(255) DEFAULT '' COMMENT '房屋描述',
  `houseMapLocation` varchar(255) DEFAULT '' COMMENT '房屋地图信息',
  `houseTwoDimensionalCode` varchar(250) DEFAULT '' COMMENT '房屋二维码图片',
  `houseImage` varchar(250) DEFAULT '' COMMENT '房屋照片',
  `houseOwnerId` bigint(20) DEFAULT '-1' COMMENT '房东ID',
  `houseOwnerName` varchar(200) DEFAULT '' COMMENT '房东姓名',
  `registDate` date DEFAULT NULL COMMENT '注册时间',
  `departmentId` bigint(20) DEFAULT '-1' COMMENT '所属部门ID',
  `departmentName` varchar(50) DEFAULT '' COMMENT '所属部门名',
  `checkOpion` varchar(50) DEFAULT '未审核',
  `checkerId` bigint(20) DEFAULT '-1' COMMENT '审核者ID',
  `checkerName` varchar(50) DEFAULT '' COMMENT '审核者姓名',
  `checkDate` date DEFAULT NULL COMMENT '审核时间',
  `manageDepartmentId` varchar(200) DEFAULT NULL,
  `manageDepartmentName` varchar(200) DEFAULT NULL,
  PRIMARY KEY (`id`)
) ENGINE=InnoDB AUTO_INCREMENT=549 DEFAULT CHARSET=utf8;

-- 正在导出表  forestry.house 的数据：~394 rows (大约)
DELETE FROM `house`;
/*!40000 ALTER TABLE `house` DISABLE KEYS */;
INSERT INTO `house` (`id`, `houseTypeId`, `houseTypeName`, `houseAddress`, `houseName`, `houseDesc`, `houseMapLocation`, `houseTwoDimensionalCode`, `houseImage`, `houseOwnerId`, `houseOwnerName`, `registDate`, `departmentId`, `departmentName`, `checkOpion`, `checkerId`, `checkerName`, `checkDate`, `manageDepartmentId`, `manageDepartmentName`) VALUES
	(34, 1, '自建房', '台州市临海市东塍镇测试地址34', '100-1', '', '台州市临海市东塍镇测试地址34', 'house_34.png', '0', 10, '石柔石', NULL, 5, '开发区', '同意', 1, '超级管理员', '2020-05-10', NULL, NULL),
	(59, 1, '自建房', '台州市临海市东塍镇测试地址59', '东', '', '台州市临海市东塍镇测试地址59', 'house_59.png', '0', 9, '任斌周', NULL, 5, '开发区', '同意', 1, '超级管理员', '2020-05-10', NULL, NULL),
	(76, 1, '自建房', '台州市临海市东塍镇测试地址76', '自建房', '', '台州市临海市东塍镇测试地址76', 'house_76.png', '0', 20, '宗金冯', NULL, 41, '山头村', '同意', 1, '超级管理员', '2020-06-15', NULL, NULL),
	(113, 1, '自建房', '台州市临海市东塍镇测试地址113', '自建房', '', '台州市临海市东塍镇测试地址113', 'house_113.png', '0', 21, '宗辉冯', NULL, 41, '山头村', '同意', 1, '超级管理员', '2020-06-15', NULL, NULL),
	(114, 1, '自建房', '台州市临海市东塍镇测试地址114', '自建房', '', '台州市临海市东塍镇测试地址114', 'house_114.png', '0', 22, '功娟蔡', NULL, 41, '山头村', '同意', 1, '超级管理员', '2020-06-15', NULL, NULL),
	(115, 1, '自建房', '台州市临海市东塍镇测试地址115', '自建房', '', '台州市临海市东塍镇测试地址115', 'house_115.png', '', 23, '根翠梅', '2020-05-09', 41, '山头村', '同意', 1, '超级管理员', '2020-06-15', NULL, NULL),
	(116, 1, '自建房', '台州市临海市东塍镇测试地址116', '自建房', '', '台州市临海市东塍镇测试地址116', 'house_116.png', '', 24, '宗达冯', '2020-05-09', 41, '山头村', '同意', 1, '超级管理员', '2020-06-15', NULL, NULL),
	(118, 1, '自建房', '台州市临海市东塍镇测试地址118', '自建房', '', '台州市临海市东塍镇测试地址118', 'house_118.png', '', 25, '密芳芦', '2020-05-09', 41, '山头村', '同意', 1, '超级管理员', '2020-06-15', NULL, NULL),
	(119, 1, '自建房', '台州市临海市东塍镇测试地址119', '自建房', '', '台州市临海市东塍镇测试地址119', 'house_119.png', '', 26, '爱兵王', '2020-05-09', 41, '山头村', '同意', 1, '超级管理员', '2020-06-15', NULL, NULL),
	(120, 1, '自建房', '台州市临海市东塍镇测试地址120', '自建房', '', '台州市临海市东塍镇测试地址120', 'house_120.png', '', 27, '宗茂冯', '2020-05-09', 41, '山头村', '同意', 1, '超级管理员', '2020-06-15', NULL, NULL),
	(122, 1, '自建房', '台州市临海市东塍镇测试地址122', '自建房', '', '台州市临海市东塍镇测试地址122', 'house_122.png', '', 28, '哲贵林', '2020-05-09', 41, '山头村', '同意', 1, '超级管理员', '2020-06-15', NULL, NULL),
	(123, 1, '自建房', '台州市临海市东塍镇测试地址123', '自建房', '', '台州市临海市东塍镇测试地址123', 'house_123.png', '', 29, '国平徐', '2020-05-10', 41, '山头村', '同意', 1, '超级管理员', '2020-06-15', NULL, NULL),
	(124, 1, '自建房', '台州市临海市东塍镇测试地址124', '自建房', '', '台州市临海市东塍镇测试地址124', 'house_124.png', '', 39, '浩明冯', '2020-05-10', 41, '山头村', '同意', 1, '超级管理员', '2020-06-15', NULL, NULL),
	(125, 1, '自建房', '台州市临海市东塍镇测试地址125', '自建房', '', '台州市临海市东塍镇测试地址125', 'house_125.png', '', 30, '善华蒋', '2020-05-10', 41, '山头村', '同意', 1, '超级管理员', '2020-06-15', NULL, NULL),
	(126, 1, '自建房', '台州市临海市东塍镇测试地址126', '自建房', '', '台州市临海市东塍镇测试地址126', 'house_126.png', '', 32, '在贤陈', '2020-05-10', 41, '山头村', '同意', 1, '超级管理员', '2020-06-15', NULL, NULL),
	(127, 1, '自建房', '台州市临海市东塍镇测试地址127', '自建房', '', '台州市临海市东塍镇测试地址127', 'house_127.png', '', 33, '林林叶', '2020-05-10', 41, '山头村', '同意', 1, '超级管理员', '2020-06-15', NULL, NULL),
	(128, 1, '自建房', '台州市临海市东塍镇测试地址128', '自建房', '', '台州市临海市东塍镇测试地址128', 'house_128.png', '', 34, '勤秋何', '2020-05-10', 41, '山头村', '同意', 1, '超级管理员', '2020-06-15', NULL, NULL),
	(129, 1, '自建房', '台州市临海市东塍镇测试地址129', '自建房', '', '台州市临海市东塍镇测试地址129', 'house_129.png', '', 35, '善兴潘', '2020-05-10', 41, '山头村', '未审核', 1, '超级管理员', '2020-06-15', NULL, NULL),
	(130, 1, '自建房', '台州市临海市东塍镇测试地址130', '一楼', '', '台州市临海市东塍镇测试地址130', 'house_130.png', '', 36, '能校葛', '2020-05-10', 41, '山头村', '同意', 1, '超级管理员', '2020-06-15', NULL, NULL),
	(131, 1, '自建房', '台州市临海市东塍镇测试地址131', '自建房', '', '台州市临海市东塍镇测试地址131', 'house_131.png', '', 37, '荣国王', '2020-05-10', 41, '山头村', '同意', 1, '超级管理员', '2020-06-15', NULL, NULL),
	(132, 1, '自建房', '台州市临海市东塍镇测试地址132', '自建房', '', '台州市临海市东塍镇测试地址132', 'house_132.png', '', 40, '林华蒋', '2020-05-10', 41, '山头村', '同意', 1, '超级管理员', '2020-06-15', NULL, NULL),
	(133, 1, '自建房', '台州市临海市东塍镇测试地址133', '自建房', '', '台州市临海市东塍镇测试地址133', 'house_133.png', '', 41, '宗伟徐', '2020-05-10', 41, '山头村', '同意', 1, '超级管理员', '2020-06-15', NULL, NULL),
	(134, 1, '自建房', '台州市临海市东塍镇测试地址134', '自建房', '', '台州市临海市东塍镇测试地址134', 'house_134.png', '', 42, '传斋冯', '2020-05-10', 41, '山头村', '同意', 1, '超级管理员', '2020-06-15', NULL, NULL),
	(135, 1, '自建房', '台州市临海市东塍镇测试地址135', '山头庙', '', '台州市临海市东塍镇测试地址135', 'house_135.png', '', 43, '相旺李', '2020-05-10', 41, '山头村', '同意', 1, '超级管理员', '2020-06-15', NULL, NULL),
	(136, 1, '自建房', '台州市临海市东塍镇测试地址136', '自建房', '', '台州市临海市东塍镇测试地址136', 'house_136.png', '', 44, '松标冯', '2020-05-10', 41, '山头村', '同意', 1, '超级管理员', '2020-06-15', NULL, NULL),
	(137, 1, '自建房', '台州市临海市东塍镇测试地址137', '自建房', '', '台州市临海市东塍镇测试地址137', 'house_137.png', '', 45, '善雷冯', '2020-05-10', 41, '山头村', '同意', 1, '超级管理员', '2020-06-15', NULL, NULL),
	(138, 1, '自建房', '台州市临海市东塍镇测试地址138', '自建房', '', '台州市临海市东塍镇测试地址138', 'house_138.png', '', 46, '钱峰冯', '2020-05-10', 41, '山头村', '同意', 1, '超级管理员', '2020-06-15', NULL, NULL),
	(139, 1, '自建房', '台州市临海市东塍镇测试地址139', '自建房', '', '台州市临海市东塍镇测试地址139', 'house_139.png', '', 47, '忠辉蒋', '2020-05-10', 41, '山头村', '同意', 1, '超级管理员', '2020-06-15', NULL, NULL),
	(140, 1, '自建房', '台州市临海市东塍镇测试地址140', '自建房', '', '台州市临海市东塍镇测试地址140', 'house_140.png', '', 48, '宗飞冯', '2020-05-10', 41, '山头村', '同意', 1, '超级管理员', '2020-06-15', NULL, NULL),
	(141, 1, '自建房', '台州市临海市东塍镇测试地址141', '自建房', '', '台州市临海市东塍镇测试地址141', 'house_141.png', '', 49, '孝通陈', '2020-05-10', 41, '山头村', '同意', 1, '超级管理员', '2020-06-15', NULL, NULL),
	(142, 1, '自建房', '台州市临海市东塍镇测试地址142', '自建房', '', '台州市临海市东塍镇测试地址142', 'house_142.png', '', 50, '小春徐', '2020-05-10', 41, '山头村', '同意', 1, '超级管理员', '2020-06-15', NULL, NULL),
	(143, 1, '自建房', '台州市临海市东塍镇测试地址143', '自建房', '', '台州市临海市东塍镇测试地址143', 'house_143.png', '', 51, '芳菲胡', '2020-05-10', 41, '山头村', '同意', 1, '超级管理员', '2020-06-15', NULL, NULL),
	(144, 1, '自建房', '台州市临海市东塍镇测试地址144', '自建房', '', '台州市临海市东塍镇测试地址144', 'house_144.png', '', 52, '振建王', '2020-05-10', 9, '洋湖村', '同意', 1, '超级管理员', '2020-06-03', NULL, NULL),
	(146, 1, '自建房', '台州市临海市东塍镇测试地址146', '自建房', '', '台州市临海市东塍镇测试地址146', 'house_146.png', '', 54, '恩娟何', '2020-05-10', 9, '洋湖村', '同意', 1, '超级管理员', '2020-06-03', NULL, NULL),
	(147, 1, '自建房', '台州市临海市东塍镇测试地址147', '自建房', '', '台州市临海市东塍镇测试地址147', 'house_147.png', '', 55, '远江胡', '2020-05-10', 9, '洋湖村', '同意', 1, '超级管理员', '2020-06-03', NULL, NULL),
	(148, 1, '自建房', '台州市临海市东塍镇测试地址148', '青珠塘', '', '台州市临海市东塍镇测试地址148', 'house_148.png', '', 56, '邦友罗', '2020-05-10', 47, '青珠村', '同意', 1, '超级管理员', '2020-05-13', NULL, NULL),
	(149, 1, '自建房', '台州市临海市东塍镇测试地址149', '青珠塘（下公和）', '', '台州市临海市东塍镇测试地址149', 'house_149.png', '', 56, '邦友罗', '2020-05-11', 49, '新五星村', '同意', 1, '超级管理员', '2020-05-13', NULL, NULL),
	(150, 1, '自建房', '台州市临海市东塍镇测试地址150', '自建房', '', '台州市临海市东塍镇测试地址150', 'house_150.png', '', 57, '品海仇', '2020-05-11', 44, '大青村', '同意', 1, '超级管理员', '2020-05-13', NULL, NULL),
	(151, 1, '自建房', '台州市临海市东塍镇测试地址151', '自建房', '', '台州市临海市东塍镇测试地址151', 'house_151.png', '', 58, '家兵郭', '2020-05-11', 35, '宁东村', '同意', 1, '超级管理员', '2020-05-13', NULL, NULL),
	(152, 1, '自建房', '台州市临海市东塍镇测试地址152', '自建房', '', '台州市临海市东塍镇测试地址152', 'house_152.png', '', 59, '海霞王', '2020-05-11', 29, '向阳村', '同意', 1, '超级管理员', '2020-05-13', NULL, NULL),
	(153, 1, '自建房', '台州市临海市东塍镇测试地址153', '自建房', '', '台州市临海市东塍镇测试地址153', 'house_153.png', '', 60, '俊良苏', '2020-05-11', 47, '青珠村', '同意', 1, '超级管理员', '2020-05-13', NULL, NULL),
	(154, 1, '自建房', '台州市临海市东塍镇测试地址154', '自建房', '', '台州市临海市东塍镇测试地址154', 'house_154.png', '', 61, '光祖徐', '2020-05-11', 31, '月兰村', '同意', 1, '超级管理员', '2020-05-13', NULL, NULL),
	(155, 1, '自建房', '台州市临海市东塍镇测试地址155', '自建房', '', '台州市临海市东塍镇测试地址155', 'house_155.png', '', 62, '伟成谢', '2020-05-11', 7, '长街村', '未审核', 1, '超级管理员', '2020-05-13', NULL, NULL),
	(156, 1, '自建房', '台州市临海市东塍镇测试地址156', '自建房', '', '台州市临海市东塍镇测试地址156', 'house_156.png', '', 63, '苏佩苏', '2020-05-11', 47, '青珠村', '同意', 1, '超级管理员', '2020-05-13', NULL, NULL),
	(157, 1, '自建房', '台州市临海市东塍镇测试地址157', '自建房', '', '台州市临海市东塍镇测试地址157', 'house_157.png', '', 64, '春华张', '2020-05-11', 47, '青珠村', '同意', 1, '超级管理员', '2020-05-13', NULL, NULL),
	(158, 1, '自建房', '台州市临海市东塍镇测试地址158', '自建房', '', '台州市临海市东塍镇测试地址158', 'house_158.png', '', 65, '志永苏', '2020-05-11', 47, '青珠村', '同意', 1, '超级管理员', '2020-06-16', NULL, NULL),
	(159, 1, '自建房', '台州市临海市东塍镇测试地址159', '自建房', '', '台州市临海市东塍镇测试地址159', 'house_159.png', '', 66, '道通王', '2020-05-11', 16, '大祝村', '未审核', 1, '超级管理员', '2020-05-13', NULL, NULL),
	(160, 1, '自建房', '台州市临海市东塍镇测试地址160', '新五星优农果蔬专业合作宿舍', '', '台州市临海市东塍镇测试地址160', 'house_160.png', '', 67, '永其陈', '2020-05-11', 49, '新五星村', '同意', 1, '超级管理员', '2020-05-13', NULL, NULL),
	(161, 1, '自建房', '台州市临海市东塍镇测试地址161', '自建房', '', '台州市临海市东塍镇测试地址161', 'house_161.png', '', 68, '宗朝冯', '2020-05-12', 11, '石桥头', '未审核', 1, '超级管理员', '2020-05-13', NULL, NULL),
	(162, 1, '自建房', '台州市临海市东塍镇测试地址162', '自建房', '', '台州市临海市东塍镇测试地址162', 'house_162.png', '', 69, '三毛应', '2020-05-12', 11, '石桥头', '未审核', 1, '超级管理员', '2020-05-13', NULL, NULL),
	(163, 1, '自建房', '台州市临海市东塍镇测试地址163', '自建房', '', '台州市临海市东塍镇测试地址163', 'house_163.png', '', 70, '法宏苏', '2020-05-12', 47, '青珠村', '同意', 1, '超级管理员', '2020-06-16', NULL, NULL),
	(164, 1, '自建房', '台州市临海市东塍镇测试地址164', '自建房', '', '台州市临海市东塍镇测试地址164', 'house_164.png', '', 71, '才淦苏', '2020-05-12', 47, '青珠村', '同意', 1, '超级管理员', '2020-06-16', NULL, NULL),
	(166, 1, '自建房', '台州市临海市东塍镇测试地址166', '自建房', '', '台州市临海市东塍镇测试地址166', 'house_166.png', '', 73, '如方陈', '2020-05-12', 19, '塘里村', '未审核', 1, '超级管理员', '2020-05-13', NULL, NULL),
	(167, 1, '自建房', '台州市临海市东塍镇测试地址167', '自建房', '', '台州市临海市东塍镇测试地址167', 'house_167.png', '', 74, '林斌林', '2020-05-12', 48, '青农社区', '同意', 1, '超级管理员', '2020-05-13', NULL, NULL),
	(168, 1, '自建房', '台州市临海市东塍镇测试地址168', '自建房', '', '台州市临海市东塍镇测试地址168', 'house_168.png', '', 75, '华斌王', '2020-05-12', 16, '大祝村', '未审核', 1, '超级管理员', '2020-05-13', NULL, NULL),
	(169, 1, '自建房', '台州市临海市东塍镇测试地址169', '自建房', '青珠农场后门港-2号\n', '台州市临海市东塍镇测试地址169', 'house_169.png', '', 76, '林杰张', '2020-05-12', 48, '青农社区', '未审核', 1, '超级管理员', '2020-05-13', NULL, NULL),
	(170, 1, '自建房', '台州市临海市东塍镇测试地址170', '自建房', '', '台州市临海市东塍镇测试地址170', 'house_170.png', '', 77, '爱花周', '2020-05-12', 48, '青农社区', '未审核', 1, '超级管理员', '2020-05-13', NULL, NULL),
	(171, 1, '自建房', '台州市临海市东塍镇测试地址171', '自建房', '', '台州市临海市东塍镇测试地址171', 'house_171.png', '', 78, '秀兰阮', '2020-05-12', 16, '大祝村', '未审核', 1, '超级管理员', '2020-05-13', NULL, NULL),
	(172, 1, '自建房', '台州市临海市东塍镇测试地址172', '自建房', '', '台州市临海市东塍镇测试地址172', 'house_172.png', '', 79, '余芬胡', '2020-05-12', 5, '开发区', '未审核', 1, '超级管理员', '2020-05-13', NULL, NULL),
	(173, 1, '自建房', '台州市临海市东塍镇测试地址173', '自建房', '青珠农场后门港108号\n', '台州市临海市东塍镇测试地址173', 'house_173.png', '', 80, '小平李', '2020-05-12', 48, '青农社区', '未审核', 1, '超级管理员', '2020-05-13', NULL, NULL),
	(174, 1, '自建房', '台州市临海市东塍镇测试地址174', '自建房', '', '台州市临海市东塍镇测试地址174', 'house_174.png', '', 81, '建昌胡', '2020-05-12', 20, '大湖村', '同意', 1, '超级管理员', '2020-09-29', NULL, NULL),
	(175, 1, '自建房', '台州市临海市东塍镇测试地址175', '自建房', '', '台州市临海市东塍镇测试地址175', 'house_175.png', '', 82, '仁标张', '2020-05-12', 48, '青农社区', '未审核', 1, '超级管理员', '2020-05-13', NULL, NULL),
	(176, 1, '自建房', '台州市临海市东塍镇测试地址176', '自建房', '', '台州市临海市东塍镇测试地址176', 'house_176.png', '', 83, '先恩冯', '2020-05-12', 11, '石桥头', '未审核', 1, '超级管理员', '2020-05-13', NULL, NULL),
	(177, 1, '自建房', '台州市临海市东塍镇测试地址177', '自建房', '', '台州市临海市东塍镇测试地址177', 'house_177.png', '', 84, '烈光张', '2020-05-12', 48, '青农社区', '未审核', 1, '超级管理员', '2020-05-14', NULL, NULL),
	(178, 1, '自建房', '台州市临海市东塍镇测试地址178', '自建房', '', '台州市临海市东塍镇测试地址178', 'house_178.png', '', 85, '庭华杨', '2020-05-12', 48, '青农社区', '未审核', 1, '超级管理员', '2020-05-14', NULL, NULL),
	(179, 1, '自建房', '台州市临海市东塍镇测试地址179', '自建房', '', '台州市临海市东塍镇测试地址179', 'house_179.png', '', 86, '国光徐', '2020-05-12', 48, '青农社区', '未审核', 1, '超级管理员', '2020-05-14', NULL, NULL),
	(180, 1, '自建房', '台州市临海市东塍镇测试地址180', '自建房', '', '台州市临海市东塍镇测试地址180', 'house_180.png', '', 87, '才根苏', '2020-05-12', 48, '青农社区', '未审核', 1, '超级管理员', '2020-05-14', NULL, NULL),
	(181, 1, '自建房', '台州市临海市东塍镇测试地址181', '自建房', '', '台州市临海市东塍镇测试地址181', 'house_181.png', '', 88, '张雀张', '2020-05-12', 35, '宁东村', '同意', 1, '超级管理员', '2020-05-14', NULL, NULL),
	(182, 1, '自建房', '台州市临海市东塍镇测试地址182', '自建房', '', '台州市临海市东塍镇测试地址182', 'house_182.png', '', 89, '雅军冯', '2020-05-12', 47, '青珠村', '同意', 1, '超级管理员', '2020-06-16', NULL, NULL),
	(184, 1, '自建房', '台州市临海市东塍镇测试地址184', '自建房', '', '台州市临海市东塍镇测试地址184', 'house_184.png', '', 90, '玉先陈', '2020-05-13', 47, '青珠村', '同意', 1, '超级管理员', '2020-06-16', NULL, NULL),
	(185, 1, '自建房', '台州市临海市东塍镇测试地址185', '自建房', '青珠村\n', '台州市临海市东塍镇测试地址185', 'house_185.png', '', 91, '伟江朱', '2020-05-13', 47, '青珠村', '同意', 1, '超级管理员', '2020-06-16', NULL, NULL),
	(186, 1, '自建房', '台州市临海市东塍镇测试地址186', '自建房', '', '台州市临海市东塍镇测试地址186', 'house_186.png', '', 92, '才明叶', '2020-05-13', 51, '新南村', '同意', 1, '超级管理员', '2020-05-14', NULL, NULL),
	(187, 2, '电梯房', '台州市临海市东塍镇测试地址187', 'aaaa', 'aaaa', '台州市临海市东塍镇测试地址187', 'house_187.png', '', 8, '郑为中', '2020-05-13', 5, '开发区', '同意', 1, '超级管理员', '2020-06-01', NULL, NULL),
	(188, 1, '自建房', '台州市临海市东塍镇测试地址188', '自建房', '', '台州市临海市东塍镇测试地址188', 'house_188.png', '', 93, '爱军黄', '2020-05-13', 49, '新五星村', '同意', 1, '超级管理员', '2020-05-14', NULL, NULL),
	(189, 1, '自建房', '台州市临海市东塍镇测试地址189', '自建房', '', '台州市临海市东塍镇测试地址189', 'house_189.png', '', 94, '凌霄范', '2020-05-13', 19, '塘里村', '未审核', 1, '超级管理员', '2020-05-14', NULL, NULL),
	(190, 1, '自建房', '台州市临海市东塍镇测试地址190', '山湖塘棚户', '', '台州市临海市东塍镇测试地址190', 'house_190.png', '', 95, '继航杨', '2020-05-13', 20, '大湖村', '同意', 1, '超级管理员', '2020-09-29', NULL, NULL),
	(191, 1, '自建房', '台州市临海市东塍镇测试地址191', '伍山村盐场塘', '', '台州市临海市东塍镇测试地址191', 'house_191.png', '', 96, '兴宝徐', '2020-05-13', 28, '伍山村', '同意', 1, '超级管理员', '2020-05-14', NULL, NULL),
	(192, 1, '自建房', '台州市临海市东塍镇测试地址192', '宿舍', '', '台州市临海市东塍镇测试地址192', 'house_192.png', '', 97, '金国王', '2020-05-13', 5, '开发区', '同意', 1, '超级管理员', '2020-05-14', NULL, NULL),
	(193, 1, '自建房', '台州市临海市东塍镇测试地址193', '宿舍', '', '台州市临海市东塍镇测试地址193', 'house_193.png', '', 98, '王侃王', '2020-05-13', 5, '开发区', '同意', 1, '超级管理员', '2020-05-14', NULL, NULL),
	(194, 1, '自建房', '台州市临海市东塍镇测试地址194', '自建房', '', '台州市临海市东塍镇测试地址194', 'house_194.png', '', 99, '友金应', '2020-05-13', 5, '开发区', '同意', 1, '超级管理员', '2020-05-14', NULL, NULL),
	(195, 1, '自建房', '台州市临海市东塍镇测试地址195', '自建房', '', '台州市临海市东塍镇测试地址195', 'house_195.png', '', 102, '邦成徐', '2020-05-13', 7, '长街村', '未审核', 1, '超级管理员', '2020-05-14', NULL, NULL),
	(196, 1, '自建房', '台州市临海市东塍镇测试地址196', '自建房', '', '台州市临海市东塍镇测试地址196', 'house_196.png', '', 103, '志稳赵', '2020-05-13', 47, '青珠村', '同意', 1, '超级管理员', '2020-06-16', NULL, NULL),
	(197, 1, '自建房', '台州市临海市东塍镇测试地址197', '长街镇垃圾中转站内', '', '台州市临海市东塍镇测试地址197', 'house_197.png', '', 104, '先龙邵', '2020-05-13', 7, '长街村', '未审核', 1, '超级管理员', '2020-05-14', NULL, NULL),
	(198, 1, '自建房', '台州市临海市东塍镇测试地址198', '自建房', '', '台州市临海市东塍镇测试地址198', 'house_198.png', '', 105, '彩龙杨', '2020-05-13', 31, '月兰村', '未审核', 1, '超级管理员', '2020-05-14', NULL, NULL),
	(199, 1, '自建房', '台州市临海市东塍镇测试地址199', '自建房', '', '台州市临海市东塍镇测试地址199', 'house_199.png', '', 106, '千夫章', '2020-05-13', 48, '青农社区', '未审核', 1, '超级管理员', '2020-05-14', NULL, NULL),
	(200, 1, '自建房', '台州市临海市东塍镇测试地址200', '自建房', '', '台州市临海市东塍镇测试地址200', 'house_200.png', '', 107, '宗能冯', '2020-05-13', 35, '宁东村', '同意', 1, '超级管理员', '2020-05-14', NULL, NULL),
	(201, 1, '自建房', '台州市临海市东塍镇测试地址201', '自建房', '', '台州市临海市东塍镇测试地址201', 'house_201.png', '', 113, '道南李', '2020-05-13', 7, '长街村', '未审核', 1, '超级管理员', '2020-05-14', NULL, NULL),
	(202, 1, '自建房', '台州市临海市东塍镇测试地址202', '自建房', '', '台州市临海市东塍镇测试地址202', 'house_202.png', '', 108, '国平庞', '2020-05-13', 48, '青农社区', '未审核', 1, '超级管理员', '2020-05-14', NULL, NULL),
	(203, 1, '自建房', '台州市临海市东塍镇测试地址203', '自建房', '', '台州市临海市东塍镇测试地址203', 'house_203.png', '', 109, '会杰王', '2020-05-13', 7, '长街村', '未审核', 1, '超级管理员', '2020-05-14', NULL, NULL),
	(204, 1, '自建房', '台州市临海市东塍镇测试地址204', '自建房', '', '台州市临海市东塍镇测试地址204', 'house_204.png', '', 110, '冬来杨', '2020-05-13', 48, '青农社区', '未审核', 1, '超级管理员', '2020-05-14', NULL, NULL),
	(205, 1, '自建房', '台州市临海市东塍镇测试地址205', '自建房', '', '台州市临海市东塍镇测试地址205', 'house_205.png', '', 111, '小玲伍', '2020-05-13', 11, '石桥头', '未审核', 1, '超级管理员', '2020-05-14', NULL, NULL),
	(206, 1, '自建房', '台州市临海市东塍镇测试地址206', '自建房', '', '台州市临海市东塍镇测试地址206', 'house_206.png', '', 112, '时旺王', '2020-05-13', 48, '青农社区', '未审核', 1, '超级管理员', '2020-05-19', NULL, NULL),
	(207, 1, '自建房', '台州市临海市东塍镇测试地址207', '自建房', '', '台州市临海市东塍镇测试地址207', 'house_207.png', '', 114, '星伟王', '2020-05-14', 11, '石桥头', '同意', 1, '超级管理员', '2020-05-19', NULL, NULL),
	(208, 1, '自建房', '台州市临海市东塍镇测试地址208', '自建房', '', '台州市临海市东塍镇测试地址208', 'house_208.png', '', 115, '永和庞', '2020-05-14', 11, '石桥头', '未审核', 1, '超级管理员', '2020-05-19', NULL, NULL),
	(209, 1, '自建房', '台州市临海市东塍镇测试地址209', '自建房', '', '台州市临海市东塍镇测试地址209', 'house_209.png', '', 68, '宗朝冯', '2020-05-14', 11, '石桥头', '同意', 1, '超级管理员', '2020-05-19', NULL, NULL),
	(210, 1, '自建房', '台州市临海市东塍镇测试地址210', '自建房', '', '台州市临海市东塍镇测试地址210', 'house_210.png', '', 116, '胜利庞', '2020-05-14', 11, '石桥头', '未审核', 1, '超级管理员', '2020-05-19', NULL, NULL),
	(211, 1, '自建房', '台州市临海市东塍镇测试地址211', '自建房', '', '台州市临海市东塍镇测试地址211', 'house_211.png', '', 117, '锡祥张', '2020-05-14', 11, '石桥头', '未审核', 1, '超级管理员', '2020-05-19', NULL, NULL),
	(213, 1, '自建房', '台州市临海市东塍镇测试地址213', '自建房', '', '台州市临海市东塍镇测试地址213', 'house_213.png', '', 119, '大杰赖', '2020-05-14', 11, '石桥头', '同意', 1, '超级管理员', '2020-05-19', NULL, NULL),
	(214, 1, '自建房', '台州市临海市东塍镇测试地址214', '自建房', '', '台州市临海市东塍镇测试地址214', 'house_214.png', '', 120, '至平朱', '2020-05-14', 11, '石桥头', '未审核', 1, '超级管理员', '2020-05-19', NULL, NULL),
	(215, 1, '自建房', '台州市临海市东塍镇测试地址215', '自建房', '', '台州市临海市东塍镇测试地址215', 'house_215.png', '', 121, '蟾辉徐', '2020-05-14', 11, '石桥头', '同意', 1, '超级管理员', '2020-05-19', NULL, NULL),
	(216, 1, '自建房', '台州市临海市东塍镇测试地址216', '自建房', '', '台州市临海市东塍镇测试地址216', 'house_216.png', '', 122, '军灿吴', '2020-05-14', 11, '石桥头', '同意', 1, '超级管理员', '2020-05-19', NULL, NULL),
	(217, 1, '自建房', '台州市临海市东塍镇测试地址217', '自建房', '', '台州市临海市东塍镇测试地址217', 'house_217.png', '', 123, '伟平朱', '2020-05-14', 11, '石桥头', '未审核', 1, '超级管理员', '2020-05-19', NULL, NULL),
	(218, 1, '自建房', '台州市临海市东塍镇测试地址218', '自建房', '', '台州市临海市东塍镇测试地址218', 'house_218.png', '', 118, '先定冯', '2020-05-14', 11, '石桥头', '未审核', 1, '超级管理员', '2020-05-19', NULL, NULL),
	(219, 1, '自建房', '台州市临海市东塍镇测试地址219', '自建房', '', '台州市临海市东塍镇测试地址219', 'house_219.png', '', 124, '允成允', '2020-05-14', 13, '西岙村', '未审核', 1, '超级管理员', '2020-05-19', NULL, NULL),
	(220, 1, '自建房', '台州市临海市东塍镇测试地址220', '自建房', '', '台州市临海市东塍镇测试地址220', 'house_220.png', '', 125, '昌标王', '2020-05-14', 14, '城塘村', '同意', 1, '超级管理员', '2020-05-21', NULL, NULL),
	(221, 1, '自建房', '台州市临海市东塍镇测试地址221', '自建房', '', '台州市临海市东塍镇测试地址221', 'house_221.png', '', 126, '陆军胡', '2020-05-14', 19, '塘里村', '未审核', 1, '超级管理员', '2020-05-21', NULL, NULL),
	(222, 1, '自建房', '台州市临海市东塍镇测试地址222', '自建房', '', '台州市临海市东塍镇测试地址222', 'house_222.png', '', 127, '丽群周', '2020-05-14', 19, '塘里村', '未审核', 1, '超级管理员', '2020-05-21', NULL, NULL),
	(223, 1, '自建房', '台州市临海市东塍镇测试地址223', '自建房', '', '台州市临海市东塍镇测试地址223', 'house_223.png', '', 128, '丛友芦', '2020-05-14', 19, '塘里村', '未审核', 1, '超级管理员', '2020-05-21', NULL, NULL),
	(224, 1, '自建房', '台州市临海市东塍镇测试地址224', '自建房', '', '台州市临海市东塍镇测试地址224', 'house_224.png', '', 129, '余兵胡', '2020-05-14', 19, '塘里村', '未审核', 1, '超级管理员', '2020-05-21', NULL, NULL),
	(225, 1, '自建房', '台州市临海市东塍镇测试地址225', '自建房', '', '台州市临海市东塍镇测试地址225', 'house_225.png', '', 130, '军洲胡', '2020-05-14', 19, '塘里村', '未审核', 1, '超级管理员', '2020-05-21', NULL, NULL),
	(226, 1, '自建房', '台州市临海市东塍镇测试地址226', '自建房', '', '台州市临海市东塍镇测试地址226', 'house_226.png', '', 131, '选芳胡', '2020-05-14', 19, '塘里村', '未审核', 1, '超级管理员', '2020-05-21', NULL, NULL),
	(227, 1, '自建房', '台州市临海市东塍镇测试地址227', '自建房', '', '台州市临海市东塍镇测试地址227', 'house_227.png', '', 142, '胡昶胡', '2020-05-14', 19, '塘里村', '未审核', 1, '超级管理员', '2020-05-21', NULL, NULL),
	(228, 1, '自建房', '台州市临海市东塍镇测试地址228', '自建房', '', '台州市临海市东塍镇测试地址228', 'house_228.png', '', 133, '华标苏', '2020-05-14', 19, '塘里村', '未审核', 1, '超级管理员', '2020-05-21', NULL, NULL),
	(229, 1, '自建房', '台州市临海市东塍镇测试地址229', '自建房', '', '台州市临海市东塍镇测试地址229', 'house_229.png', '', 134, '善云蒋', '2020-05-14', 19, '塘里村', '未审核', 1, '超级管理员', '2020-05-21', NULL, NULL),
	(230, 1, '自建房', '台州市临海市东塍镇测试地址230', '自建房', '', '台州市临海市东塍镇测试地址230', 'house_230.png', '', 135, '武会章', '2020-05-14', 19, '塘里村', '未审核', 1, '超级管理员', '2020-05-21', NULL, NULL),
	(231, 1, '自建房', '台州市临海市东塍镇测试地址231', '自建房', '', '台州市临海市东塍镇测试地址231', 'house_231.png', '', 136, '祥荣罗', '2020-05-14', 19, '塘里村', '未审核', 1, '超级管理员', '2020-05-21', NULL, NULL),
	(232, 1, '自建房', '台州市临海市东塍镇测试地址232', '自建房', '', '台州市临海市东塍镇测试地址232', 'house_232.png', '', 137, '志恩胡', '2020-05-14', 19, '塘里村', '未审核', 1, '超级管理员', '2020-05-21', NULL, NULL),
	(233, 1, '自建房', '台州市临海市东塍镇测试地址233', '自建房', '', '台州市临海市东塍镇测试地址233', 'house_233.png', '', 138, '学丁张', '2020-05-14', 19, '塘里村', '未审核', 1, '超级管理员', '2020-05-21', NULL, NULL),
	(234, 1, '自建房', '台州市临海市东塍镇测试地址234', '自建房', '', '台州市临海市东塍镇测试地址234', 'house_234.png', '', 139, '立行陈', '2020-05-14', 19, '塘里村', '未审核', 1, '超级管理员', '2020-05-21', NULL, NULL),
	(235, 1, '自建房', '台州市临海市东塍镇测试地址235', '自建房', '', '台州市临海市东塍镇测试地址235', 'house_235.png', '', 140, '素绒张', '2020-05-14', 19, '塘里村', '未审核', 1, '超级管理员', '2020-05-21', NULL, NULL),
	(236, 1, '自建房', '台州市临海市东塍镇测试地址236', '自建房', '', '台州市临海市东塍镇测试地址236', 'house_236.png', '', 141, '永光陈', '2020-05-14', 19, '塘里村', '未审核', 1, '超级管理员', '2020-05-21', NULL, NULL),
	(237, 1, '自建房', '台州市临海市东塍镇测试地址237', '自建房', '', '台州市临海市东塍镇测试地址237', 'house_237.png', '', 143, '良法祝', '2020-05-14', 16, '大祝村', '未审核', 1, '超级管理员', '2020-05-21', NULL, NULL),
	(238, 1, '自建房', '台州市临海市东塍镇测试地址238', '自建房', '', '台州市临海市东塍镇测试地址238', 'house_238.png', '', 144, '理健方', '2020-05-14', 16, '大祝村', '未审核', 1, '超级管理员', '2020-05-21', NULL, NULL),
	(239, 1, '自建房', '台州市临海市东塍镇测试地址239', '自建房', '', '台州市临海市东塍镇测试地址239', 'house_239.png', '', 145, '良国祝', '2020-05-14', 16, '大祝村', '未审核', 1, '超级管理员', '2020-05-21', NULL, NULL),
	(240, 1, '自建房', '台州市临海市东塍镇测试地址240', '自建房', '', '台州市临海市东塍镇测试地址240', 'house_240.png', '', 146, '和斌虞', '2020-05-14', 16, '大祝村', '未审核', 1, '超级管理员', '2020-05-21', NULL, NULL),
	(241, 1, '自建房', '台州市临海市东塍镇测试地址241', '自建房', '', '台州市临海市东塍镇测试地址241', 'house_241.png', '', 147, '明东方', '2020-05-14', 16, '大祝村', '未审核', 1, '超级管理员', '2020-05-21', NULL, NULL),
	(242, 1, '自建房', '台州市临海市东塍镇测试地址242', '自建房', '', '台州市临海市东塍镇测试地址242', 'house_242.png', '', 148, '小明方', '2020-05-14', 16, '大祝村', '未审核', 1, '超级管理员', '2020-05-21', NULL, NULL),
	(243, 1, '自建房', '台州市临海市东塍镇测试地址243', '自建房', '', '台州市临海市东塍镇测试地址243', 'house_243.png', '', 149, '必振任', '2020-05-14', 16, '大祝村', '未审核', 1, '超级管理员', '2020-05-21', NULL, NULL),
	(244, 1, '自建房', '台州市临海市东塍镇测试地址244', '自建房', '', '台州市临海市东塍镇测试地址244', 'house_244.png', '', 150, '良基祝', '2020-05-14', 16, '大祝村', '未审核', 1, '超级管理员', '2020-05-21', NULL, NULL),
	(245, 1, '自建房', '台州市临海市东塍镇测试地址245', '自建房', '', '台州市临海市东塍镇测试地址245', 'house_245.png', '', 153, '春杰葛', '2020-05-19', 18, '南塘村', '同意', 1, '超级管理员', '2020-05-21', NULL, NULL),
	(246, 1, '自建房', '台州市临海市东塍镇测试地址246', '自建房', '', '台州市临海市东塍镇测试地址246', 'house_246.png', '', 154, '华建徐', '2020-05-19', 18, '南塘村', '同意', 1, '超级管理员', '2020-05-21', NULL, NULL),
	(247, 1, '自建房', '台州市临海市东塍镇测试地址247', '自建房', '', '台州市临海市东塍镇测试地址247', 'house_247.png', '', 155, '吉华蒋', '2020-05-19', 24, '岳井村', '未审核', 1, '超级管理员', '2020-05-21', NULL, NULL),
	(248, 1, '自建房', '台州市临海市东塍镇测试地址248', '自建房', '', '台州市临海市东塍镇测试地址248', 'house_248.png', '', 156, '振能蒋', '2020-05-19', 24, '岳井村', '同意', 1, '超级管理员', '2020-05-21', NULL, NULL),
	(249, 1, '自建房', '台州市临海市东塍镇测试地址249', '自建房', '', '台州市临海市东塍镇测试地址249', 'house_249.png', '', 157, '小芽薛', '2020-05-19', 24, '岳井村', '未审核', 1, '超级管理员', '2020-05-21', NULL, NULL),
	(250, 1, '自建房', '台州市临海市东塍镇测试地址250', '自建房', '', '台州市临海市东塍镇测试地址250', 'house_250.png', '', 158, '建望蒋', '2020-05-19', 24, '岳井村', '未审核', 1, '超级管理员', '2020-05-21', NULL, NULL),
	(251, 1, '自建房', '台州市临海市东塍镇测试地址251', '自建房', '', '台州市临海市东塍镇测试地址251', 'house_251.png', '', 159, '剑英于', '2020-05-19', 21, '新塘村', '同意', 1, '超级管理员', '2020-05-21', NULL, NULL),
	(252, 1, '自建房', '台州市临海市东塍镇测试地址252', '自建房', '', '台州市临海市东塍镇测试地址252', 'house_252.png', '', 160, '道飞蔡', '2020-05-19', 27, '上塘村', '同意', 1, '超级管理员', '2020-05-21', NULL, NULL),
	(253, 1, '自建房', '台州市临海市东塍镇测试地址253', '自建房', '', '台州市临海市东塍镇测试地址253', 'house_253.png', '', 161, '银生鲍', '2020-05-19', 27, '上塘村', '同意', 1, '超级管理员', '2020-05-21', NULL, NULL),
	(254, 1, '自建房', '台州市临海市东塍镇测试地址254', '上塘 海外', '', '台州市临海市东塍镇测试地址254', 'house_254.png', '', 162, '定良郑', '2020-05-19', 27, '上塘村', '同意', 1, '超级管理员', '2020-05-21', NULL, NULL),
	(255, 1, '自建房', '台州市临海市东塍镇测试地址255', '上塘 德艺水产海场', '', '台州市临海市东塍镇测试地址255', 'house_255.png', '', 162, '定良郑', '2020-05-19', 27, '上塘村', '同意', 1, '超级管理员', '2020-05-21', NULL, NULL),
	(256, 1, '自建房', '台州市临海市东塍镇测试地址256', '上塘 1号塘', '', '台州市临海市东塍镇测试地址256', 'house_256.png', '', 162, '定良郑', '2020-05-19', 27, '上塘村', '同意', 1, '超级管理员', '2020-05-21', NULL, NULL),
	(257, 1, '自建房', '台州市临海市东塍镇测试地址257', '自建房', '', '台州市临海市东塍镇测试地址257', 'house_257.png', '', 163, '志丹麻', '2020-05-19', 30, '下湾塘村', '同意', 1, '超级管理员', '2020-05-21', NULL, NULL),
	(259, 1, '自建房', '台州市临海市东塍镇测试地址259', '自建房', '', '台州市临海市东塍镇测试地址259', 'house_259.png', '', 164, '怀才郭', '2020-05-19', 30, '下湾塘村', '同意', 1, '超级管理员', '2020-05-21', NULL, NULL),
	(260, 1, '自建房', '台州市临海市东塍镇测试地址260', '自建房', '', '台州市临海市东塍镇测试地址260', 'house_260.png', '', 165, '建胜王', '2020-05-19', 30, '下湾塘村', '同意', 1, '超级管理员', '2020-05-22', NULL, NULL),
	(261, 1, '自建房', '台州市临海市东塍镇测试地址261', '自建房', '', '台州市临海市东塍镇测试地址261', 'house_261.png', '', 166, '贵清徐', '2020-05-21', 31, '月兰村', '同意', 1, '超级管理员', '2020-05-22', NULL, NULL),
	(262, 1, '自建房', '台州市临海市东塍镇测试地址262', '自建房', '', '台州市临海市东塍镇测试地址262', 'house_262.png', '', 167, '大力徐', '2020-05-21', 31, '月兰村', '同意', 1, '超级管理员', '2020-05-22', NULL, NULL),
	(263, 1, '自建房', '台州市临海市东塍镇测试地址263', '自建房', '', '台州市临海市东塍镇测试地址263', 'house_263.png', '', 168, '照行张', '2020-05-21', 31, '月兰村', '同意', 1, '超级管理员', '2020-05-22', NULL, NULL),
	(264, 1, '自建房', '台州市临海市东塍镇测试地址264', '自建房', '', '台州市临海市东塍镇测试地址264', 'house_264.png', '', 169, '光辉徐', '2020-05-21', 32, '长胜村', '同意', 1, '超级管理员', '2020-05-22', NULL, NULL),
	(265, 1, '自建房', '台州市临海市东塍镇测试地址265', '自建房', '', '台州市临海市东塍镇测试地址265', 'house_265.png', '', 170, '芳芳张', '2020-05-21', 32, '长胜村', '同意', 1, '超级管理员', '2020-05-22', NULL, NULL),
	(266, 1, '自建房', '台州市临海市东塍镇测试地址266', '自建房', '', '台州市临海市东塍镇测试地址266', 'house_266.png', '', 171, '金娟蔡', '2020-05-21', 29, '向阳村', '未审核', 1, '超级管理员', '2020-05-22', NULL, NULL),
	(269, 1, '自建房', '台州市临海市东塍镇测试地址269', '世裕公寓', '', '台州市临海市东塍镇测试地址269', 'house_269.png', '', 101, '建奎陈', '2020-05-21', 36, '新城村', '未审核', 1, '超级管理员', '2020-05-22', NULL, NULL),
	(270, 1, '自建房', '台州市临海市东塍镇测试地址270', '自建房', '', '台州市临海市东塍镇测试地址270', 'house_270.png', '', 174, '月琴徐', '2020-05-21', 34, '总浦塘村', '未审核', 1, '超级管理员', '2020-05-22', NULL, NULL),
	(271, 1, '自建房', '台州市临海市东塍镇测试地址271', '自建房', '', '台州市临海市东塍镇测试地址271', 'house_271.png', '', 176, '岳翻陈', '2020-05-21', 34, '总浦塘村', '未审核', 1, '超级管理员', '2020-05-22', NULL, NULL),
	(272, 1, '自建房', '台州市临海市东塍镇测试地址272', '自建房', '', '台州市临海市东塍镇测试地址272', 'house_272.png', '', 177, '大叶蒋', '2020-05-21', 34, '总浦塘村', '未审核', 1, '超级管理员', '2020-05-22', NULL, NULL),
	(273, 1, '自建房', '台州市临海市东塍镇测试地址273', '自建房', '', '台州市临海市东塍镇测试地址273', 'house_273.png', '', 178, '昌星缪', '2020-05-21', 34, '总浦塘村', '未审核', 1, '超级管理员', '2020-05-22', NULL, NULL),
	(274, 1, '自建房', '台州市临海市东塍镇测试地址274', '自建房', '', '台州市临海市东塍镇测试地址274', 'house_274.png', '', 179, '建飞董', '2020-05-21', 34, '总浦塘村', '未审核', 1, '超级管理员', '2020-05-22', NULL, NULL),
	(275, 1, '自建房', '台州市临海市东塍镇测试地址275', '自建房', '', '台州市临海市东塍镇测试地址275', 'house_275.png', '', 180, '太春虞', '2020-05-21', 34, '总浦塘村', '未审核', 1, '超级管理员', '2020-05-22', NULL, NULL),
	(276, 1, '自建房', '台州市临海市东塍镇测试地址276', '自建房', '', '台州市临海市东塍镇测试地址276', 'house_276.png', '', 181, '小静董', '2020-05-21', 34, '总浦塘村', '未审核', 1, '超级管理员', '2020-05-22', NULL, NULL),
	(277, 1, '自建房', '台州市临海市东塍镇测试地址277', '自建房', '', '台州市临海市东塍镇测试地址277', 'house_277.png', '', 175, '应振陈', '2020-05-21', 34, '总浦塘村', '未审核', 1, '超级管理员', '2020-05-22', NULL, NULL),
	(278, 1, '自建房', '台州市临海市东塍镇测试地址278', '自建房', '', '台州市临海市东塍镇测试地址278', 'house_278.png', '', 182, '兴通何', '2020-05-21', 37, '龙山村', '未审核', 1, '超级管理员', '2020-05-22', NULL, NULL),
	(279, 6, '管理用房', '台州市临海市东塍镇测试地址279', '嘉庆寺', '', '台州市临海市东塍镇测试地址279', 'house_279.png', '', 183, '良春李', '2020-05-21', 37, '龙山村', '同意', 1, '超级管理员', '2020-05-22', NULL, NULL),
	(280, 1, '自建房', '台州市临海市东塍镇测试地址280', '自建房', '', '台州市临海市东塍镇测试地址280', 'house_280.png', '', 184, '云国冯', '2020-05-21', 35, '宁东村', '同意', 1, '超级管理员', '2020-05-22', NULL, NULL),
	(281, 1, '自建房', '台州市临海市东塍镇测试地址281', '自建房', '', '台州市临海市东塍镇测试地址281', 'house_281.png', '', 185, '小西张', '2020-05-21', 35, '宁东村', '同意', 1, '超级管理员', '2020-05-22', NULL, NULL),
	(282, 1, '自建房', '台州市临海市东塍镇测试地址282', '自建房', '', '台州市临海市东塍镇测试地址282', 'house_282.png', '', 186, '时做俞', '2020-05-21', 35, '宁东村', '同意', 1, '超级管理员', '2020-05-22', NULL, NULL),
	(283, 1, '自建房', '台州市临海市东塍镇测试地址283', '自建房', '', '台州市临海市东塍镇测试地址283', 'house_283.png', '', 187, '兴科张', '2020-05-21', 35, '宁东村', '同意', 1, '超级管理员', '2020-05-22', NULL, NULL),
	(284, 1, '自建房', '台州市临海市东塍镇测试地址284', '自建房', '', '台州市临海市东塍镇测试地址284', 'house_284.png', '', 188, '三础葛', '2020-05-21', 35, '宁东村', '未审核', 1, '超级管理员', '2020-05-22', NULL, NULL),
	(285, 1, '自建房', '台州市临海市东塍镇测试地址285', '自建房', '', '台州市临海市东塍镇测试地址285', 'house_285.png', '', 189, '玉朝刘', '2020-05-21', 35, '宁东村', '同意', 1, '超级管理员', '2020-05-22', NULL, NULL),
	(286, 1, '自建房', '台州市临海市东塍镇测试地址286', '自建房', '', '台州市临海市东塍镇测试地址286', 'house_286.png', '', 197, '家尧胡', '2020-05-21', 35, '宁东村', '同意', 1, '超级管理员', '2020-05-22', NULL, NULL),
	(287, 1, '自建房', '台州市临海市东塍镇测试地址287', '自建房', '', '台州市临海市东塍镇测试地址287', 'house_287.png', '', 190, '文伟张', '2020-05-21', 35, '宁东村', '未审核', 1, '超级管理员', '2020-05-22', NULL, NULL),
	(288, 1, '自建房', '台州市临海市东塍镇测试地址288', '自建房', '', '台州市临海市东塍镇测试地址288', 'house_288.png', '', 191, '杏元陈', '2020-05-21', 35, '宁东村', '同意', 1, '超级管理员', '2020-05-22', NULL, NULL),
	(289, 1, '自建房', '台州市临海市东塍镇测试地址289', '自建房', '', '台州市临海市东塍镇测试地址289', 'house_289.png', '', 192, '成宣顾', '2020-05-21', 35, '宁东村', '同意', 1, '超级管理员', '2020-05-22', NULL, NULL),
	(290, 1, '自建房', '台州市临海市东塍镇测试地址290', '自建房', '', '台州市临海市东塍镇测试地址290', 'house_290.png', '', 193, '全贵冯', '2020-05-21', 35, '宁东村', '同意', 1, '超级管理员', '2020-05-22', NULL, NULL),
	(291, 1, '自建房', '台州市临海市东塍镇测试地址291', '自建房', '', '台州市临海市东塍镇测试地址291', 'house_291.png', '', 194, '荣伟娄', '2020-05-21', 35, '宁东村', '同意', 1, '超级管理员', '2020-05-22', NULL, NULL),
	(292, 1, '自建房', '台州市临海市东塍镇测试地址292', '自建房', '', '台州市临海市东塍镇测试地址292', 'house_292.png', '', 195, '吉辉张', '2020-05-21', 35, '宁东村', '同意', 1, '超级管理员', '2020-05-22', NULL, NULL),
	(293, 1, '自建房', '台州市临海市东塍镇测试地址293', '自建房', '', '台州市临海市东塍镇测试地址293', 'house_293.png', '', 196, '全洋冯', '2020-05-21', 35, '宁东村', '同意', 1, '超级管理员', '2020-05-22', NULL, NULL),
	(294, 6, '管理用房', '台州市临海市东塍镇测试地址294', '五福寺', '', '台州市临海市东塍镇测试地址294', 'house_294.png', '', 198, '拥军李', '2020-05-22', 40, '五福村', '同意', 1, '超级管理员', '2020-05-22', NULL, NULL),
	(296, 1, '自建房', '台州市临海市东塍镇测试地址296', '自建房', '', '台州市临海市东塍镇测试地址296', 'house_296.png', '', 200, '小甫祝', '2020-05-22', 40, '五福村', '未审核', 1, '超级管理员', '2020-05-22', NULL, NULL),
	(297, 1, '自建房', '台州市临海市东塍镇测试地址297', '自建房', '', '台州市临海市东塍镇测试地址297', 'house_297.png', '', 201, '义苗冯', '2020-05-22', 40, '五福村', '未审核', 1, '超级管理员', '2020-05-22', NULL, NULL),
	(298, 1, '自建房', '台州市临海市东塍镇测试地址298', '自建房', '', '台州市临海市东塍镇测试地址298', 'house_298.png', '', 202, '开涛金', '2020-05-22', 40, '五福村', '同意', 1, '超级管理员', '2020-05-22', NULL, NULL),
	(299, 1, '自建房', '台州市临海市东塍镇测试地址299', '自建房', '', '台州市临海市东塍镇测试地址299', 'house_299.png', '', 203, '小标金', '2020-05-22', 40, '五福村', '同意', 1, '超级管理员', '2020-05-22', NULL, NULL),
	(300, 1, '自建房', '台州市临海市东塍镇测试地址300', '自建房', '', '台州市临海市东塍镇测试地址300', 'house_300.png', '', 204, '蒋斌蒋', '2020-05-22', 38, '连浦村', '未审核', 1, '超级管理员', '2020-05-22', NULL, NULL),
	(301, 1, '自建房', '台州市临海市东塍镇测试地址301', '自建房', '', '台州市临海市东塍镇测试地址301', 'house_301.png', '', 205, '土根陈', '2020-05-22', 38, '连浦村', '未审核', 1, '超级管理员', '2020-05-22', NULL, NULL),
	(302, 1, '自建房', '台州市临海市东塍镇测试地址302', '自建房', '', '台州市临海市东塍镇测试地址302', 'house_302.png', '', 206, '爱军施', '2020-05-22', 42, '双家村', '同意', 1, '超级管理员', '2020-05-22', NULL, NULL),
	(303, 1, '自建房', '台州市临海市东塍镇测试地址303', '自建房', '', '台州市临海市东塍镇测试地址303', 'house_303.png', '', 207, '义有李', '2020-05-22', 42, '双家村', '同意', 1, '超级管理员', '2020-05-22', NULL, NULL),
	(304, 1, '自建房', '台州市临海市东塍镇测试地址304', '自建房', '', '台州市临海市东塍镇测试地址304', 'house_304.png', '', 208, '都武郑', '2020-05-22', 42, '双家村', '同意', 1, '超级管理员', '2020-05-22', NULL, NULL),
	(305, 1, '自建房', '台州市临海市东塍镇测试地址305', '自建房', '', '台州市临海市东塍镇测试地址305', 'house_305.png', '', 209, '海群苏', '2020-05-22', 42, '双家村', '同意', 1, '超级管理员', '2020-05-22', NULL, NULL),
	(306, 1, '自建房', '台州市临海市东塍镇测试地址306', '自建房', '', '台州市临海市东塍镇测试地址306', 'house_306.png', '', 210, '亚秋王', '2020-05-22', 42, '双家村', '同意', 1, '超级管理员', '2020-05-22', NULL, NULL),
	(307, 1, '自建房', '台州市临海市东塍镇测试地址307', '自建房', '', '台州市临海市东塍镇测试地址307', 'house_307.png', '', 211, '小娟秦', '2020-05-22', 43, '平原村', '同意', 1, '超级管理员', '2020-05-25', NULL, NULL),
	(308, 1, '自建房', '台州市临海市东塍镇测试地址308', '自建房', '', '台州市临海市东塍镇测试地址308', 'house_308.png', '', 212, '前军阮', '2020-05-22', 43, '平原村', '同意', 1, '超级管理员', '2020-05-25', NULL, NULL),
	(309, 1, '自建房', '台州市临海市东塍镇测试地址309', '测试02', '测试', '台州市临海市东塍镇测试地址309', NULL, '1', 8, '郑为中', NULL, 5, '开发区', '同意', 1, '超级管理员', '2020-05-25', NULL, NULL),
	(310, 2, '电梯房', '台州市临海市东塍镇测试地址310', '测试03', '测试03', '台州市临海市东塍镇测试地址310', 'house_310.png', '', 8, '郑为中', '2020-05-22', 8, '长街九江村', '同意', 1, '超级管理员', '2020-05-25', NULL, NULL),
	(312, 1, '自建房', '台州市临海市东塍镇测试地址312', '自建房', '', '台州市临海市东塍镇测试地址312', 'house_312.png', '', 213, '方明李', '2020-05-22', 46, '港中村', '未审核', 1, '超级管理员', '2020-05-25', NULL, NULL),
	(313, 1, '自建房', '台州市临海市东塍镇测试地址313', '自建房', '', '台州市临海市东塍镇测试地址313', 'house_313.png', '', 223, '昌仁郑', '2020-05-22', 46, '港中村', '未审核', 1, '超级管理员', '2020-05-25', NULL, NULL),
	(314, 1, '自建房', '台州市临海市东塍镇测试地址314', '自建房', '', '台州市临海市东塍镇测试地址314', 'house_314.png', '', 218, '方伟赵', '2020-05-22', 46, '港中村', '未审核', 1, '超级管理员', '2020-05-25', NULL, NULL),
	(315, 1, '自建房', '台州市临海市东塍镇测试地址315', '自建房', '', '台州市临海市东塍镇测试地址315', 'house_315.png', '', 217, '未龙俞', '2020-05-22', 46, '港中村', '未审核', 1, '超级管理员', '2020-05-25', NULL, NULL),
	(316, 6, '管理用房', '台州市临海市东塍镇测试地址316', '碧莲寺', '', '台州市临海市东塍镇测试地址316', 'house_316.png', '', 225, '培麟叶', '2020-05-22', 46, '港中村', '未审核', 1, '超级管理员', '2020-05-25', NULL, NULL),
	(317, 1, '自建房', '台州市临海市东塍镇测试地址317', '自建房', '', '台州市临海市东塍镇测试地址317', 'house_317.png', '', 224, '水仙杨', '2020-05-22', 46, '港中村', '未审核', 1, '超级管理员', '2020-05-25', NULL, NULL),
	(318, 1, '自建房', '台州市临海市东塍镇测试地址318', '自建房', '', '台州市临海市东塍镇测试地址318', 'house_318.png', '', 216, '崇魁金', '2020-05-22', 46, '港中村', '未审核', 1, '超级管理员', '2020-05-25', NULL, NULL),
	(319, 1, '自建房', '台州市临海市东塍镇测试地址319', '自建房', '', '台州市临海市东塍镇测试地址319', 'house_319.png', '', 215, '崇飞金', '2020-05-22', 46, '港中村', '未审核', 1, '超级管理员', '2020-05-25', NULL, NULL),
	(320, 1, '自建房', '台州市临海市东塍镇测试地址320', '自建房', '', '台州市临海市东塍镇测试地址320', 'house_320.png', '', 220, '家志胡', '2020-05-22', 46, '港中村', '未审核', 1, '超级管理员', '2020-05-25', NULL, NULL),
	(321, 1, '自建房', '台州市临海市东塍镇测试地址321', '自建房', '', '台州市临海市东塍镇测试地址321', 'house_321.png', '', 221, '言艮龚', '2020-05-22', 46, '港中村', '同意', 1, '超级管理员', '2020-05-25', NULL, NULL),
	(322, 1, '自建房', '台州市临海市东塍镇测试地址322', '自建房', '', '台州市临海市东塍镇测试地址322', 'house_322.png', '', 219, '伟伟葛', '2020-05-22', 46, '港中村', '同意', 1, '超级管理员', '2020-05-25', NULL, NULL),
	(323, 1, '自建房', '台州市临海市东塍镇测试地址323', '自建房', '', '台州市临海市东塍镇测试地址323', 'house_323.png', '', 214, '荣英冯', '2020-05-22', 46, '港中村', '未审核', 1, '超级管理员', '2020-05-25', NULL, NULL),
	(324, 1, '自建房', '台州市临海市东塍镇测试地址324', '自建房', '', '台州市临海市东塍镇测试地址324', 'house_324.png', '', 222, '金伍冯', '2020-05-22', 46, '港中村', '同意', 1, '超级管理员', '2020-05-25', NULL, NULL),
	(325, 1, '自建房', '台州市临海市东塍镇测试地址325', '自建房', '', '台州市临海市东塍镇测试地址325', 'house_325.png', '', 226, '华建苏', '2020-05-22', 47, '青珠村', '同意', 1, '超级管理员', '2020-06-16', NULL, NULL),
	(326, 1, '自建房', '台州市临海市东塍镇测试地址326', '自建房', '', '台州市临海市东塍镇测试地址326', 'house_326.png', '', 227, '林甫张', '2020-05-22', 47, '青珠村', '同意', 1, '超级管理员', '2020-06-16', NULL, NULL),
	(327, 1, '自建房', '台州市临海市东塍镇测试地址327', '自建房', '', '台州市临海市东塍镇测试地址327', 'house_327.png', '', 228, '华胤苏', '2020-05-22', 47, '青珠村', '未审核', 1, '超级管理员', '2020-06-16', NULL, NULL),
	(328, 1, '自建房', '台州市临海市东塍镇测试地址328', '自建房', '', '台州市临海市东塍镇测试地址328', 'house_328.png', '', 229, '华静苏', '2020-05-22', 47, '青珠村', '未审核', 1, '超级管理员', '2020-06-16', NULL, NULL),
	(329, 1, '自建房', '台州市临海市东塍镇测试地址329', '自建房', '', '台州市临海市东塍镇测试地址329', 'house_329.png', '', 230, '丽娇苏', '2020-05-22', 47, '青珠村', '同意', 1, '超级管理员', '2020-06-16', NULL, NULL),
	(330, 1, '自建房', '台州市临海市东塍镇测试地址330', '自建房', '', '台州市临海市东塍镇测试地址330', 'house_330.png', '', 231, '才通苏', '2020-05-22', 47, '青珠村', '未审核', 1, '超级管理员', '2020-06-16', NULL, NULL),
	(331, 1, '自建房', '台州市临海市东塍镇测试地址331', '自建房', '', '台州市临海市东塍镇测试地址331', 'house_331.png', '', 232, '才意苏', '2020-05-22', 47, '青珠村', '同意', 1, '超级管理员', '2020-06-16', NULL, NULL),
	(332, 1, '自建房', '台州市临海市东塍镇测试地址332', '自建房', '', '台州市临海市东塍镇测试地址332', 'house_332.png', '', 233, '胜利邵', '2020-05-22', 47, '青珠村', '同意', 1, '超级管理员', '2020-06-16', NULL, NULL),
	(333, 1, '自建房', '台州市临海市东塍镇测试地址333', '自建房', '', '台州市临海市东塍镇测试地址333', 'house_333.png', '', 234, '善伍苏', '2020-05-22', 47, '青珠村', '同意', 1, '超级管理员', '2020-06-16', NULL, NULL),
	(334, 1, '自建房', '台州市临海市东塍镇测试地址334', '自建房', '', '台州市临海市东塍镇测试地址334', 'house_334.png', '', 235, '新德张', '2020-05-22', 47, '青珠村', '未审核', 1, '超级管理员', '2020-06-16', NULL, NULL),
	(335, 1, '自建房', '台州市临海市东塍镇测试地址335', '自建房', '', '台州市临海市东塍镇测试地址335', 'house_335.png', '', 236, '神平李', '2020-05-22', 47, '青珠村', '同意', 1, '超级管理员', '2020-06-16', NULL, NULL),
	(336, 1, '自建房', '台州市临海市东塍镇测试地址336', '自建房', '', '台州市临海市东塍镇测试地址336', 'house_336.png', '', 237, '宗兴葛', '2020-05-22', 47, '青珠村', '未审核', 1, '超级管理员', '2020-06-16', NULL, NULL),
	(337, 1, '自建房', '台州市临海市东塍镇测试地址337', '自建房', '', '台州市临海市东塍镇测试地址337', 'house_337.png', '', 238, '小军葛', '2020-05-22', 47, '青珠村', '同意', 1, '超级管理员', '2020-06-16', NULL, NULL),
	(338, 1, '自建房', '台州市临海市东塍镇测试地址338', '自建房', '', '台州市临海市东塍镇测试地址338', 'house_338.png', '', 239, '吉培张', '2020-05-22', 47, '青珠村', '未审核', 1, '超级管理员', '2020-06-16', NULL, NULL),
	(339, 1, '自建房', '台州市临海市东塍镇测试地址339', '自建房', '', '台州市临海市东塍镇测试地址339', 'house_339.png', '', 240, '能建苏', '2020-05-22', 47, '青珠村', '未审核', 1, '超级管理员', '2020-06-16', NULL, NULL),
	(340, 1, '自建房', '台州市临海市东塍镇测试地址340', '自建房', '', '台州市临海市东塍镇测试地址340', 'house_340.png', '', 241, '亨战林', '2020-05-22', 47, '青珠村', '同意', 1, '超级管理员', '2020-06-16', NULL, NULL),
	(341, 1, '自建房', '台州市临海市东塍镇测试地址341', '自建房', '', '台州市临海市东塍镇测试地址341', 'house_341.png', '', 242, '伟明陈', '2020-05-25', 49, '新五星村', '同意', 1, '超级管理员', '2020-05-25', NULL, NULL),
	(342, 1, '自建房', '台州市临海市东塍镇测试地址342', '自建房', '', '台州市临海市东塍镇测试地址342', 'house_342.png', '', 243, '麻林陈', '2020-05-25', 49, '新五星村', '同意', 1, '超级管理员', '2020-05-25', NULL, NULL),
	(343, 1, '自建房', '台州市临海市东塍镇测试地址343', '自建房', '', '台州市临海市东塍镇测试地址343', 'house_343.png', '', 244, '英标鲍', '2020-05-25', 49, '新五星村', '同意', 1, '超级管理员', '2020-05-25', NULL, NULL),
	(344, 1, '自建房', '台州市临海市东塍镇测试地址344', '自建房', '', '台州市临海市东塍镇测试地址344', 'house_344.png', '', 245, '可沛夏', '2020-05-25', 49, '新五星村', '同意', 1, '超级管理员', '2020-05-25', NULL, NULL),
	(345, 1, '自建房', '台州市临海市东塍镇测试地址345', '自建房', '', '台州市临海市东塍镇测试地址345', 'house_345.png', '', 246, '恩杰王', '2020-05-25', 49, '新五星村', '同意', 1, '超级管理员', '2020-05-26', NULL, NULL),
	(346, 1, '自建房', '台州市临海市东塍镇测试地址346', '自建房', '', '台州市临海市东塍镇测试地址346', 'house_346.png', '', 247, '岳兴俞', '2020-05-25', 49, '新五星村', '同意', 1, '超级管理员', '2020-05-26', NULL, NULL),
	(347, 1, '自建房', '台州市临海市东塍镇测试地址347', '自建房', '', '台州市临海市东塍镇测试地址347', 'house_347.png', '', 248, '国法程', '2020-05-25', 51, '新南村', '同意', 1, '超级管理员', '2020-05-26', NULL, NULL),
	(348, 1, '自建房', '台州市临海市东塍镇测试地址348', '自建房', '', '台州市临海市东塍镇测试地址348', 'house_348.png', '', 249, '世宽徐', '2020-05-25', 51, '新南村', '同意', 1, '超级管理员', '2020-05-26', NULL, NULL),
	(349, 1, '自建房', '台州市临海市东塍镇测试地址349', '自建房', '', '台州市临海市东塍镇测试地址349', 'house_349.png', '', 267, '小善陈', '2020-05-25', 20, '大湖村', '同意', 1, '超级管理员', '2020-09-29', NULL, NULL),
	(350, 1, '自建房', '台州市临海市东塍镇测试地址350', '自建房', '', '台州市临海市东塍镇测试地址350', 'house_350.png', '', 268, '建六胡', '2020-05-25', 20, '大湖村', '同意', 1, '超级管理员', '2020-09-29', NULL, NULL),
	(351, 1, '自建房', '台州市临海市东塍镇测试地址351', '自建房', '', '台州市临海市东塍镇测试地址351', 'house_351.png', '', 269, '宝木陈', '2020-05-25', 20, '大湖村', '同意', 1, '超级管理员', '2020-09-29', NULL, NULL),
	(352, 1, '自建房', '台州市临海市东塍镇测试地址352', '自建房', '', '台州市临海市东塍镇测试地址352', 'house_352.png', '', 270, '庆标胡', '2020-05-25', 20, '大湖村', '同意', 1, '超级管理员', '2020-09-29', NULL, NULL),
	(353, 1, '自建房', '台州市临海市东塍镇测试地址353', '自建房', '', '台州市临海市东塍镇测试地址353', 'house_353.png', '', 271, '华军胡', '2020-05-25', 20, '大湖村', '同意', 1, '超级管理员', '2020-09-29', NULL, NULL),
	(354, 1, '自建房', '台州市临海市东塍镇测试地址354', '自建房', '', '台州市临海市东塍镇测试地址354', 'house_354.png', '', 272, '世荣蔡', '2020-05-25', 20, '大湖村', '同意', 1, '超级管理员', '2020-09-29', NULL, NULL),
	(355, 1, '自建房', '台州市临海市东塍镇测试地址355', '自建房', '', '台州市临海市东塍镇测试地址355', 'house_355.png', '', 273, '立毅叶', '2020-05-25', 20, '大湖村', '同意', 1, '超级管理员', '2020-09-29', NULL, NULL),
	(356, 1, '自建房', '台州市临海市东塍镇测试地址356', '自建房', '', '台州市临海市东塍镇测试地址356', 'house_356.png', '', 274, '锡平张', '2020-05-25', 20, '大湖村', '同意', 1, '超级管理员', '2020-09-29', NULL, NULL),
	(357, 1, '自建房', '台州市临海市东塍镇测试地址357', '自建房', '', '台州市临海市东塍镇测试地址357', 'house_357.png', '', 275, '乐飞胡', '2020-05-25', 20, '大湖村', '同意', 1, '超级管理员', '2020-09-29', NULL, NULL),
	(358, 1, '自建房', '台州市临海市东塍镇测试地址358', '自建房', '', '台州市临海市东塍镇测试地址358', 'house_358.png', '', 276, '万青陈', '2020-05-25', 20, '大湖村', '同意', 1, '超级管理员', '2020-09-29', NULL, NULL),
	(359, 1, '自建房', '台州市临海市东塍镇测试地址359', '自建房', '', '台州市临海市东塍镇测试地址359', 'house_359.png', '', 277, '余绍胡', '2020-05-25', 20, '大湖村', '同意', 1, '超级管理员', '2020-09-29', NULL, NULL),
	(360, 1, '自建房', '台州市临海市东塍镇测试地址360', '自建房', '', '台州市临海市东塍镇测试地址360', 'house_360.png', '', 278, '安军胡', '2020-05-25', 20, '大湖村', '同意', 1, '超级管理员', '2020-09-29', NULL, NULL),
	(361, 1, '自建房', '台州市临海市东塍镇测试地址361', '自建房', '', '台州市临海市东塍镇测试地址361', 'house_361.png', '', 279, '伟惠徐', '2020-05-25', 20, '大湖村', '同意', 1, '超级管理员', '2020-09-29', NULL, NULL),
	(362, 1, '自建房', '台州市临海市东塍镇测试地址362', '自建房', '', '台州市临海市东塍镇测试地址362', 'house_362.png', '', 280, '余干胡', '2020-05-25', 20, '大湖村', '同意', 1, '超级管理员', '2020-09-29', NULL, NULL),
	(363, 1, '自建房', '台州市临海市东塍镇测试地址363', '自建房', '', '台州市临海市东塍镇测试地址363', 'house_363.png', '', 281, '建友陈', '2020-05-25', 20, '大湖村', '同意', 1, '超级管理员', '2020-09-29', NULL, NULL),
	(364, 1, '自建房', '台州市临海市东塍镇测试地址364', '自建房', '', '台州市临海市东塍镇测试地址364', 'house_364.png', '', 282, '秀俊邬', '2020-05-25', 20, '大湖村', '同意', 1, '超级管理员', '2020-09-29', NULL, NULL),
	(365, 1, '自建房', '台州市临海市东塍镇测试地址365', '自建房', '长街镇大湖村719号201室\n', '台州市临海市东塍镇测试地址365', 'house_365.png', '', 283, '余秀胡', '2020-05-25', 20, '大湖村', '同意', 1, '超级管理员', '2020-09-29', NULL, NULL),
	(366, 1, '自建房', '台州市临海市东塍镇测试地址366', '自建房', '', '台州市临海市东塍镇测试地址366', 'house_366.png', '', 284, '邦杰徐', '2020-05-25', 20, '大湖村', '同意', 1, '超级管理员', '2020-09-29', NULL, NULL),
	(367, 1, '自建房', '台州市临海市东塍镇测试地址367', '自建房', '', '台州市临海市东塍镇测试地址367', 'house_367.png', '', 285, '桂秋胡', '2020-05-25', 20, '大湖村', '同意', 1, '超级管理员', '2020-09-29', NULL, NULL),
	(368, 1, '自建房', '台州市临海市东塍镇测试地址368', '自建房', '', '台州市临海市东塍镇测试地址368', 'house_368.png', '', 250, '珍方鲍', '2020-05-26', 20, '大湖村', '同意', 1, '超级管理员', '2020-09-29', NULL, NULL),
	(369, 1, '自建房', '台州市临海市东塍镇测试地址369', '自建房', '', '台州市临海市东塍镇测试地址369', 'house_369.png', '', 251, '兴岳邵', '2020-05-26', 20, '大湖村', '同意', 1, '超级管理员', '2020-09-29', NULL, NULL),
	(370, 1, '自建房', '台州市临海市东塍镇测试地址370', '宿舍', '', '台州市临海市东塍镇测试地址370', 'house_370.png', '', 252, '欢平戴', '2020-05-26', 20, '大湖村', '同意', 1, '超级管理员', '2020-09-29', NULL, NULL),
	(371, 1, '自建房', '台州市临海市东塍镇测试地址371', '自建房', '', '台州市临海市东塍镇测试地址371', 'house_371.png', '', 253, '敏剑胡', '2020-05-26', 20, '大湖村', '同意', 1, '超级管理员', '2020-09-29', NULL, NULL),
	(373, 1, '自建房', '台州市临海市东塍镇测试地址373', '自建房', '', '台州市临海市东塍镇测试地址373', 'house_373.png', '', 255, '大春杨', '2020-05-26', 20, '大湖村', '同意', 1, '超级管理员', '2020-09-29', NULL, NULL),
	(374, 1, '自建房', '台州市临海市东塍镇测试地址374', '自建房', '', '台州市临海市东塍镇测试地址374', 'house_374.png', '', 256, '兴达叶', '2020-05-26', 20, '大湖村', '同意', 1, '超级管理员', '2020-09-29', NULL, NULL),
	(375, 1, '自建房', '台州市临海市东塍镇测试地址375', '自建房', '', '台州市临海市东塍镇测试地址375', 'house_375.png', '', 257, '国维胡', '2020-05-26', 20, '大湖村', '同意', 1, '超级管理员', '2020-09-29', NULL, NULL),
	(376, 1, '自建房', '台州市临海市东塍镇测试地址376', '自建房', '', '台州市临海市东塍镇测试地址376', 'house_376.png', '', 258, '元林王', '2020-05-26', 20, '大湖村', '同意', 1, '超级管理员', '2020-09-29', NULL, NULL),
	(377, 1, '自建房', '台州市临海市东塍镇测试地址377', '自建房', '', '台州市临海市东塍镇测试地址377', 'house_377.png', '', 259, '建平李', '2020-05-26', 20, '大湖村', '同意', 1, '超级管理员', '2020-09-29', NULL, NULL),
	(378, 1, '自建房', '台州市临海市东塍镇测试地址378', '自建房', '', '台州市临海市东塍镇测试地址378', 'house_378.png', '', 260, '庆宗胡', '2020-05-26', 20, '大湖村', '同意', 1, '超级管理员', '2020-09-29', NULL, NULL),
	(379, 1, '自建房', '台州市临海市东塍镇测试地址379', '自建房', '', '台州市临海市东塍镇测试地址379', 'house_379.png', '', 261, '跃杰胡', '2020-05-26', 20, '大湖村', '同意', 1, '超级管理员', '2020-09-29', NULL, NULL),
	(380, 1, '自建房', '台州市临海市东塍镇测试地址380', '自建房', '', '台州市临海市东塍镇测试地址380', 'house_380.png', '', 262, '剑光王', '2020-05-26', 20, '大湖村', '同意', 1, '超级管理员', '2020-09-29', NULL, NULL),
	(381, 1, '自建房', '台州市临海市东塍镇测试地址381', '自建房', '', '台州市临海市东塍镇测试地址381', 'house_381.png', '', 263, '望兵严', '2020-05-26', 20, '大湖村', '同意', 1, '超级管理员', '2020-09-29', NULL, NULL),
	(382, 1, '自建房', '台州市临海市东塍镇测试地址382', '自建房', '', '台州市临海市东塍镇测试地址382', 'house_382.png', '', 264, '月平胡', '2020-05-26', 20, '大湖村', '同意', 1, '超级管理员', '2020-09-29', NULL, NULL),
	(383, 1, '自建房', '台州市临海市东塍镇测试地址383', '自建房', '', '台州市临海市东塍镇测试地址383', 'house_383.png', '', 265, '海军顾', '2020-05-26', 20, '大湖村', '同意', 1, '超级管理员', '2020-09-29', NULL, NULL),
	(384, 1, '自建房', '台州市临海市东塍镇测试地址384', '自建房', '长街镇大湖村720号\n', '台州市临海市东塍镇测试地址384', 'house_384.png', '', 266, '兴汉胡', '2020-05-26', 20, '大湖村', '同意', 1, '超级管理员', '2020-09-29', NULL, NULL),
	(385, 1, '自建房', '台州市临海市东塍镇测试地址385', '奇精宿舍', '', '台州市临海市东塍镇测试地址385', 'house_385.png', '', 286, '文达黄', '2020-05-26', 20, '大湖村', '同意', 1, '超级管理员', '2020-09-29', NULL, NULL),
	(387, 1, '自建房', '台州市临海市东塍镇测试地址387', '自建房', '', '台州市临海市东塍镇测试地址387', 'house_387.png', '', 288, '益川冯', '2020-05-27', 48, '青农社区', '未审核', 1, '超级管理员', '2020-06-09', NULL, NULL),
	(388, 1, '自建房', '台州市临海市东塍镇测试地址388', '自建房', '', '台州市临海市东塍镇测试地址388', 'house_388.png', '', 289, '珊英胡', '2020-05-27', 48, '青农社区', '未审核', 1, '超级管理员', '2020-06-09', NULL, NULL),
	(389, 1, '自建房', '台州市临海市东塍镇测试地址389', '自建房', '', '台州市临海市东塍镇测试地址389', 'house_389.png', '', 290, '福凯蒋', '2020-05-27', 48, '青农社区', '未审核', 1, '超级管理员', '2020-06-09', NULL, NULL),
	(390, 1, '自建房', '台州市临海市东塍镇测试地址390', '自建房', '', '台州市临海市东塍镇测试地址390', 'house_390.png', '', 291, '伟军苏', '2020-05-27', 48, '青农社区', '未审核', 1, '超级管理员', '2020-06-09', NULL, NULL),
	(391, 1, '自建房', '台州市临海市东塍镇测试地址391', '自建房', '', '台州市临海市东塍镇测试地址391', 'house_391.png', '', 292, '桂平吕', '2020-05-27', 48, '青农社区', '未审核', 1, '超级管理员', '2020-06-09', NULL, NULL),
	(392, 1, '自建房', '台州市临海市东塍镇测试地址392', '自建房', '', '台州市临海市东塍镇测试地址392', 'house_392.png', '', 293, '诗福葛', '2020-05-27', 48, '青农社区', '未审核', 1, '超级管理员', '2020-06-09', NULL, NULL),
	(393, 1, '自建房', '台州市临海市东塍镇测试地址393', '自建房', '', '台州市临海市东塍镇测试地址393', 'house_393.png', '', 294, '士岳陈', '2020-05-27', 48, '青农社区', '同意', 1, '超级管理员', '2020-06-09', NULL, NULL),
	(394, 1, '自建房', '台州市临海市东塍镇测试地址394', '自建房', '', '台州市临海市东塍镇测试地址394', 'house_394.png', '', 295, '基园叶', '2020-05-27', 48, '青农社区', '同意', 1, '超级管理员', '2020-06-09', NULL, NULL),
	(395, 1, '自建房', '台州市临海市东塍镇测试地址395', '自建房', '', '台州市临海市东塍镇测试地址395', 'house_395.png', '', 296, '善志梁', '2020-05-27', 48, '青农社区', '未审核', 1, '超级管理员', '2020-06-09', NULL, NULL),
	(396, 1, '自建房', '台州市临海市东塍镇测试地址396', '自建房', '', '台州市临海市东塍镇测试地址396', 'house_396.png', '', 297, '忠平林', '2020-05-27', 48, '青农社区', '未审核', 1, '超级管理员', '2020-06-10', NULL, NULL),
	(397, 1, '自建房', '台州市临海市东塍镇测试地址397', '自建房', '青珠农场西关321号\n', '台州市临海市东塍镇测试地址397', 'house_397.png', '', 298, '余良胡', '2020-05-27', 48, '青农社区', '未审核', 1, '超级管理员', '2020-06-10', NULL, NULL),
	(398, 1, '自建房', '台州市临海市东塍镇测试地址398', '自建房', '', '台州市临海市东塍镇测试地址398', 'house_398.png', '', 299, '银忠祝', '2020-05-27', 48, '青农社区', '未审核', 1, '超级管理员', '2020-06-10', NULL, NULL),
	(399, 1, '自建房', '台州市临海市东塍镇测试地址399', '自建房', '', '台州市临海市东塍镇测试地址399', 'house_399.png', '', 300, '鑫健李', '2020-05-28', 48, '青农社区', '同意', 1, '超级管理员', '2020-06-10', NULL, NULL),
	(400, 1, '自建房', '台州市临海市东塍镇测试地址400', '自建房', '', '台州市临海市东塍镇测试地址400', 'house_400.png', '', 301, '法林闻', '2020-05-28', 48, '青农社区', '同意', 1, '超级管理员', '2020-06-10', NULL, NULL),
	(401, 1, '自建房', '台州市临海市东塍镇测试地址401', '自建房', '', '台州市临海市东塍镇测试地址401', 'house_401.png', '', 302, '小梅颜', '2020-05-28', 48, '青农社区', '未审核', 1, '超级管理员', '2020-06-10', NULL, NULL),
	(402, 1, '自建房', '台州市临海市东塍镇测试地址402', '自建房', '', '台州市临海市东塍镇测试地址402', 'house_402.png', '', 303, '建良许', '2020-05-28', 48, '青农社区', '未审核', 1, '超级管理员', '2020-06-10', NULL, NULL),
	(403, 1, '自建房', '台州市临海市东塍镇测试地址403', '自建房', '', '台州市临海市东塍镇测试地址403', 'house_403.png', '', 304, '金刚章', '2020-05-28', 48, '青农社区', '未审核', 1, '超级管理员', '2020-06-10', NULL, NULL),
	(404, 1, '自建房', '台州市临海市东塍镇测试地址404', '自建房', '', '台州市临海市东塍镇测试地址404', 'house_404.png', '', 305, '彩凤孙', '2020-05-28', 48, '青农社区', '未审核', 1, '超级管理员', '2020-06-10', NULL, NULL),
	(405, 1, '自建房', '台州市临海市东塍镇测试地址405', '自建房', '', '台州市临海市东塍镇测试地址405', 'house_405.png', '', 306, '宏辉尤', '2020-05-28', 48, '青农社区', '未审核', 1, '超级管理员', '2020-06-10', NULL, NULL),
	(406, 1, '自建房', '台州市临海市东塍镇测试地址406', '自建房', '', '台州市临海市东塍镇测试地址406', 'house_406.png', '', 307, '永明章', '2020-05-28', 48, '青农社区', '未审核', 1, '超级管理员', '2020-06-10', NULL, NULL),
	(407, 1, '自建房', '台州市临海市东塍镇测试地址407', '自建房', '', '台州市临海市东塍镇测试地址407', 'house_407.png', '', 308, '良根陈', '2020-05-28', 48, '青农社区', '未审核', 1, '超级管理员', '2020-06-10', NULL, NULL),
	(408, 1, '自建房', '台州市临海市东塍镇测试地址408', '自建房', '青珠农场西关28号\n', '台州市临海市东塍镇测试地址408', 'house_408.png', '', 309, '阳娥汪', '2020-05-28', 48, '青农社区', '未审核', 1, '超级管理员', '2020-06-10', NULL, NULL),
	(409, 1, '自建房', '台州市临海市东塍镇测试地址409', '自建房', '', '台州市临海市东塍镇测试地址409', 'house_409.png', '', 310, '德芳唐', '2020-05-28', 48, '青农社区', '未审核', 1, '超级管理员', '2020-06-10', NULL, NULL),
	(410, 1, '自建房', '台州市临海市东塍镇测试地址410', '自建房', '', '台州市临海市东塍镇测试地址410', 'house_410.png', '', 311, '米富谢', '2020-05-28', 48, '青农社区', '未审核', 1, '超级管理员', '2020-06-10', NULL, NULL),
	(411, 1, '自建房', '台州市临海市东塍镇测试地址411', '自建房', '', '台州市临海市东塍镇测试地址411', 'house_411.png', '', 312, '亚芬柴', '2020-05-28', 48, '青农社区', '未审核', 1, '超级管理员', '2020-06-10', NULL, NULL),
	(413, 1, '自建房', '台州市临海市东塍镇测试地址413', '新的1号', '新', '台州市临海市东塍镇测试地址413', NULL, '1', 8, '郑为中', NULL, 5, '开发区', '同意', 1, '超级管理员', '2020-06-10', NULL, NULL),
	(415, 5, '商品房', '台州市临海市东塍镇测试地址415', 'rrrrrrrr', 'rrrrrrrr', '台州市临海市东塍镇测试地址415', 'house_415.png', '', 347, '张三张', '2020-06-03', 5, '开发区', '同意', 1, '超级管理员', '2020-06-10', NULL, NULL),
	(417, 1, '自建房', '台州市临海市东塍镇测试地址417', '自建房', '', '台州市临海市东塍镇测试地址417', 'house_417.png', '', 350, '兴虎吕', '2020-06-03', 9, '洋湖村', '同意', 1, '超级管理员', '2020-06-10', NULL, NULL),
	(418, 1, '自建房', '台州市临海市东塍镇测试地址418', '自建房', '', '台州市临海市东塍镇测试地址418', 'house_418.png', '', 313, '林芳施', '2020-06-09', 7, '长街村', '同意', 1, '超级管理员', '2020-06-10', NULL, NULL),
	(419, 1, '自建房', '台州市临海市东塍镇测试地址419', '自建房', '', '台州市临海市东塍镇测试地址419', 'house_419.png', '', 314, '良韬张', '2020-06-09', 7, '长街村', '未审核', 1, '超级管理员', '2020-06-10', NULL, NULL),
	(420, 1, '自建房', '台州市临海市东塍镇测试地址420', '自建房', '', '台州市临海市东塍镇测试地址420', 'house_420.png', '', 315, '大可王', '2020-06-09', 7, '长街村', '未审核', 1, '超级管理员', '2020-06-10', NULL, NULL),
	(421, 1, '自建房', '台州市临海市东塍镇测试地址421', '自建房', '', '台州市临海市东塍镇测试地址421', 'house_421.png', '', 316, '朝辉王', '2020-06-09', 7, '长街村', '未审核', 1, '超级管理员', '2020-07-01', NULL, NULL),
	(422, 1, '自建房', '台州市临海市东塍镇测试地址422', '青珠塘69.70号', '', '台州市临海市东塍镇测试地址422', 'house_422.png', '', 56, '邦友罗', '2020-06-10', 47, '青珠村', '同意', 1, '超级管理员', '2020-07-01', NULL, NULL),
	(423, 1, '自建房', '台州市临海市东塍镇测试地址423', '青珠塘68号', '', '台州市临海市东塍镇测试地址423', 'house_423.png', '', 56, '邦友罗', '2020-06-10', 47, '青珠村', '同意', 1, '超级管理员', '2020-07-01', NULL, NULL),
	(424, 1, '自建房', '台州市临海市东塍镇测试地址424', '青珠塘67号', '', '台州市临海市东塍镇测试地址424', 'house_424.png', '', 56, '邦友罗', '2020-06-10', 47, '青珠村', '同意', 1, '超级管理员', '2020-07-01', NULL, NULL),
	(425, 1, '自建房', '台州市临海市东塍镇测试地址425', '青珠塘63号', '', '台州市临海市东塍镇测试地址425', 'house_425.png', '', 56, '邦友罗', '2020-06-10', 47, '青珠村', '同意', 1, '超级管理员', '2020-07-01', NULL, NULL),
	(426, 1, '自建房', '台州市临海市东塍镇测试地址426', '青珠塘61.62号', '', '台州市临海市东塍镇测试地址426', 'house_426.png', '', 56, '邦友罗', '2020-06-10', 47, '青珠村', '同意', 1, '超级管理员', '2020-07-01', NULL, NULL),
	(427, 1, '自建房', '台州市临海市东塍镇测试地址427', '青珠塘57.58号', '', '台州市临海市东塍镇测试地址427', 'house_427.png', '', 56, '邦友罗', '2020-06-10', 47, '青珠村', '同意', 1, '超级管理员', '2020-07-01', NULL, NULL),
	(428, 1, '自建房', '台州市临海市东塍镇测试地址428', '青珠塘54号', '', '台州市临海市东塍镇测试地址428', 'house_428.png', '', 56, '邦友罗', '2020-06-10', 47, '青珠村', '同意', 1, '超级管理员', '2020-07-01', NULL, NULL),
	(429, 1, '自建房', '台州市临海市东塍镇测试地址429', '青珠塘52.53号', '', '台州市临海市东塍镇测试地址429', 'house_429.png', '', 56, '邦友罗', '2020-06-10', 47, '青珠村', '同意', 1, '超级管理员', '2020-07-01', NULL, NULL),
	(430, 1, '自建房', '台州市临海市东塍镇测试地址430', '青珠塘44.45.46号', '', '台州市临海市东塍镇测试地址430', 'house_430.png', '', 56, '邦友罗', '2020-06-10', 47, '青珠村', '同意', 1, '超级管理员', '2020-07-03', NULL, NULL),
	(431, 1, '自建房', '台州市临海市东塍镇测试地址431', '青珠塘36号', '', '台州市临海市东塍镇测试地址431', 'house_431.png', '', 56, '邦友罗', '2020-06-10', 47, '青珠村', '同意', 1, '超级管理员', '2020-07-03', NULL, NULL),
	(432, 1, '自建房', '台州市临海市东塍镇测试地址432', '青珠塘32.43号', '', '台州市临海市东塍镇测试地址432', 'house_432.png', '', 56, '邦友罗', '2020-06-10', 47, '青珠村', '同意', 1, '超级管理员', '2020-07-03', NULL, NULL),
	(433, 1, '自建房', '台州市临海市东塍镇测试地址433', '27.28.29.37.38.39号', '', '台州市临海市东塍镇测试地址433', 'house_433.png', '', 56, '邦友罗', '2020-06-10', 47, '青珠村', '同意', 1, '超级管理员', '2020-07-03', NULL, NULL),
	(434, 1, '自建房', '台州市临海市东塍镇测试地址434', '青珠塘18号', '', '台州市临海市东塍镇测试地址434', 'house_434.png', '', 56, '邦友罗', '2020-06-10', 47, '青珠村', '同意', 1, '超级管理员', '2020-07-03', NULL, NULL),
	(435, 1, '自建房', '台州市临海市东塍镇测试地址435', '青珠塘13.59.60号', '', '台州市临海市东塍镇测试地址435', 'house_435.png', '', 56, '邦友罗', '2020-06-10', 47, '青珠村', '同意', 1, '超级管理员', '2020-07-03', NULL, NULL),
	(436, 1, '自建房', '台州市临海市东塍镇测试地址436', '青珠塘12号', '', '台州市临海市东塍镇测试地址436', 'house_436.png', '', 56, '邦友罗', '2020-06-10', 47, '青珠村', '同意', 1, '超级管理员', '2020-07-03', NULL, NULL),
	(437, 1, '自建房', '台州市临海市东塍镇测试地址437', '青珠塘7.8号', '', '台州市临海市东塍镇测试地址437', 'house_437.png', '', 56, '邦友罗', '2020-06-10', 47, '青珠村', '同意', 1, '超级管理员', '2020-07-03', NULL, NULL),
	(438, 1, '自建房', '台州市临海市东塍镇测试地址438', '青珠塘3号', '', '台州市临海市东塍镇测试地址438', 'house_438.png', '', 56, '邦友罗', '2020-06-10', 47, '青珠村', '同意', 1, '超级管理员', '2020-07-03', NULL, NULL),
	(439, 1, '自建房', '台州市临海市东塍镇测试地址439', '青珠塘（下公和）8.9号', '', '台州市临海市东塍镇测试地址439', 'house_439.png', '', 56, '邦友罗', '2020-06-10', 49, '新五星村', '同意', 1, '超级管理员', '2020-07-03', NULL, NULL),
	(440, 1, '自建房', '台州市临海市东塍镇测试地址440', '青珠塘（下公和）7.10号', '', '台州市临海市东塍镇测试地址440', 'house_440.png', '', 56, '邦友罗', '2020-06-10', 49, '新五星村', '同意', 1, '超级管理员', '2020-07-03', NULL, NULL),
	(441, 1, '自建房', '台州市临海市东塍镇测试地址441', '自建房', '', '台州市临海市东塍镇测试地址441', 'house_441.png', '', 317, '珊方袁', '2020-07-01', 7, '长街村', '未审核', 1, '超级管理员', '2020-07-03', NULL, NULL),
	(442, 1, '自建房', '台州市临海市东塍镇测试地址442', '自建房', '', '台州市临海市东塍镇测试地址442', 'house_442.png', '', 351, '增和冯', '2020-07-01', 7, '长街村', '未审核', 1, '超级管理员', '2020-07-03', NULL, NULL),
	(443, 1, '自建房', '台州市临海市东塍镇测试地址443', '自建房', '', '台州市临海市东塍镇测试地址443', 'house_443.png', '', 318, '凌云赵', '2020-07-01', 7, '长街村', '同意', 1, '超级管理员', '2020-07-06', NULL, NULL),
	(445, 1, '自建房', '台州市临海市东塍镇测试地址445', '自建房', '', '台州市临海市东塍镇测试地址445', 'house_445.png', '', 319, '吉兵张', '2020-07-01', 7, '长街村', '未审核', 1, '超级管理员', '2020-07-06', NULL, NULL),
	(446, 1, '自建房', '台州市临海市东塍镇测试地址446', '自建房', '', '台州市临海市东塍镇测试地址446', 'house_446.png', '', 320, '宽宏王', '2020-07-01', 7, '长街村', '未审核', 1, '超级管理员', '2020-07-06', NULL, NULL),
	(447, 1, '自建房', '台州市临海市东塍镇测试地址447', '自建房', '', '台州市临海市东塍镇测试地址447', 'house_447.png', '', 321, '林平徐', '2020-07-01', 7, '长街村', '未审核', 1, '超级管理员', '2020-07-06', NULL, NULL),
	(448, 1, '自建房', '台州市临海市东塍镇测试地址448', '自建房', '', '台州市临海市东塍镇测试地址448', 'house_448.png', '', 322, '何昙何', '2020-07-01', 7, '长街村', '同意', 1, '超级管理员', '2020-07-06', NULL, NULL),
	(449, 1, '自建房', '台州市临海市东塍镇测试地址449', '自建房', '', '台州市临海市东塍镇测试地址449', 'house_449.png', '', 323, '荣明周', '2020-07-01', 7, '长街村', '未审核', 1, '超级管理员', '2020-07-06', NULL, NULL),
	(450, 1, '自建房', '台州市临海市东塍镇测试地址450', '自建房', '', '台州市临海市东塍镇测试地址450', 'house_450.png', '', 324, '其木蒋', '2020-07-01', 7, '长街村', '未审核', 1, '超级管理员', '2020-07-06', NULL, NULL),
	(451, 1, '自建房', '台州市临海市东塍镇测试地址451', '自建房', '', '台州市临海市东塍镇测试地址451', 'house_451.png', '', 325, '鲍芸鲍', '2020-07-01', 7, '长街村', '未审核', 1, '超级管理员', '2020-07-06', NULL, NULL),
	(452, 1, '自建房', '台州市临海市东塍镇测试地址452', '自建房', '', '台州市临海市东塍镇测试地址452', 'house_452.png', '', 326, '大乾谢', '2020-07-01', 7, '长街村', '未审核', 1, '超级管理员', '2020-07-06', NULL, NULL),
	(453, 1, '自建房', '台州市临海市东塍镇测试地址453', '自建房', '', '台州市临海市东塍镇测试地址453', 'house_453.png', '', 104, '先龙邵', '2020-07-01', 7, '长街村', '未审核', 1, '超级管理员', '2020-07-06', NULL, NULL),
	(454, 1, '自建房', '台州市临海市东塍镇测试地址454', '自建房', '', '台州市临海市东塍镇测试地址454', 'house_454.png', '', 327, '谋一杨', '2020-07-01', 7, '长街村', '未审核', 1, '超级管理员', '2020-07-06', NULL, NULL),
	(455, 1, '自建房', '台州市临海市东塍镇测试地址455', '自建房', '', '台州市临海市东塍镇测试地址455', 'house_455.png', '', 328, '培权胡', '2020-07-01', 7, '长街村', '同意', 1, '超级管理员', '2020-07-06', NULL, NULL),
	(456, 1, '自建房', '台州市临海市东塍镇测试地址456', '自建房', '', '台州市临海市东塍镇测试地址456', 'house_456.png', '', 329, '小旺叶', '2020-07-01', 7, '长街村', '未审核', 1, '超级管理员', '2020-07-06', NULL, NULL),
	(457, 1, '自建房', '台州市临海市东塍镇测试地址457', '自建房', '', '台州市临海市东塍镇测试地址457', 'house_457.png', '', 330, '必明王', '2020-07-01', 7, '长街村', '未审核', 1, '超级管理员', '2020-07-09', NULL, NULL),
	(458, 1, '自建房', '台州市临海市东塍镇测试地址458', '自建房', '', '台州市临海市东塍镇测试地址458', 'house_458.png', '', 331, '安宝杜', '2020-07-01', 7, '长街村', '未审核', 1, '超级管理员', '2020-07-09', NULL, NULL),
	(459, 1, '自建房', '台州市临海市东塍镇测试地址459', '自建房', '', '台州市临海市东塍镇测试地址459', 'house_459.png', '', 332, '冬女金', '2020-07-01', 7, '长街村', '未审核', 1, '超级管理员', '2020-07-09', NULL, NULL),
	(460, 1, '自建房', '台州市临海市东塍镇测试地址460', '自建房', '', '台州市临海市东塍镇测试地址460', 'house_460.png', '', 333, '根福朱', '2020-07-01', 7, '长街村', '未审核', 1, '超级管理员', '2020-07-09', NULL, NULL),
	(461, 1, '自建房', '台州市临海市东塍镇测试地址461', '自建房', '', '台州市临海市东塍镇测试地址461', 'house_461.png', '', 334, '尧丰王', '2020-07-01', 7, '长街村', '未审核', 1, '超级管理员', '2020-07-09', NULL, NULL),
	(462, 1, '自建房', '台州市临海市东塍镇测试地址462', '自建房', '', '台州市临海市东塍镇测试地址462', 'house_462.png', '', 335, '小平张', '2020-07-03', 7, '长街村', '未审核', 1, '超级管理员', '2020-07-09', NULL, NULL),
	(463, 1, '自建房', '台州市临海市东塍镇测试地址463', '自建房', '', '台州市临海市东塍镇测试地址463', 'house_463.png', '', 336, '才官郑', '2020-07-03', 7, '长街村', '同意', 1, '超级管理员', '2020-07-09', NULL, NULL),
	(464, 1, '自建房', '台州市临海市东塍镇测试地址464', '自建房', '', '台州市临海市东塍镇测试地址464', 'house_464.png', '', 337, '美时徐', '2020-07-03', 7, '长街村', '未审核', 1, '超级管理员', '2020-07-09', NULL, NULL),
	(465, 1, '自建房', '台州市临海市东塍镇测试地址465', '自建房', '', '台州市临海市东塍镇测试地址465', 'house_465.png', '', 338, '锡彪徐', '2020-07-03', 7, '长街村', '未审核', 1, '超级管理员', '2020-07-09', NULL, NULL),
	(466, 1, '自建房', '台州市临海市东塍镇测试地址466', '自建房', '', '台州市临海市东塍镇测试地址466', 'house_466.png', '', 339, '海娅王', '2020-07-03', 7, '长街村', '未审核', 1, '超级管理员', '2020-07-09', NULL, NULL),
	(467, 1, '自建房', '台州市临海市东塍镇测试地址467', '自建房', '长街镇长街村东兴中路162号\n', '台州市临海市东塍镇测试地址467', 'house_467.png', '', 340, '撑苗陈', '2020-07-03', 7, '长街村', '未审核', 1, '超级管理员', '2020-07-09', NULL, NULL),
	(468, 1, '自建房', '台州市临海市东塍镇测试地址468', '自建房', '', '台州市临海市东塍镇测试地址468', 'house_468.png', '', 341, '金富黄', '2020-07-03', 7, '长街村', '未审核', 1, '超级管理员', '2020-07-09', NULL, NULL),
	(469, 1, '自建房', '台州市临海市东塍镇测试地址469', '自建房', '', '台州市临海市东塍镇测试地址469', 'house_469.png', '', 342, '其元赖', '2020-07-03', 7, '长街村', '未审核', 1, '超级管理员', '2020-07-09', NULL, NULL),
	(470, 1, '自建房', '台州市临海市东塍镇测试地址470', '自建房', '', '台州市临海市东塍镇测试地址470', 'house_470.png', '', 343, '世昌黄', '2020-07-03', 7, '长街村', '未审核', 1, '超级管理员', '2020-07-09', NULL, NULL),
	(471, 1, '自建房', '台州市临海市东塍镇测试地址471', '自建房', '', '台州市临海市东塍镇测试地址471', 'house_471.png', '', 344, '贵祥周', '2020-07-06', 7, '长街村', '未审核', 1, '超级管理员', '2020-07-09', NULL, NULL),
	(472, 1, '自建房', '台州市临海市东塍镇测试地址472', '自建房', '', '台州市临海市东塍镇测试地址472', 'house_472.png', '', 356, '远宗谢', '2020-07-06', 7, '长街村', '未审核', 1, '超级管理员', '2020-07-09', NULL, NULL),
	(473, 1, '自建房', '台州市临海市东塍镇测试地址473', '自建房', '', '台州市临海市东塍镇测试地址473', 'house_473.png', '', 358, '菊兰应', '2020-07-06', 7, '长街村', '未审核', 1, '超级管理员', '2020-07-09', NULL, NULL),
	(474, 1, '自建房', '台州市临海市东塍镇测试地址474', '自建房', '', '台州市临海市东塍镇测试地址474', 'house_474.png', '', 359, '春林赵', '2020-07-06', 7, '长街村', '未审核', 1, '超级管理员', '2020-07-09', NULL, NULL),
	(475, 1, '自建房', '台州市临海市东塍镇测试地址475', '自建房', '', '台州市临海市东塍镇测试地址475', 'house_475.png', '', 362, '伟江王', '2020-07-06', 7, '长街村', '未审核', 1, '超级管理员', '2020-07-09', NULL, NULL),
	(476, 1, '自建房', '台州市临海市东塍镇测试地址476', '自建房', '', '台州市临海市东塍镇测试地址476', 'house_476.png', '', 363, '必坤王', '2020-07-06', 7, '长街村', '未审核', 1, '超级管理员', '2020-07-09', NULL, NULL),
	(477, 1, '自建房', '台州市临海市东塍镇测试地址477', '自建房', '', '台州市临海市东塍镇测试地址477', 'house_477.png', '', 364, '必和王', '2020-07-06', 7, '长街村', '未审核', 1, '超级管理员', '2020-07-09', NULL, NULL),
	(478, 1, '自建房', '台州市临海市东塍镇测试地址478', '自建房', '', '台州市临海市东塍镇测试地址478', 'house_478.png', '', 365, '昌良顾', '2020-07-06', 7, '长街村', '未审核', 1, '超级管理员', '2020-07-09', NULL, NULL),
	(479, 1, '自建房', '台州市临海市东塍镇测试地址479', '自建房', '', '台州市临海市东塍镇测试地址479', 'house_479.png', '', 366, '道槐王', '2020-07-06', 7, '长街村', '未审核', 1, '超级管理员', '2020-07-09', NULL, NULL),
	(480, 1, '自建房', '台州市临海市东塍镇测试地址480', '自建房', '', '台州市临海市东塍镇测试地址480', 'house_480.png', '', 367, '立勇朱', '2020-07-06', 7, '长街村', '未审核', 1, '超级管理员', '2020-08-20', NULL, NULL),
	(481, 1, '自建房', '台州市临海市东塍镇测试地址481', '自建房', '', '台州市临海市东塍镇测试地址481', 'house_481.png', '', 368, '三明戴', '2020-07-06', 7, '长街村', '未审核', 1, '超级管理员', '2020-08-20', NULL, NULL),
	(482, 1, '自建房', '台州市临海市东塍镇测试地址482', '自建房', '', '台州市临海市东塍镇测试地址482', 'house_482.png', '', 369, '可芦应', '2020-07-06', 7, '长街村', '未审核', 1, '超级管理员', '2020-08-20', NULL, NULL),
	(483, 1, '自建房', '台州市临海市东塍镇测试地址483', '自建房', '', '台州市临海市东塍镇测试地址483', 'house_483.png', '', 371, '昌吉李', '2020-07-06', 7, '长街村', '未审核', 1, '超级管理员', '2020-08-20', NULL, NULL),
	(484, 1, '自建房', '台州市临海市东塍镇测试地址484', '自建房', '', '台州市临海市东塍镇测试地址484', 'house_484.png', '', 372, '彩娇翁', '2020-07-09', 7, '长街村', '未审核', 1, '超级管理员', '2020-08-20', NULL, NULL),
	(485, 1, '自建房', '台州市临海市东塍镇测试地址485', '自建房', '', '台州市临海市东塍镇测试地址485', 'house_485.png', '', 373, '常英胡', '2020-07-09', 7, '长街村', '未审核', 1, '超级管理员', '2020-08-20', NULL, NULL),
	(486, 1, '自建房', '台州市临海市东塍镇测试地址486', '自建房', '', '台州市临海市东塍镇测试地址486', 'house_486.png', '', 376, '积强阮', '2020-07-09', 7, '长街村', '未审核', 1, '超级管理员', '2020-08-20', NULL, NULL),
	(487, 1, '自建房', '台州市临海市东塍镇测试地址487', '自建房', '', '台州市临海市东塍镇测试地址487', 'house_487.png', '', 378, '志鸿胡', '2020-07-09', 7, '长街村', '未审核', 1, '超级管理员', '2020-08-20', NULL, NULL),
	(488, 1, '自建房', '台州市临海市东塍镇测试地址488', '自建房', '长街镇长街村碧海家园2幢3单元406室\n', '台州市临海市东塍镇测试地址488', 'house_488.png', '', 379, '月剑黄', '2020-07-09', 7, '长街村', '同意', 1, '超级管理员', '2020-08-20', NULL, NULL),
	(489, 1, '自建房', '台州市临海市东塍镇测试地址489', '自建房', '', '台州市临海市东塍镇测试地址489', 'house_489.png', '', 382, '允千冯', '2020-07-09', 7, '长街村', '未审核', 1, '超级管理员', '2020-08-20', NULL, NULL),
	(490, 1, '自建房', '台州市临海市东塍镇测试地址490', '自建房', '', '台州市临海市东塍镇测试地址490', 'house_490.png', '', 383, '显法叶', '2020-07-09', 7, '长街村', '同意', 1, '超级管理员', '2020-08-20', NULL, NULL),
	(491, 1, '自建房', '台州市临海市东塍镇测试地址491', '自建房', '', '台州市临海市东塍镇测试地址491', 'house_491.png', '', 384, '明华方', '2020-07-09', 7, '长街村', '未审核', 1, '超级管理员', '2020-08-20', NULL, NULL),
	(492, 1, '自建房', '台州市临海市东塍镇测试地址492', '自建房', '', '台州市临海市东塍镇测试地址492', 'house_492.png', '', 385, '小平胡', '2020-07-09', 7, '长街村', '未审核', 1, '超级管理员', '2020-08-20', NULL, NULL),
	(493, 1, '自建房', '台州市临海市东塍镇测试地址493', '自建房', '', '台州市临海市东塍镇测试地址493', 'house_493.png', '', 386, '金木葛', '2020-07-09', 7, '长街村', '未审核', 1, '超级管理员', '2020-08-20', NULL, NULL),
	(494, 1, '自建房', '台州市临海市东塍镇测试地址494', '自建房', '', '台州市临海市东塍镇测试地址494', 'house_494.png', '', 387, '必忠王', '2020-07-09', 7, '长街村', '未审核', 1, '超级管理员', '2020-08-20', NULL, NULL),
	(495, 1, '自建房', '台州市临海市东塍镇测试地址495', '自建房', '', '台州市临海市东塍镇测试地址495', 'house_495.png', '', 388, '雪芳俞', '2020-07-09', 7, '长街村', '未审核', 1, '超级管理员', '2020-08-20', NULL, NULL),
	(496, 1, '自建房', '台州市临海市东塍镇测试地址496', '自建房', '', '台州市临海市东塍镇测试地址496', 'house_496.png', '', 377, '瑞臣冯', '2020-07-09', 46, '港中村', '同意', 1, '超级管理员', '2020-08-20', NULL, NULL),
	(497, 1, '自建房', '台州市临海市东塍镇测试地址497', '自建房', '', '台州市临海市东塍镇测试地址497', 'house_497.png', '', 374, '美英徐', '2020-07-09', 7, '长街村', '未审核', 1, '超级管理员', '2020-08-20', NULL, NULL),
	(498, 1, '自建房', '台州市临海市东塍镇测试地址498', '自建房', '', '台州市临海市东塍镇测试地址498', 'house_498.png', '', 381, '大方谢', '2020-07-09', 7, '长街村', '未审核', 1, '超级管理员', '2020-08-20', NULL, NULL),
	(499, 1, '自建房', '台州市临海市东塍镇测试地址499', '新明塘', '', '台州市临海市东塍镇测试地址499', 'house_499.png', '', 389, '光撑徐', '2020-07-09', 51, '新南村', '同意', 1, '超级管理员', '2020-08-20', NULL, NULL),
	(501, 1, '自建房', '台州市临海市东塍镇测试地址501', '盐场塘2号', '', '台州市临海市东塍镇测试地址501', 'house_501.png', '', 96, '兴宝徐', '2020-07-09', 28, '伍山村', '同意', 1, '超级管理员', '2020-08-20', NULL, NULL),
	(504, 1, '自建房', '台州市临海市东塍镇测试地址504', '盐场塘7号', '', '台州市临海市东塍镇测试地址504', 'house_504.png', '', 96, '兴宝徐', '2020-07-09', 28, '伍山村', '同意', 1, '超级管理员', '2020-08-20', NULL, NULL),
	(505, 1, '自建房', '台州市临海市东塍镇测试地址505', '盐场塘8号', '', '台州市临海市东塍镇测试地址505', 'house_505.png', '', 96, '兴宝徐', '2020-07-09', 28, '伍山村', '同意', 1, '超级管理员', '2020-08-20', NULL, NULL),
	(507, 1, '自建房', '台州市临海市东塍镇测试地址507', '盐场塘10号', '', '台州市临海市东塍镇测试地址507', 'house_507.png', '', 96, '兴宝徐', '2020-07-09', 28, '伍山村', '同意', 1, '超级管理员', '2020-08-20', NULL, NULL),
	(512, 1, '自建房', '台州市临海市东塍镇测试地址512', '盐场塘27号', '', '台州市临海市东塍镇测试地址512', 'house_512.png', '', 96, '兴宝徐', '2020-07-09', 28, '伍山村', '同意', 1, '超级管理员', '2020-08-20', NULL, NULL),
	(513, 1, '自建房', '台州市临海市东塍镇测试地址513', '盐场塘22号', '', '台州市临海市东塍镇测试地址513', 'house_513.png', '', 96, '兴宝徐', '2020-07-09', 28, '伍山村', '同意', 1, '超级管理员', '2020-08-20', NULL, NULL),
	(515, 1, '自建房', '台州市临海市东塍镇测试地址515', '盐场塘29号', '', '台州市临海市东塍镇测试地址515', 'house_515.png', '', 96, '兴宝徐', '2020-07-09', 28, '伍山村', '同意', 1, '超级管理员', '2020-08-20', NULL, NULL),
	(519, 1, '自建房', '台州市临海市东塍镇测试地址519', '保卫塘44号', '', '台州市临海市东塍镇测试地址519', 'house_519.png', '', 96, '兴宝徐', '2020-07-09', 6, '下洋涂', '同意', 1, '超级管理员', '2020-08-20', NULL, NULL),
	(520, 1, '自建房', '台州市临海市东塍镇测试地址520', '保卫塘45号', '', '台州市临海市东塍镇测试地址520', 'house_520.png', '', 96, '兴宝徐', '2020-07-09', 6, '下洋涂', '同意', 1, '超级管理员', '2020-08-20', NULL, NULL),
	(523, 1, '自建房', '台州市临海市东塍镇测试地址523', '保卫塘35号', '', '台州市临海市东塍镇测试地址523', 'house_523.png', '', 96, '兴宝徐', '2020-07-09', 6, '下洋涂', '同意', 1, '超级管理员', '2020-08-20', NULL, NULL),
	(524, 1, '自建房', '台州市临海市东塍镇测试地址524', '保卫塘34号', '', '台州市临海市东塍镇测试地址524', 'house_524.png', '', 96, '兴宝徐', '2020-07-09', 6, '下洋涂', '同意', 1, '超级管理员', '2020-08-20', NULL, NULL),
	(525, 1, '自建房', '台州市临海市东塍镇测试地址525', '保卫塘29号', '', '台州市临海市东塍镇测试地址525', 'house_525.png', '', 96, '兴宝徐', '2020-07-09', 6, '下洋涂', '同意', 1, '超级管理员', '2020-08-20', NULL, NULL),
	(527, 1, '自建房', '台州市临海市东塍镇测试地址527', '保卫塘6号', '', '台州市临海市东塍镇测试地址527', 'house_527.png', '', 96, '兴宝徐', '2020-07-09', 6, '下洋涂', '同意', 1, '超级管理员', '2020-08-20', NULL, NULL),
	(528, 1, '自建房', '台州市临海市东塍镇测试地址528', '保卫塘14号', '', '台州市临海市东塍镇测试地址528', 'house_528.png', '', 96, '兴宝徐', '2020-07-09', 6, '下洋涂', '同意', 1, '超级管理员', '2020-08-20', NULL, NULL),
	(529, 1, '自建房', '台州市临海市东塍镇测试地址529', '保卫塘12.号', '', '台州市临海市东塍镇测试地址529', 'house_529.png', '', 96, '兴宝徐', '2020-07-09', 6, '下洋涂', '同意', 1, '超级管理员', '2020-08-20', NULL, NULL),
	(530, 1, '自建房', '台州市临海市东塍镇测试地址530', '保卫塘13号', '', '台州市临海市东塍镇测试地址530', 'house_530.png', '', 96, '兴宝徐', '2020-07-09', 6, '下洋涂', '同意', 1, '超级管理员', '2020-08-20', NULL, NULL),
	(531, 1, '自建房', '台州市临海市东塍镇测试地址531', '保卫塘2号', '', '台州市临海市东塍镇测试地址531', 'house_531.png', '', 96, '兴宝徐', '2020-07-09', 6, '下洋涂', '同意', 1, '超级管理员', '2020-08-20', NULL, NULL),
	(532, 1, '自建房', '台州市临海市东塍镇测试地址532', '保卫塘4号', '', '台州市临海市东塍镇测试地址532', 'house_532.png', '', 96, '兴宝徐', '2020-07-09', 6, '下洋涂', '同意', 1, '超级管理员', '2020-08-20', NULL, NULL),
	(533, 1, '自建房', '台州市临海市东塍镇测试地址533', '盐场塘3号', '', '台州市临海市东塍镇测试地址533', 'house_533.png', '', 96, '兴宝徐', '2020-07-10', 28, '伍山村', '同意', 1, '超级管理员', '2020-08-20', NULL, NULL),
	(539, 1, '自建房', '台州市临海市东塍镇测试地址539', '自建房', '', '台州市临海市东塍镇测试地址539', 'house_539.png', '', 173, '永西陈', '2020-08-20', 33, '下塘村', '同意', 1, '超级管理员', '2020-08-20', NULL, NULL),
	(548, 2, '电梯房', '台州市临海市东塍镇测试地址548', '课室', '改', '台州市临海市东塍镇测试地址548', NULL, '0', 391, '柯南柯', NULL, 5, '开发区', '未审核', NULL, NULL, NULL, NULL, NULL);
/*!40000 ALTER TABLE `house` ENABLE KEYS */;

-- 导出  表 forestry.houseowner 结构
DROP TABLE IF EXISTS `houseowner`;
CREATE TABLE IF NOT EXISTS `houseowner` (
  `id` bigint(20) NOT NULL AUTO_INCREMENT,
  `houseOwnerCode` varchar(30) NOT NULL DEFAULT '' COMMENT '登录账号',
  `houseOwnerPassWord` varchar(32) NOT NULL DEFAULT '' COMMENT '登录密码',
  `houseOwnerName` varchar(30) DEFAULT '' COMMENT '姓名',
  `houseOwnerIdentify` varchar(30) DEFAULT '' COMMENT '身份证号',
  `houseOwnerTel` varchar(200) DEFAULT '' COMMENT '电话',
  `houseOwnerDesc` varchar(200) DEFAULT '' COMMENT '描述信息',
  `houseOwnerAddress` varchar(200) DEFAULT '' COMMENT '住址',
  `houseOwnerRole` bigint(20) NOT NULL DEFAULT '-1' COMMENT '角色类型',
  `houseOwnerLastLoginTime` date DEFAULT NULL COMMENT '最后一次登录',
  `registDate` date DEFAULT NULL COMMENT '注册时间',
  `checkOpion` varchar(50) DEFAULT '未审核' COMMENT '审核内容',
  `checkerId` bigint(20) DEFAULT '-1' COMMENT '审核者ID',
  `checkerName` varchar(50) DEFAULT '' COMMENT '审核者姓名',
  `checkDate` date DEFAULT NULL COMMENT '审核时间',
  `houseOwnerImage` varchar(255) DEFAULT '' COMMENT '房主照片',
  `houseOwnerTwoDimensionalCode` varchar(250) DEFAULT '' COMMENT '房主二维码图片',
  PRIMARY KEY (`id`)
) ENGINE=InnoDB AUTO_INCREMENT=392 DEFAULT CHARSET=utf8;

-- 正在导出表  forestry.houseowner 的数据：~348 rows (大约)
DELETE FROM `houseowner`;
/*!40000 ALTER TABLE `houseowner` DISABLE KEYS */;
INSERT INTO `houseowner` (`id`, `houseOwnerCode`, `houseOwnerPassWord`, `houseOwnerName`, `houseOwnerIdentify`, `houseOwnerTel`, `houseOwnerDesc`, `houseOwnerAddress`, `houseOwnerRole`, `houseOwnerLastLoginTime`, `registDate`, `checkOpion`, `checkerId`, `checkerName`, `checkDate`, `houseOwnerImage`, `houseOwnerTwoDimensionalCode`) VALUES
	(8, 'yuyaozwz', '***********', '郑为中', '330219199901010011', '17857054385', 'msg', '台州市临海市东塍镇房东地址8', 3, '2020-05-02', '2020-05-02', '同意', -1, '', NULL, '', ''),
	(9, '18268627373', '***********', '斌周任', '33021919990101001X', '18266667373', '', '台州市临海市东塍镇房东地址9', 3, '2020-05-02', '2020-05-02', '同意', -1, '', NULL, '', ''),
	(10, '13506881515', '***********', '柔石柔', '33021919990101001X', '13566661515', '', '台州市临海市东塍镇房东地址10', 3, '2020-05-06', '2020-05-06', '同意', -1, '', NULL, '', ''),
	(11, '13858274230', '***********', '哲陈春', '330219199901010057', '13866664230', '', '台州市临海市东塍镇房东地址11', 3, '2020-05-07', '2020-05-07', '同意', -1, '', NULL, '', ''),
	(12, '15869512277', '***********', '鹏王鹏', '330219199901010076', '15866662277', '', '台州市临海市东塍镇房东地址12', 3, '2020-05-07', '2020-05-07', '同意', -1, '', NULL, '', ''),
	(13, '13858355858', '***********', '植葛亚', '33021919990101001x', '13866665858', '', '台州市临海市东塍镇房东地址13', 3, '2020-05-08', '2020-05-08', '同意', -1, '', NULL, '', ''),
	(14, '823802259', '***********', '芯丁楠', '330219199901010036', '18766665841', '', '台州市临海市东塍镇房东地址14', -1, NULL, NULL, '同意', -1, '', NULL, '', ''),
	(19, '陈雷', '***********', '雷陈雷', '430619199901010052', '15666665279', '', '台州市临海市东塍镇房东地址19', -1, NULL, NULL, '同意', -1, '', NULL, '', ''),
	(20, '冯宗金', '***********', '金冯宗', '330219199901010053', '13966665025', '', '台州市临海市东塍镇房东地址20', -1, NULL, NULL, '同意', -1, '', NULL, '', ''),
	(22, '蔡功娟', '***********', '娟蔡功', '33021919990101006x', '13966666747', '', '台州市临海市东塍镇房东地址22', -1, NULL, NULL, '同意', -1, '', NULL, '', ''),
	(23, '梅根翠', '***********', '翠梅根', '332519199901010002', '15166662232', '', '台州市临海市东塍镇房东地址23', -1, NULL, NULL, '同意', -1, '', NULL, '', ''),
	(24, '冯宗达', '***********', '达冯宗', '330219199901010051', '13766667503', '', '台州市临海市东塍镇房东地址24', -1, NULL, NULL, '同意', -1, '', NULL, '', ''),
	(25, '芦密芳', '***********', '芳芦密', '330219199901010060', '13466662263', '', '台州市临海市东塍镇房东地址25', -1, NULL, NULL, '同意', -1, '', NULL, '', ''),
	(26, '王爱兵', '***********', '兵王爱', '330219199901010052', '13166666066', '', '台州市临海市东塍镇房东地址26', -1, NULL, NULL, '同意', -1, '', NULL, '', ''),
	(27, '冯宗茂', '***********', '茂冯宗', '330219199901010055', '13966665961', '', '台州市临海市东塍镇房东地址27', -1, NULL, NULL, '同意', -1, '', NULL, '', ''),
	(28, '林哲贵', '***********', '贵林哲', '330219199901010056', '13966660137', '', '台州市临海市东塍镇房东地址28', -1, NULL, NULL, '同意', -1, '', NULL, '', ''),
	(29, '徐国平', '***********', '平徐国', '330619199901010051', '13866667612', '', '台州市临海市东塍镇房东地址29', -1, NULL, NULL, '同意', -1, '', NULL, '', ''),
	(30, '蒋善华', '***********', '华蒋善', '330219199901010055', '15966668778', '', '台州市临海市东塍镇房东地址30', -1, NULL, NULL, '同意', -1, '', NULL, '', ''),
	(32, '陈在贤', '***********', '贤陈在', '330219199901010051', '13566668530', '', '台州市临海市东塍镇房东地址32', -1, NULL, NULL, '同意', -1, '', NULL, '', ''),
	(33, '叶林林', '***********', '林叶林', '33021919990101005x', '15966669187', '', '台州市临海市东塍镇房东地址33', -1, NULL, NULL, '同意', -1, '', NULL, '', ''),
	(36, '葛能校', '***********', '校葛能', '330219199901010056', '13866665161', '', '台州市临海市东塍镇房东地址36', -1, NULL, NULL, '同意', -1, '', NULL, '', ''),
	(39, '冯浩明', '***********', '明冯浩', '330219199901010053', '05766669516', '', '台州市临海市东塍镇房东地址39', -1, NULL, NULL, '同意', -1, '', NULL, '', ''),
	(40, '蒋林华', '***********', '华蒋林', '330219199901010054', '13766668758', '', '台州市临海市东塍镇房东地址40', -1, NULL, NULL, '同意', -1, '', NULL, '', ''),
	(41, '徐宗伟', '***********', '伟徐宗', '330219199901010053', '13966669486', '', '台州市临海市东塍镇房东地址41', -1, NULL, NULL, '同意', -1, '', NULL, '', ''),
	(42, '冯传斋', '***********', '斋冯传', '330219199901010051', '13366667712', '', '台州市临海市东塍镇房东地址42', -1, NULL, NULL, '同意', -1, '', NULL, '', ''),
	(44, '冯松标', '***********', '标冯松', '33021919990101005x', '18766666687', '', '台州市临海市东塍镇房东地址44', -1, NULL, NULL, '同意', -1, '', NULL, '', ''),
	(45, '冯善雷', '***********', '雷冯善', '330219199901010051', '15966668098', '', '台州市临海市东塍镇房东地址45', -1, NULL, NULL, '同意', -1, '', NULL, '', ''),
	(46, '冯钱峰', '***********', '峰冯钱', '330219199901010076', '13566666449', '', '台州市临海市东塍镇房东地址46', -1, NULL, NULL, '同意', -1, '', NULL, '', ''),
	(48, '冯宗飞', '***********', '飞冯宗', '330219199901010056', '05766660428', '', '台州市临海市东塍镇房东地址48', -1, NULL, NULL, '同意', -1, '', NULL, '', ''),
	(50, '徐小春', '***********', '春徐小', '33021919990101005x', '13066669030', '', '台州市临海市东塍镇房东地址50', -1, NULL, NULL, '同意', -1, '', NULL, '', ''),
	(51, '胡芳菲', '***********', '菲胡芳', '330219199901010061', '15066660210', '', '台州市临海市东塍镇房东地址51', -1, NULL, NULL, '同意', -1, '', NULL, '', ''),
	(52, '王振建', '***********', '建王振', '330219199901010030', '13966664133', '', '台州市临海市东塍镇房东地址52', -1, NULL, NULL, '同意', -1, '', NULL, '', ''),
	(54, '何恩娟', '***********', '娟何恩', '330219199901010049', '05766661933', '', '台州市临海市东塍镇房东地址54', -1, NULL, NULL, '同意', -1, '', NULL, '', ''),
	(55, '胡远江', '***********', '江胡远', '330219199901010039', '13866665337', '', '台州市临海市东塍镇房东地址55', -1, NULL, NULL, '同意', -1, '', NULL, '', ''),
	(56, '罗邦友', '***********', '友罗邦', '330219199901010052', '13266666358', '', '台州市临海市东塍镇房东地址56', -1, NULL, NULL, '同意', -1, '', NULL, '', ''),
	(57, '仇品海', '***********', '海仇品', '330219199901010034', '13666661777', '', '台州市临海市东塍镇房东地址57', -1, NULL, NULL, '同意', -1, '', NULL, '', ''),
	(58, '郭家兵', '***********', '兵郭家', '330219199901010092', '13866662757', '', '台州市临海市东塍镇房东地址58', -1, NULL, NULL, '同意', -1, '', NULL, '', ''),
	(59, '王海霞', '***********', '霞王海', '330219199901010086', '18066665796', '', '台州市临海市东塍镇房东地址59', -1, NULL, NULL, '同意', -1, '', NULL, '', ''),
	(60, '苏俊良', '***********', '良苏俊', '330219199901010015', '13766664709', '', '台州市临海市东塍镇房东地址60', -1, NULL, NULL, '同意', -1, '', NULL, '', ''),
	(61, '徐光祖', '***********', '祖徐光', '330219199901010073', '13766660794', '', '台州市临海市东塍镇房东地址61', -1, NULL, NULL, '同意', -1, '', NULL, '', ''),
	(62, '谢伟成', '***********', '成谢伟', '330219199901010035', '13366666653', '', '台州市临海市东塍镇房东地址62', -1, NULL, NULL, '同意', -1, '', NULL, '', ''),
	(63, '苏佩', '***********', '佩苏佩', '33021919990101006x', '18766660244', '', '台州市临海市东塍镇房东地址63', -1, NULL, NULL, '同意', -1, '', NULL, '', ''),
	(64, '张春华', '***********', '华张春', '330219199901010012', '15366664645', '', '台州市临海市东塍镇房东地址64', -1, NULL, NULL, '同意', -1, '', NULL, '', ''),
	(65, '苏志永', '***********', '永苏志', '330219199901010014', '13566661179', '', '台州市临海市东塍镇房东地址65', -1, NULL, NULL, '同意', -1, '', NULL, '', ''),
	(66, '王道通', '***********', '通王道', '33021919990101003x', '15066665665', '', '台州市临海市东塍镇房东地址66', -1, NULL, NULL, '同意', -1, '', NULL, '', ''),
	(67, '陈永其', '***********', '其陈永', '330219199901010018', '13766661709', '', '台州市临海市东塍镇房东地址67', -1, NULL, NULL, '同意', -1, '', NULL, '', ''),
	(68, '冯宗朝', '***********', '朝冯宗', '330219199901010037', '13466663799', '', '台州市临海市东塍镇房东地址68', -1, NULL, NULL, '同意', -1, '', NULL, '', ''),
	(69, '应三毛', '***********', '毛应三', '330219199901010037', '15866663506', '', '台州市临海市东塍镇房东地址69', -1, NULL, NULL, '同意', -1, '', NULL, '', ''),
	(70, '苏法宏', '***********', '宏苏法', '330219199901010011', '05766667225', '', '台州市临海市东塍镇房东地址70', -1, NULL, NULL, '同意', -1, '', NULL, '', ''),
	(71, '苏才淦', '***********', '淦苏才', '330219199901010018', '05766661218', '', '台州市临海市东塍镇房东地址71', -1, NULL, NULL, '同意', -1, '', NULL, '', ''),
	(72, '徐光火', '***********', '火徐光', '33021919990101007x', '13066662052', '', '台州市临海市东塍镇房东地址72', -1, NULL, NULL, '同意', -1, '', NULL, '', ''),
	(73, '陈如方', '***********', '方陈如', '330219199901010073', '13566660454', '', '台州市临海市东塍镇房东地址73', -1, NULL, NULL, '同意', -1, '', NULL, '', ''),
	(74, '林斌', '***********', '斌林斌', '33021919990101004x', '13366660810', '', '台州市临海市东塍镇房东地址74', -1, NULL, NULL, '同意', -1, '', NULL, '', ''),
	(75, '王华斌', '***********', '斌王华', '330219199901010031', '13866661248', '', '台州市临海市东塍镇房东地址75', -1, NULL, NULL, '同意', -1, '', NULL, '', ''),
	(76, '张林杰', '***********', '杰张林', '33021919990101001x', '18266663939', '', '台州市临海市东塍镇房东地址76', -1, NULL, NULL, '同意', -1, '', NULL, '', ''),
	(77, '周爱花', '***********', '花周爱', '330219199901010003', '13966660571', '', '台州市临海市东塍镇房东地址77', -1, NULL, NULL, '同意', -1, '', NULL, '', ''),
	(78, '阮秀兰', '***********', '兰阮秀', '330219199901010044', '13766662565', '', '台州市临海市东塍镇房东地址78', -1, NULL, NULL, '同意', -1, '', NULL, '', ''),
	(79, '胡余芬', '***********', '芬胡余', '330219199901010039', '15066660512', '', '台州市临海市东塍镇房东地址79', -1, NULL, NULL, '同意', -1, '', NULL, '', ''),
	(80, '李小平', '***********', '平李小', '33021919990101009x', '13666662751', '', '台州市临海市东塍镇房东地址80', -1, NULL, NULL, '同意', -1, '', NULL, '', ''),
	(81, '胡建昌', '***********', '昌胡建', '330219199901010058', '13766662887', '', '台州市临海市东塍镇房东地址81', -1, NULL, NULL, '同意', -1, '', NULL, '', ''),
	(82, '张仁标', '***********', '标张仁', '330219199901010091', '13866663152', '', '台州市临海市东塍镇房东地址82', -1, NULL, NULL, '同意', -1, '', NULL, '', ''),
	(83, '冯先恩', '***********', '恩冯先', '33021919990101005x', '13766668335', '', '台州市临海市东塍镇房东地址83', -1, NULL, NULL, '同意', -1, '', NULL, '', ''),
	(84, '张烈光', '***********', '光张烈', '330219199901010033', '13866665413', '', '台州市临海市东塍镇房东地址84', -1, NULL, NULL, '同意', -1, '', NULL, '', ''),
	(85, '杨庭华', '***********', '华杨庭', '330219199901010098', '15866660509', '', '台州市临海市东塍镇房东地址85', -1, NULL, NULL, '同意', -1, '', NULL, '', ''),
	(86, '徐国光', '***********', '光徐国', '330219199901010091', '13866665323', '', '台州市临海市东塍镇房东地址86', -1, NULL, NULL, '同意', -1, '', NULL, '', ''),
	(87, '苏才根', '***********', '根苏才', '330219199901010019', '15866668877', '', '台州市临海市东塍镇房东地址87', -1, NULL, NULL, '同意', -1, '', NULL, '', ''),
	(88, '张雀', '***********', '雀张雀', '330219199901010030', '13366661202', '', '台州市临海市东塍镇房东地址88', -1, NULL, NULL, '同意', -1, '', NULL, '', ''),
	(89, '冯雅军', '***********', '军冯雅', '33021919990101001x', '18766665418', '', '台州市临海市东塍镇房东地址89', -1, NULL, NULL, '同意', -1, '', NULL, '', ''),
	(90, '陈玉先', '***********', '先陈玉', '330219199901010010', '13366666106', '', '台州市临海市东塍镇房东地址90', -1, NULL, NULL, '同意', -1, '', NULL, '', ''),
	(91, '朱伟江', '***********', '江朱伟', '330219199901010016', '13566666420', '', '台州市临海市东塍镇房东地址91', -1, NULL, NULL, '同意', -1, '', NULL, '', ''),
	(92, '叶才明', '***********', '明叶才', '330219199901010010', '13766664678', '', '台州市临海市东塍镇房东地址92', -1, NULL, NULL, '同意', -1, '', NULL, '', ''),
	(93, '黄爱军', '***********', '军黄爱', '330219199901010036', '13566664919', '', '台州市临海市东塍镇房东地址93', -1, NULL, NULL, '同意', -1, '', NULL, '', ''),
	(94, '范凌霄', '***********', '霄范凌', '330219199901010034', '13366668152', '', '台州市临海市东塍镇房东地址94', -1, NULL, NULL, '同意', -1, '', NULL, '', ''),
	(95, '杨继航', '***********', '航杨继', '330219199901010017', '18066665255', '', '台州市临海市东塍镇房东地址95', -1, NULL, NULL, '同意', -1, '', NULL, '', ''),
	(96, '徐兴宝', '***********', '宝徐兴', '330219199901010073', '13366666691', '', '台州市临海市东塍镇房东地址96', -1, NULL, NULL, '同意', -1, '', NULL, '', ''),
	(97, '王金国', '***********', '国王金', '330919199901010014', '13566666470', '', '台州市临海市东塍镇房东地址97', -1, NULL, NULL, '同意', -1, '', NULL, '', ''),
	(98, '王侃', '***********', '侃王侃', '330219199901010037', '13766665898', '', '台州市临海市东塍镇房东地址98', -1, NULL, NULL, '同意', -1, '', NULL, '', ''),
	(99, '应友金', '***********', '金应友', '330219199901010057', '15366668666', '', '台州市临海市东塍镇房东地址99', -1, NULL, NULL, '同意', -1, '', NULL, '', ''),
	(100, '陆文杰', '***********', '杰陆文', '330219199901010098', '15966664486', '', '台州市临海市东塍镇房东地址100', -1, NULL, NULL, '同意', -1, '', NULL, '', ''),
	(101, '陈建奎', '***********', '奎陈建', '330219199901010033', '15066664899', '', '台州市临海市东塍镇房东地址101', -1, NULL, NULL, '同意', -1, '', NULL, '', ''),
	(102, '徐邦成', '***********', '成徐邦', '330219199901010035', '13866661755', '', '台州市临海市东塍镇房东地址102', -1, NULL, NULL, '同意', -1, '', NULL, '', ''),
	(103, '赵志稳', '***********', '稳赵志', '330219199901010013', '05766669251', '', '台州市临海市东塍镇房东地址103', -1, NULL, NULL, '同意', -1, '', NULL, '', ''),
	(105, '杨彩龙', '***********', '龙杨彩', '330219199901010071', '13566663386', '', '台州市临海市东塍镇房东地址105', -1, NULL, NULL, '同意', -1, '', NULL, '', ''),
	(106, '章千夫', '***********', '夫章千', '330219199901010092', '13766665131', '', '台州市临海市东塍镇房东地址106', -1, NULL, NULL, '同意', -1, '', NULL, '', ''),
	(107, '冯宗能', '***********', '能冯宗', '330219199901010097', '05766660608', '', '台州市临海市东塍镇房东地址107', -1, NULL, NULL, '同意', -1, '', NULL, '', ''),
	(108, '庞国平', '***********', '平庞国', '330219199901010019', '13666663082', '', '台州市临海市东塍镇房东地址108', -1, NULL, NULL, '同意', -1, '', NULL, '', ''),
	(109, '王会杰', '***********', '杰王会', '330219199901010033', '18966668693', '', '台州市临海市东塍镇房东地址109', -1, NULL, NULL, '同意', -1, '', NULL, '', ''),
	(110, '杨冬来', '***********', '来杨冬', '330219199901010091', '13966664455', '', '台州市临海市东塍镇房东地址110', -1, NULL, NULL, '同意', -1, '', NULL, '', ''),
	(111, '伍小玲', '***********', '玲伍小', '330219199901010042', '05766667415', '', '台州市临海市东塍镇房东地址111', -1, NULL, NULL, '同意', -1, '', NULL, '', ''),
	(112, '王时旺', '***********', '旺王时', '330219199901010098', '13766669980', '', '台州市临海市东塍镇房东地址112', -1, NULL, NULL, '同意', -1, '', NULL, '', ''),
	(113, '李道南', '***********', '南李道', '330219199901010037', '18066666336', '', '台州市临海市东塍镇房东地址113', -1, NULL, NULL, '同意', -1, '', NULL, '', ''),
	(114, '王星伟', '***********', '伟王星', '330219199901010039', '13766662373', '', '台州市临海市东塍镇房东地址114', -1, NULL, NULL, '同意', -1, '', NULL, '', ''),
	(115, '庞永和', '***********', '和庞永', '330219199901010035', '13866665525', '', '台州市临海市东塍镇房东地址115', -1, NULL, NULL, '同意', -1, '', NULL, '', ''),
	(116, '庞胜利', '***********', '利庞胜', '330219199901010059', '13866668478', '', '台州市临海市东塍镇房东地址116', -1, NULL, NULL, '同意', -1, '', NULL, '', ''),
	(117, '张锡祥', '***********', '祥张锡', '330219199901010058', '13766662927', '', '台州市临海市东塍镇房东地址117', -1, NULL, NULL, '同意', -1, '', NULL, '', ''),
	(118, '冯先定', '***********', '定冯先', '330219199901010038', '13766663157', '', '台州市临海市东塍镇房东地址118', -1, NULL, NULL, '同意', -1, '', NULL, '', ''),
	(119, '赖大杰', '***********', '杰赖大', '330219199901010039', '13766663153', '', '台州市临海市东塍镇房东地址119', -1, NULL, NULL, '同意', -1, '', NULL, '', ''),
	(120, '朱至平', '***********', '平朱至', '330219199901010070', '13166669819', '', '台州市临海市东塍镇房东地址120', -1, NULL, NULL, '同意', -1, '', NULL, '', ''),
	(121, '徐蟾辉', '***********', '辉徐蟾', '330219199901010048', '18366665125', '', '台州市临海市东塍镇房东地址121', -1, NULL, NULL, '同意', -1, '', NULL, '', ''),
	(122, '吴军灿', '***********', '灿吴军', '330219199901010058', '13966668013', '', '台州市临海市东塍镇房东地址122', -1, NULL, NULL, '同意', -1, '', NULL, '', ''),
	(123, '朱伟平', '***********', '平朱伟', '33021919990101005x', '13866668690', '', '台州市临海市东塍镇房东地址123', -1, NULL, NULL, '同意', -1, '', NULL, '', ''),
	(124, '允成', '***********', '成允成', '130919199901010014', '13366667943', '', '台州市临海市东塍镇房东地址124', -1, NULL, NULL, '同意', -1, '', NULL, '', ''),
	(125, '王昌标', '***********', '标王昌', '330219199901010034', '13166662695', '', '台州市临海市东塍镇房东地址125', -1, NULL, NULL, '同意', -1, '', NULL, '', ''),
	(126, '胡陆军', '***********', '军胡陆', '330219199901010039', '13866661757', '', '台州市临海市东塍镇房东地址126', -1, NULL, NULL, '同意', -1, '', NULL, '', ''),
	(127, '周丽群', '***********', '群周丽', '330219199901010009', '15866668148', '', '台州市临海市东塍镇房东地址127', -1, NULL, NULL, '同意', -1, '', NULL, '', ''),
	(128, '芦丛友', '***********', '友芦丛', '330219199901010053', '15966660208', '', '台州市临海市东塍镇房东地址128', -1, NULL, NULL, '同意', -1, '', NULL, '', ''),
	(129, '胡余兵', '***********', '兵胡余', '330219199901010037', '13966666928', '', '台州市临海市东塍镇房东地址129', -1, NULL, NULL, '同意', -1, '', NULL, '', ''),
	(130, '胡军洲', '***********', '洲胡军', '330219199901010035', '15966669893', '', '台州市临海市东塍镇房东地址130', -1, NULL, NULL, '同意', -1, '', NULL, '', ''),
	(131, '胡选芳', '***********', '芳胡选', '330219199901010046', '15966668979', '', '台州市临海市东塍镇房东地址131', -1, NULL, NULL, '同意', -1, '', NULL, '', ''),
	(133, '苏华标', '***********', '标苏华', '330219199901010078', '13566667743', '', '台州市临海市东塍镇房东地址133', -1, NULL, NULL, '同意', -1, '', NULL, '', ''),
	(134, '蒋善云', '***********', '云蒋善', '330219199901010030', '13766669431', '', '台州市临海市东塍镇房东地址134', -1, NULL, NULL, '同意', -1, '', NULL, '', ''),
	(135, '章武会', '***********', '会章武', '330219199901010032', '15866667046', '', '台州市临海市东塍镇房东地址135', -1, NULL, NULL, '同意', -1, '', NULL, '', ''),
	(136, '罗祥荣', '***********', '荣罗祥', '330219199901010037', '13066665648', '', '台州市临海市东塍镇房东地址136', -1, NULL, NULL, '同意', -1, '', NULL, '', ''),
	(137, '胡志恩', '***********', '恩胡志', '330219199901010035', '15266666641', '', '台州市临海市东塍镇房东地址137', -1, NULL, NULL, '同意', -1, '', NULL, '', ''),
	(138, '张学丁', '***********', '丁张学', '330219199901010035', '19166668091', '', '台州市临海市东塍镇房东地址138', -1, NULL, NULL, '同意', -1, '', NULL, '', ''),
	(139, '陈立行', '***********', '行陈立', '330219199901010051', '13766666057', '', '台州市临海市东塍镇房东地址139', -1, NULL, NULL, '同意', -1, '', NULL, '', ''),
	(140, '张素绒', '***********', '绒张素', '33021919990101004x', '13766665522', '', '台州市临海市东塍镇房东地址140', -1, NULL, NULL, '同意', -1, '', NULL, '', ''),
	(141, '陈永光', '***********', '光陈永', '330219199901010036', '15966667869', '', '台州市临海市东塍镇房东地址141', -1, NULL, NULL, '同意', -1, '', NULL, '', ''),
	(142, '胡昶', '***********', '昶胡昶', '330219199901010031', '13566666026', '', '台州市临海市东塍镇房东地址142', -1, NULL, NULL, '同意', -1, '', NULL, '', ''),
	(143, '祝良法', '***********', '法祝良', '330219199901010056', '15066661811', '', '台州市临海市东塍镇房东地址143', -1, NULL, NULL, '同意', -1, '', NULL, '', ''),
	(144, '方理健', '***********', '健方理', '330219199901010034', '13766666118', '', '台州市临海市东塍镇房东地址144', -1, NULL, NULL, '同意', -1, '', NULL, '', ''),
	(145, '祝良国', '***********', '国祝良', '330219199901010076', '13766664279', '', '台州市临海市东塍镇房东地址145', -1, NULL, NULL, '同意', -1, '', NULL, '', ''),
	(146, '虞和斌', '***********', '斌虞和', '330219199901010037', '13066666203', '', '台州市临海市东塍镇房东地址146', -1, NULL, NULL, '同意', -1, '', NULL, '', ''),
	(147, '方明东', '***********', '东方明', '330219199901010032', '05766663961', '', '台州市临海市东塍镇房东地址147', -1, NULL, NULL, '同意', -1, '', NULL, '', ''),
	(148, '方小明', '***********', '明方小', '330219199901010051', '15966664955', '', '台州市临海市东塍镇房东地址148', -1, NULL, NULL, '同意', -1, '', NULL, '', ''),
	(149, '任必振', '***********', '振任必', '330219199901010030', '13766667248', '', '台州市临海市东塍镇房东地址149', -1, NULL, NULL, '同意', -1, '', NULL, '', ''),
	(150, '祝良基', '***********', '基祝良', '330219199901010032', '13566669520', '', '台州市临海市东塍镇房东地址150', -1, NULL, NULL, '同意', -1, '', NULL, '', ''),
	(151, '123456789', '***********', 'hah', '12341919990101007x', '18766663076', '', '台州市临海市东塍镇房东地址151', 3, '2020-05-16', '2020-05-16', '同意', -1, '', NULL, '', ''),
	(152, '112345', '***********', '717', '340819199901010037', '18566668403', '', '台州市临海市东塍镇房东地址152', 3, '2020-05-16', '2020-05-16', '同意', -1, '', NULL, '', ''),
	(153, '葛春杰', '***********', '杰葛春', '330219199901010034', '15866668214', '', '台州市临海市东塍镇房东地址153', -1, NULL, NULL, '同意', -1, '', NULL, '', ''),
	(154, '徐华建', '***********', '建徐华', '330219199901010033', '13566662096', '', '台州市临海市东塍镇房东地址154', -1, NULL, NULL, '同意', -1, '', NULL, '', ''),
	(155, '蒋吉华', '***********', '华蒋吉', '330219199901010035', '13766660361', '', '台州市临海市东塍镇房东地址155', -1, NULL, NULL, '同意', -1, '', NULL, '', ''),
	(156, '蒋振能', '***********', '能蒋振', '330219199901010033', '15866664651', '', '台州市临海市东塍镇房东地址156', -1, NULL, NULL, '同意', -1, '', NULL, '', ''),
	(157, '薛小芽', '***********', '芽薛小', '330219199901010063', '13666666230', '', '台州市临海市东塍镇房东地址157', -1, NULL, NULL, '同意', -1, '', NULL, '', ''),
	(158, '蒋建望', '***********', '望蒋建', '330219199901010039', '13866660631', '', '台州市临海市东塍镇房东地址158', -1, NULL, NULL, '同意', -1, '', NULL, '', ''),
	(159, '于剑英', '***********', '英于剑', '330219199901010042', '18966665632', '', '台州市临海市东塍镇房东地址159', -1, NULL, NULL, '同意', -1, '', NULL, '', ''),
	(160, '蔡道飞', '***********', '飞蔡道', '330219199901010039', '18866663889', '', '台州市临海市东塍镇房东地址160', -1, NULL, NULL, '同意', -1, '', NULL, '', ''),
	(161, '鲍银生', '***********', '生鲍银', '330219199901010055', '18866660135', '', '台州市临海市东塍镇房东地址161', -1, NULL, NULL, '同意', -1, '', NULL, '', ''),
	(162, '郑定良', '***********', '良郑定', '330219199901010030', '13666669203', '', '台州市临海市东塍镇房东地址162', -1, NULL, NULL, '同意', -1, '', NULL, '', ''),
	(163, '麻志丹', '***********', '丹麻志', '330219199901010036', '13866667401', '', '台州市临海市东塍镇房东地址163', -1, NULL, NULL, '同意', -1, '', NULL, '', ''),
	(164, '郭怀才', '***********', '才郭怀', '330219199901010060', '13966667505', '', '台州市临海市东塍镇房东地址164', -1, NULL, NULL, '同意', -1, '', NULL, '', ''),
	(165, '王建胜', '***********', '胜王建', '330219199901010096', '13766663978', '', '台州市临海市东塍镇房东地址165', -1, NULL, NULL, '同意', -1, '', NULL, '', ''),
	(166, '徐贵清', '***********', '清徐贵', '330219199901010070', '13466663279', '', '台州市临海市东塍镇房东地址166', -1, NULL, NULL, '同意', -1, '', NULL, '', ''),
	(167, '徐大力', '***********', '力徐大', '330219199901010077', '13966669137', '', '台州市临海市东塍镇房东地址167', -1, NULL, NULL, '同意', -1, '', NULL, '', ''),
	(168, '张照行', '***********', '行张照', '330219199901010076', '13566663100', '', '台州市临海市东塍镇房东地址168', -1, NULL, NULL, '同意', -1, '', NULL, '', ''),
	(169, '徐光辉', '***********', '辉徐光', '330219199901010071', '13666668551', '', '台州市临海市东塍镇房东地址169', -1, NULL, NULL, '同意', -1, '', NULL, '', ''),
	(170, '张芳芳', '***********', '芳张芳', '330219199901010068', '13566664568', '', '台州市临海市东塍镇房东地址170', -1, NULL, NULL, '同意', -1, '', NULL, '', ''),
	(171, '蔡金娟', '***********', '娟蔡金', '330219199901010089', '13766661607', '', '台州市临海市东塍镇房东地址171', -1, NULL, NULL, '同意', -1, '', NULL, '', ''),
	(172, '屠建光', '***********', '光屠建', '330219199901010076', '13766663481', '', '台州市临海市东塍镇房东地址172', -1, NULL, NULL, '同意', -1, '', NULL, '', ''),
	(173, '陈永西', '***********', '西陈永', '330219199901010071', '13866663825', '', '台州市临海市东塍镇房东地址173', -1, NULL, NULL, '同意', -1, '', NULL, '', ''),
	(174, '徐月琴', '***********', '琴徐月', '330219199901010077', '13666667902', '', '台州市临海市东塍镇房东地址174', -1, NULL, NULL, '同意', -1, '', NULL, '', ''),
	(175, '陈应振', '***********', '振陈应', '330219199901010091', '15266669719', '', '台州市临海市东塍镇房东地址175', -1, NULL, NULL, '同意', -1, '', NULL, '', ''),
	(176, '陈岳翻', '***********', '翻陈岳', '330219199901010096', '13966665357', '', '台州市临海市东塍镇房东地址176', -1, NULL, NULL, '同意', -1, '', NULL, '', ''),
	(177, '蒋大叶', '***********', '叶蒋大', '330219199901010009', '15866668483', '', '台州市临海市东塍镇房东地址177', -1, NULL, NULL, '同意', -1, '', NULL, '', ''),
	(178, '缪昌星', '***********', '星缪昌', '330219199901010092', '13766667002', '', '台州市临海市东塍镇房东地址178', -1, NULL, NULL, '同意', -1, '', NULL, '', ''),
	(179, '董建飞', '***********', '飞董建', '330219199901010018', '15866665579', '', '台州市临海市东塍镇房东地址179', -1, NULL, NULL, '同意', -1, '', NULL, '', ''),
	(180, '虞太春', '***********', '春虞太', '330219199901010016', '13766661716', '', '台州市临海市东塍镇房东地址180', -1, NULL, NULL, '同意', -1, '', NULL, '', ''),
	(181, '董小静', '***********', '静董小', '330219199901010010', '13866667577', '', '台州市临海市东塍镇房东地址181', -1, NULL, NULL, '同意', -1, '', NULL, '', ''),
	(182, '何兴通', '***********', '通何兴', '330219199901010095', '15066667877', '', '台州市临海市东塍镇房东地址182', -1, NULL, NULL, '同意', -1, '', NULL, '', ''),
	(183, '李良春', '***********', '春李良', '420219199901010038', '13966663309', '', '台州市临海市东塍镇房东地址183', -1, NULL, NULL, '同意', -1, '', NULL, '', ''),
	(184, '冯云国', '***********', '国冯云', '330219199901010052', '13766661341', '', '台州市临海市东塍镇房东地址184', -1, NULL, NULL, '同意', -1, '', NULL, '', ''),
	(185, '张小西', '***********', '西张小', '330219199901010010', '13066662015', '', '台州市临海市东塍镇房东地址185', -1, NULL, NULL, '同意', -1, '', NULL, '', ''),
	(186, '俞时做', '***********', '做俞时', '330219199901010095', '13866665396', '', '台州市临海市东塍镇房东地址186', -1, NULL, NULL, '同意', -1, '', NULL, '', ''),
	(187, '张兴科', '***********', '科张兴', '330219199901010095', '13566661448', '', '台州市临海市东塍镇房东地址187', -1, NULL, NULL, '同意', -1, '', NULL, '', ''),
	(188, '葛三础', '***********', '础葛三', '330219199901010097', '18366668731', '', '台州市临海市东塍镇房东地址188', -1, NULL, NULL, '同意', -1, '', NULL, '', ''),
	(189, '刘玉朝', '***********', '朝刘玉', '332519199901010098', '05766668023', '', '台州市临海市东塍镇房东地址189', -1, NULL, NULL, '同意', -1, '', NULL, '', ''),
	(190, '张文伟', '***********', '伟张文', '330219199901010030', '13866665472', '', '台州市临海市东塍镇房东地址190', -1, NULL, NULL, '同意', -1, '', NULL, '', ''),
	(191, '陈杏元', '***********', '元陈杏', '330219199901010004', '13566669627', '', '台州市临海市东塍镇房东地址191', -1, NULL, NULL, '同意', -1, '', NULL, '', ''),
	(192, '顾成宣', '***********', '宣顾成', '330219199901010072', '18066665606', '', '台州市临海市东塍镇房东地址192', -1, NULL, NULL, '同意', -1, '', NULL, '', ''),
	(193, '冯全贵', '***********', '贵冯全', '330219199901010050', '13466665139', '', '台州市临海市东塍镇房东地址193', -1, NULL, NULL, '同意', -1, '', NULL, '', ''),
	(194, '娄荣伟', '***********', '伟娄荣', '33021919990101009x', '13166668809', '', '台州市临海市东塍镇房东地址194', -1, NULL, NULL, '同意', -1, '', NULL, '', ''),
	(195, '张吉辉', '***********', '辉张吉', '330219199901010051', '15866663228', '', '台州市临海市东塍镇房东地址195', -1, NULL, NULL, '同意', -1, '', NULL, '', ''),
	(196, '冯全洋', '***********', '洋冯全', '330219199901010059', '13666662251', '', '台州市临海市东塍镇房东地址196', -1, NULL, NULL, '同意', -1, '', NULL, '', ''),
	(197, '胡家尧', '***********', '尧胡家', '330219199901010098', '13566666174', '', '台州市临海市东塍镇房东地址197', -1, NULL, NULL, '同意', -1, '', NULL, '', ''),
	(198, '李拥军', '***********', '军李拥', '320619199901010019', '13566662768', '', '台州市临海市东塍镇房东地址198', -1, NULL, NULL, '同意', -1, '', NULL, '', ''),
	(199, '李根伟', '***********', '伟李根', '33021919990101009x', '18966663323', '', '台州市临海市东塍镇房东地址199', -1, NULL, NULL, '同意', -1, '', NULL, '', ''),
	(200, '祝小甫', '***********', '甫祝小', '330219199901010016', '13866663477', '', '台州市临海市东塍镇房东地址200', -1, NULL, NULL, '同意', -1, '', NULL, '', ''),
	(201, '冯义苗', '***********', '苗冯义', '330219199901010098', '15166667101', '', '台州市临海市东塍镇房东地址201', -1, NULL, NULL, '同意', -1, '', NULL, '', ''),
	(202, '金开涛', '***********', '涛金开', '330219199901010099', '13566665439', '', '台州市临海市东塍镇房东地址202', -1, NULL, NULL, '同意', -1, '', NULL, '', ''),
	(203, '金小标', '***********', '标金小', '330219199901010096', '18966664710', '', '台州市临海市东塍镇房东地址203', -1, NULL, NULL, '同意', -1, '', NULL, '', ''),
	(204, '蒋斌', '***********', '斌蒋斌', '330219199901010036', '18366669991', '', '台州市临海市东塍镇房东地址204', -1, NULL, NULL, '同意', -1, '', NULL, '', ''),
	(205, '陈土根', '***********', '根陈土', '330219199901010094', '13666669049', '', '台州市临海市东塍镇房东地址205', -1, NULL, NULL, '同意', -1, '', NULL, '', ''),
	(206, '施爱军', '***********', '军施爱', '330219199901010059', '15866665402', '', '台州市临海市东塍镇房东地址206', -1, NULL, NULL, '同意', -1, '', NULL, '', ''),
	(207, '李义有', '***********', '有李义', '330219199901010078', '15966667936', '', '台州市临海市东塍镇房东地址207', -1, NULL, NULL, '同意', -1, '', NULL, '', ''),
	(208, '郑都武', '***********', '武郑都', '330219199901010052', '13766667712', '', '台州市临海市东塍镇房东地址208', -1, NULL, NULL, '同意', -1, '', NULL, '', ''),
	(209, '苏海群', '***********', '群苏海', '330219199901010029', '13166660121', '', '台州市临海市东塍镇房东地址209', -1, NULL, NULL, '同意', -1, '', NULL, '', ''),
	(210, '王亚秋', '***********', '秋王亚', '330219199901010065', '15966663719', '', '台州市临海市东塍镇房东地址210', -1, NULL, NULL, '同意', -1, '', NULL, '', ''),
	(211, '秦小娟', '***********', '娟秦小', '330219199901010061', '18966660003', '', '台州市临海市东塍镇房东地址211', -1, NULL, NULL, '同意', -1, '', NULL, '', ''),
	(212, '阮前军', '***********', '军阮前', '330219199901010057', '13466663878', '', '台州市临海市东塍镇房东地址212', -1, NULL, NULL, '同意', -1, '', NULL, '', ''),
	(213, '李方明', '***********', '明李方', '330219199901010050', '13766665374', '', '台州市临海市东塍镇房东地址213', -1, NULL, NULL, '同意', -1, '', NULL, '', ''),
	(214, '冯荣英', '***********', '英冯荣', '330219199901010050', '13766666833', '', '台州市临海市东塍镇房东地址214', -1, NULL, NULL, '同意', -1, '', NULL, '', ''),
	(215, '金崇飞', '***********', '飞金崇', '330219199901010077', '15066662019', '', '台州市临海市东塍镇房东地址215', -1, NULL, NULL, '同意', -1, '', NULL, '', ''),
	(216, '金崇魁', '***********', '魁金崇', '330219199901010054', '13166669995', '', '台州市临海市东塍镇房东地址216', -1, NULL, NULL, '同意', -1, '', NULL, '', ''),
	(217, '俞未龙', '***********', '龙俞未', '330219199901010057', '15966660089', '', '台州市临海市东塍镇房东地址217', -1, NULL, NULL, '同意', -1, '', NULL, '', ''),
	(218, '赵方伟', '***********', '伟赵方', '330219199901010055', '13566668969', '', '台州市临海市东塍镇房东地址218', -1, NULL, NULL, '同意', -1, '', NULL, '', ''),
	(219, '葛伟伟', '***********', '伟葛伟', '33021919990101005x', '13066661209', '', '台州市临海市东塍镇房东地址219', -1, NULL, NULL, '同意', -1, '', NULL, '', ''),
	(220, '胡家志', '***********', '志胡家', '330219199901010053', '05766669683', '', '台州市临海市东塍镇房东地址220', -1, NULL, NULL, '同意', -1, '', NULL, '', ''),
	(221, '龚言艮', '***********', '艮龚言', '330219199901010056', '13366660071', '', '台州市临海市东塍镇房东地址221', -1, NULL, NULL, '同意', -1, '', NULL, '', ''),
	(222, '冯金伍', '***********', '伍冯金', '330219199901010051', '15066662319', '', '台州市临海市东塍镇房东地址222', -1, NULL, NULL, '同意', -1, '', NULL, '', ''),
	(223, '郑昌仁', '***********', '仁郑昌', '330219199901010054', '13566661823', '', '台州市临海市东塍镇房东地址223', -1, NULL, NULL, '同意', -1, '', NULL, '', ''),
	(224, '杨水仙', '***********', '仙杨水', '330219199901010062', '15066664899', '', '台州市临海市东塍镇房东地址224', -1, NULL, NULL, '同意', -1, '', NULL, '', ''),
	(225, '叶培麟', '***********', '麟叶培', '340819199901010020', '13666668688', '', '台州市临海市东塍镇房东地址225', -1, NULL, NULL, '同意', -1, '', NULL, '', ''),
	(226, '苏华建', '***********', '建苏华', '330219199901010014', '13766666162', '', '台州市临海市东塍镇房东地址226', -1, NULL, NULL, '同意', -1, '', NULL, '', ''),
	(227, '张林甫', '***********', '甫张林', '330219199901010019', '13766665315', '', '台州市临海市东塍镇房东地址227', -1, NULL, NULL, '同意', -1, '', NULL, '', ''),
	(228, '苏华胤', '***********', '胤苏华', '330219199901010056', '13766663595', '', '台州市临海市东塍镇房东地址228', -1, NULL, NULL, '同意', -1, '', NULL, '', ''),
	(229, '苏华静', '***********', '静苏华', '330219199901010018', '13566663028', '', '台州市临海市东塍镇房东地址229', -1, NULL, NULL, '同意', -1, '', NULL, '', ''),
	(230, '苏丽娇', '***********', '娇苏丽', '330219199901010000', '13766661817', '', '台州市临海市东塍镇房东地址230', -1, NULL, NULL, '同意', -1, '', NULL, '', ''),
	(231, '苏才通', '***********', '通苏才', '330219199901010017', '13766665652', '', '台州市临海市东塍镇房东地址231', -1, NULL, NULL, '同意', -1, '', NULL, '', ''),
	(232, '苏才意', '***********', '意苏才', '330219199901010010', '13766663930', '', '台州市临海市东塍镇房东地址232', -1, NULL, NULL, '同意', -1, '', NULL, '', ''),
	(233, '邵胜利', '***********', '利邵胜', '330219199901010039', '13566667359', '', '台州市临海市东塍镇房东地址233', -1, NULL, NULL, '同意', -1, '', NULL, '', ''),
	(234, '苏善伍', '***********', '伍苏善', '330219199901010012', '13966662946', '', '台州市临海市东塍镇房东地址234', -1, NULL, NULL, '同意', -1, '', NULL, '', ''),
	(235, '张新德', '***********', '德张新', '330219199901010017', '15866665707', '', '台州市临海市东塍镇房东地址235', -1, NULL, NULL, '同意', -1, '', NULL, '', ''),
	(236, '李神平', '***********', '平李神', '330219199901010017', '15966668529', '', '台州市临海市东塍镇房东地址236', -1, NULL, NULL, '同意', -1, '', NULL, '', ''),
	(237, '葛宗兴', '***********', '兴葛宗', '330219199901010016', '15966665709', '', '台州市临海市东塍镇房东地址237', -1, NULL, NULL, '同意', -1, '', NULL, '', ''),
	(238, '葛小军', '***********', '军葛小', '33021919990101001x', '13766663959', '', '台州市临海市东塍镇房东地址238', -1, NULL, NULL, '同意', -1, '', NULL, '', ''),
	(239, '张吉培', '***********', '培张吉', '330219199901010017', '13366666110', '', '台州市临海市东塍镇房东地址239', -1, NULL, NULL, '同意', -1, '', NULL, '', ''),
	(240, '苏能建', '***********', '建苏能', '330219199901010037', '13466663824', '', '台州市临海市东塍镇房东地址240', -1, NULL, NULL, '同意', -1, '', NULL, '', ''),
	(241, '林亨战', '***********', '战林亨', '330219199901010018', '15866663642', '', '台州市临海市东塍镇房东地址241', -1, NULL, NULL, '同意', -1, '', NULL, '', ''),
	(242, '陈伟明', '***********', '明陈伟', '330219199901010013', '13566661223', '', '台州市临海市东塍镇房东地址242', -1, NULL, NULL, '未审核', -1, '', NULL, '', ''),
	(243, '陈麻林', '***********', '林陈麻', '330219199901010010', '13766669910', '', '台州市临海市东塍镇房东地址243', -1, NULL, NULL, '未审核', -1, '', NULL, '', ''),
	(244, '鲍英标', '***********', '标鲍英', '330219199901010017', '18866661407', '', '台州市临海市东塍镇房东地址244', -1, NULL, NULL, '未审核', -1, '', NULL, '', ''),
	(245, '夏可沛', '***********', '沛夏可', '330219199901010011', '13766666621', '', '台州市临海市东塍镇房东地址245', -1, NULL, NULL, '未审核', -1, '', NULL, '', ''),
	(246, '王恩杰', '***********', '杰王恩', '330219199901010075', '13566667345', '', '台州市临海市东塍镇房东地址246', -1, NULL, NULL, '同意', -1, '', NULL, '', ''),
	(247, '俞岳兴', '***********', '兴俞岳', '330219199901010019', '17866665078', '', '台州市临海市东塍镇房东地址247', -1, NULL, NULL, '同意', -1, '', NULL, '', ''),
	(248, '程国法', '***********', '法程国', '330219199901010016', '18066662336', '', '台州市临海市东塍镇房东地址248', -1, NULL, NULL, '同意', -1, '', NULL, '', ''),
	(249, '徐世宽', '***********', '宽徐世', '330219199901010053', '15966660833', '', '台州市临海市东塍镇房东地址249', -1, NULL, NULL, '同意', -1, '', NULL, '', ''),
	(250, '鲍珍方', '***********', '方鲍珍', '330219199901010038', '18866661616', '', '台州市临海市东塍镇房东地址250', -1, NULL, NULL, '同意', -1, '', NULL, '', ''),
	(251, '邵兴岳', '***********', '岳邵兴', '330219199901010054', '15566660431', '', '台州市临海市东塍镇房东地址251', -1, NULL, NULL, '同意', -1, '', NULL, '', ''),
	(252, '戴欢平', '***********', '平戴欢', '330219199901010099', '15266660574', '', '台州市临海市东塍镇房东地址252', -1, NULL, NULL, '同意', -1, '', NULL, '', ''),
	(253, '胡敏剑', '***********', '剑胡敏', '330219199901010036', '13966661475', '', '台州市临海市东塍镇房东地址253', -1, NULL, NULL, '同意', -1, '', NULL, '', ''),
	(254, '胡国庆', '***********', '庆胡国', '330219199901010033', '13566663817', '', '台州市临海市东塍镇房东地址254', -1, NULL, NULL, '同意', -1, '', NULL, '', ''),
	(255, '杨大春', '***********', '春杨大', '332519199901010092', '15966664449', '', '台州市临海市东塍镇房东地址255', -1, NULL, NULL, '同意', -1, '', NULL, '', ''),
	(256, '叶兴达', '***********', '达叶兴', '330219199901010038', '13366662028', '', '台州市临海市东塍镇房东地址256', -1, NULL, NULL, '同意', -1, '', NULL, '', ''),
	(257, '胡国维', '***********', '维胡国', '330219199901010032', '13566668016', '', '台州市临海市东塍镇房东地址257', -1, NULL, NULL, '同意', -1, '', NULL, '', ''),
	(258, '王元林', '***********', '林王元', '330219199901010039', '13666661685', '', '台州市临海市东塍镇房东地址258', -1, NULL, NULL, '同意', -1, '', NULL, '', ''),
	(259, '李建平', '***********', '平李建', '330219199901010031', '13866668496', '', '台州市临海市东塍镇房东地址259', -1, NULL, NULL, '同意', -1, '', NULL, '', ''),
	(260, '胡庆宗', '***********', '宗胡庆', '330219199901010030', '05766666060', '', '台州市临海市东塍镇房东地址260', -1, NULL, NULL, '同意', -1, '', NULL, '', ''),
	(261, '胡跃杰', '***********', '杰胡跃', '330219199901010037', '13866666967', '', '台州市临海市东塍镇房东地址261', -1, NULL, NULL, '同意', -1, '', NULL, '', ''),
	(262, '王剑光', '***********', '光王剑', '330219199901010078', '18866666840', '', '台州市临海市东塍镇房东地址262', -1, NULL, NULL, '同意', -1, '', NULL, '', ''),
	(263, '严望兵', '***********', '兵严望', '330219199901010037', '13166663570', '', '台州市临海市东塍镇房东地址263', -1, NULL, NULL, '同意', -1, '', NULL, '', ''),
	(264, '胡月平', '***********', '平胡月', '330219199901010033', '13566661242', '', '台州市临海市东塍镇房东地址264', -1, NULL, NULL, '同意', -1, '', NULL, '', ''),
	(265, '顾海军', '***********', '军顾海', '330219199901010036', '15866669161', '', '台州市临海市东塍镇房东地址265', -1, NULL, NULL, '同意', -1, '', NULL, '', ''),
	(266, '胡兴汉', '***********', '汉胡兴', '330219199901010036', '13366666362', '', '台州市临海市东塍镇房东地址266', -1, NULL, NULL, '同意', -1, '', NULL, '', ''),
	(267, '陈小善', '***********', '善陈小', '330219199901010057', '15266663763', '', '台州市临海市东塍镇房东地址267', -1, NULL, NULL, '同意', -1, '', NULL, '', ''),
	(268, '胡建六', '***********', '六胡建', '330219199901010032', '15866660653', '', '台州市临海市东塍镇房东地址268', -1, NULL, NULL, '同意', -1, '', NULL, '', ''),
	(269, '陈宝木', '***********', '木陈宝', '330219199901010053', '05766666798', '', '台州市临海市东塍镇房东地址269', -1, NULL, NULL, '同意', -1, '', NULL, '', ''),
	(270, '胡庆标', '***********', '标胡庆', '330219199901010091', '13566666588', '', '台州市临海市东塍镇房东地址270', -1, NULL, NULL, '同意', -1, '', NULL, '', ''),
	(271, '胡华军', '***********', '军胡华', '330219199901010037', '13666665759', '', '台州市临海市东塍镇房东地址271', -1, NULL, NULL, '同意', -1, '', NULL, '', ''),
	(272, '蔡世荣', '***********', '荣蔡世', '330219199901010038', '13566662364', '', '台州市临海市东塍镇房东地址272', -1, NULL, NULL, '同意', -1, '', NULL, '', ''),
	(273, '叶立毅', '***********', '毅叶立', '332519199901010096', '18966665655', '', '台州市临海市东塍镇房东地址273', -1, NULL, NULL, '同意', -1, '', NULL, '', ''),
	(274, '张锡平', '***********', '平张锡', '330219199901010054', '15066662188', '', '台州市临海市东塍镇房东地址274', -1, NULL, NULL, '同意', -1, '', NULL, '', ''),
	(275, '胡乐飞', '***********', '飞胡乐', '330219199901010076', '13766660965', '', '台州市临海市东塍镇房东地址275', -1, NULL, NULL, '同意', -1, '', NULL, '', ''),
	(276, '陈万青', '***********', '青陈万', '330219199901010038', '18966663900', '', '台州市临海市东塍镇房东地址276', -1, NULL, NULL, '同意', -1, '', NULL, '', ''),
	(277, '胡余绍', '***********', '绍胡余', '330219199901010057', '13666667683', '', '台州市临海市东塍镇房东地址277', -1, NULL, NULL, '同意', -1, '', NULL, '', ''),
	(278, '胡安军', '***********', '军胡安', '330219199901010030', '15866660535', '', '台州市临海市东塍镇房东地址278', -1, NULL, NULL, '同意', -1, '', NULL, '', ''),
	(279, '徐伟惠', '***********', '惠徐伟', '330619199901010050', '13566665628', '', '台州市临海市东塍镇房东地址279', -1, NULL, NULL, '同意', -1, '', NULL, '', ''),
	(280, '胡余干', '***********', '干胡余', '330219199901010030', '15866668139', '', '台州市临海市东塍镇房东地址280', -1, NULL, NULL, '同意', -1, '', NULL, '', ''),
	(281, '陈建友', '***********', '友陈建', '330219199901010092', '18866666612', '', '台州市临海市东塍镇房东地址281', -1, NULL, NULL, '同意', -1, '', NULL, '', ''),
	(282, '邬秀俊', '***********', '俊邬秀', '342419199901010063', '15766669935', '', '台州市临海市东塍镇房东地址282', -1, NULL, NULL, '同意', -1, '', NULL, '', ''),
	(283, '胡余秀', '***********', '秀胡余', '330219199901010034', '13766666290', '', '台州市临海市东塍镇房东地址283', -1, NULL, NULL, '同意', -1, '', NULL, '', ''),
	(284, '徐邦杰', '***********', '杰徐邦', '330219199901010030', '13566669544', '', '台州市临海市东塍镇房东地址284', -1, NULL, NULL, '同意', -1, '', NULL, '', ''),
	(285, '胡桂秋', '***********', '秋胡桂', '330219199901010078', '13566662766', '', '台州市临海市东塍镇房东地址285', -1, NULL, NULL, '同意', -1, '', NULL, '', ''),
	(286, '黄文达', '***********', '达黄文', '330219199901010036', '15866667702', '', '台州市临海市东塍镇房东地址286', -1, NULL, NULL, '同意', -1, '', NULL, '', ''),
	(288, '冯益川', '***********', '川冯益', '330219199901010012', '13766669911', '', '台州市临海市东塍镇房东地址288', -1, NULL, NULL, '同意', -1, '', NULL, '', ''),
	(289, '胡珊英', '***********', '英胡珊', '330219199901010060', '15866660415', '', '台州市临海市东塍镇房东地址289', -1, NULL, NULL, '同意', -1, '', NULL, '', ''),
	(290, '蒋福凯', '***********', '凯蒋福', '33021919990101007x', '13866666461', '', '台州市临海市东塍镇房东地址290', -1, NULL, NULL, '同意', -1, '', NULL, '', ''),
	(291, '苏伟军', '***********', '军苏伟', '330219199901010014', '15866660927', '', '台州市临海市东塍镇房东地址291', -1, NULL, NULL, '同意', -1, '', NULL, '', ''),
	(292, '吕桂平', '***********', '平吕桂', '330219199901010099', '13566664346', '', '台州市临海市东塍镇房东地址292', -1, NULL, NULL, '同意', -1, '', NULL, '', ''),
	(293, '葛诗福', '***********', '福葛诗', '330219199901010015', '15066669175', '', '台州市临海市东塍镇房东地址293', -1, NULL, NULL, '同意', -1, '', NULL, '', ''),
	(294, '陈士岳', '***********', '岳陈士', '330219199901010034', '13966662278', '', '台州市临海市东塍镇房东地址294', -1, NULL, NULL, '同意', -1, '', NULL, '', ''),
	(295, '叶基园', '***********', '园叶基', '330219199901010090', '13666665573', '', '台州市临海市东塍镇房东地址295', -1, NULL, NULL, '同意', -1, '', NULL, '', ''),
	(296, '梁善志', '***********', '志梁善', '330219199901010091', '15866667989', '', '台州市临海市东塍镇房东地址296', -1, NULL, NULL, '同意', -1, '', NULL, '', ''),
	(297, '林忠平', '***********', '平林忠', '330219199901010013', '13966668068', '', '台州市临海市东塍镇房东地址297', -1, NULL, NULL, '同意', -1, '', NULL, '', ''),
	(298, '胡余良', '***********', '良胡余', '330219199901010091', '13966664737', '', '台州市临海市东塍镇房东地址298', -1, NULL, NULL, '同意', -1, '', NULL, '', ''),
	(299, '祝银忠', '***********', '忠祝银', '330219199901010056', '15966665585', '', '台州市临海市东塍镇房东地址299', -1, NULL, NULL, '同意', -1, '', NULL, '', ''),
	(300, '李鑫健', '***********', '健李鑫', '330219199901010098', '18966668095', '', '台州市临海市东塍镇房东地址300', -1, NULL, NULL, '同意', -1, '', NULL, '', ''),
	(301, '闻法林', '***********', '林闻法', '330119199901010012', '13366669773', '', '台州市临海市东塍镇房东地址301', -1, NULL, NULL, '同意', -1, '', NULL, '', ''),
	(302, '颜小梅', '***********', '梅颜小', '330219199901010099', '05766665700', '', '台州市临海市东塍镇房东地址302', -1, NULL, NULL, '同意', -1, '', NULL, '', ''),
	(303, '许建良', '***********', '良许建', '33021919990101009x', '13866666869', '', '台州市临海市东塍镇房东地址303', -1, NULL, NULL, '同意', -1, '', NULL, '', ''),
	(304, '章金刚', '***********', '刚章金', '330219199901010097', '13766666601', '', '台州市临海市东塍镇房东地址304', -1, NULL, NULL, '同意', -1, '', NULL, '', ''),
	(305, '孙彩凤', '***********', '凤孙彩', '330219199901010008', '13366667029', '', '台州市临海市东塍镇房东地址305', -1, NULL, NULL, '同意', -1, '', NULL, '', ''),
	(306, '尤宏辉', '***********', '辉尤宏', '330219199901010036', '15366669090', '', '台州市临海市东塍镇房东地址306', -1, NULL, NULL, '同意', -1, '', NULL, '', ''),
	(307, '章永明', '***********', '明章永', '330219199901010099', '13566666880', '', '台州市临海市东塍镇房东地址307', -1, NULL, NULL, '同意', -1, '', NULL, '', ''),
	(308, '陈良根', '***********', '根陈良', '33021919990101001x', '18866664223', '', '台州市临海市东塍镇房东地址308', -1, NULL, NULL, '同意', -1, '', NULL, '', ''),
	(309, '汪阳娥', '***********', '娥汪阳', '330219199901010003', '15066662677', '', '台州市临海市东塍镇房东地址309', -1, NULL, NULL, '同意', -1, '', NULL, '', ''),
	(310, '唐德芳', '***********', '芳唐德', '33021919990101009x', '13566667533', '', '台州市临海市东塍镇房东地址310', -1, NULL, NULL, '同意', -1, '', NULL, '', ''),
	(311, '谢米富', '***********', '富谢米', '330219199901010095', '13666660925', '', '台州市临海市东塍镇房东地址311', -1, NULL, NULL, '同意', -1, '', NULL, '', ''),
	(312, '柴亚芬', '***********', '芬柴亚', '330219199901010082', '13766667677', '', '台州市临海市东塍镇房东地址312', -1, NULL, NULL, '同意', -1, '', NULL, '', ''),
	(313, '施林芳', '***********', '芳施林', '330219199901010041', '13466662143', '', '台州市临海市东塍镇房东地址313', -1, NULL, NULL, '同意', -1, '', NULL, '', ''),
	(314, '张良韬', '***********', '韬张良', '330219199901010051', '13566661185', '', '台州市临海市东塍镇房东地址314', -1, NULL, NULL, '同意', -1, '', NULL, '', ''),
	(315, '王大可', '***********', '可王大', '330819199901010017', '13566662585', '', '台州市临海市东塍镇房东地址315', -1, NULL, NULL, '同意', -1, '', NULL, '', ''),
	(316, '王朝辉', '***********', '辉王朝', '330219199901010031', '18766667725', '', '台州市临海市东塍镇房东地址316', -1, NULL, NULL, '同意', -1, '', NULL, '', ''),
	(317, '袁珊方', '***********', '方袁珊', '330219199901010073', '13866661485', '', '台州市临海市东塍镇房东地址317', -1, NULL, NULL, '同意', -1, '', NULL, '', ''),
	(318, '赵凌云', '***********', '云赵凌', '330219199901010052', '13266665999', '', '台州市临海市东塍镇房东地址318', -1, NULL, NULL, '同意', -1, '', NULL, '', ''),
	(319, '张吉兵', '***********', '兵张吉', '330219199901010031', '13366666100', '', '台州市临海市东塍镇房东地址319', -1, NULL, NULL, '同意', -1, '', NULL, '', ''),
	(320, '王宽宏', '***********', '宏王宽', '330219199901010039', '18266667223', '', '台州市临海市东塍镇房东地址320', -1, NULL, NULL, '同意', -1, '', NULL, '', ''),
	(321, '徐林平', '***********', '平徐林', '330219199901010034', '13866665093', '', '台州市临海市东塍镇房东地址321', -1, NULL, NULL, '同意', -1, '', NULL, '', ''),
	(322, '何昙', '***********', '昙何昙', '33021919990101004x', '18966667505', '', '台州市临海市东塍镇房东地址322', -1, NULL, NULL, '同意', -1, '', NULL, '', ''),
	(323, '周荣明', '***********', '明周荣', '330219199901010037', '13166661365', '', '台州市临海市东塍镇房东地址323', -1, NULL, NULL, '同意', -1, '', NULL, '', ''),
	(327, '杨谋一', '***********', '一杨谋', '330219199901010054', '18266661750', '', '台州市临海市东塍镇房东地址327', -1, NULL, NULL, '同意', -1, '', NULL, '', ''),
	(328, '胡培权', '***********', '权胡培', '330219199901010013', '13966666536', '', '台州市临海市东塍镇房东地址328', -1, NULL, NULL, '同意', -1, '', NULL, '', ''),
	(329, '叶小旺', '***********', '旺叶小', '330219199901010032', '18966668773', '', '台州市临海市东塍镇房东地址329', -1, NULL, NULL, '同意', -1, '', NULL, '', ''),
	(330, '王必明', '***********', '明王必', '330219199901010034', '13566669276', '', '台州市临海市东塍镇房东地址330', -1, NULL, NULL, '同意', -1, '', NULL, '', ''),
	(331, '杜安宝', '***********', '宝杜安', '330219199901010032', '13366668113', '', '台州市临海市东塍镇房东地址331', -1, NULL, NULL, '同意', -1, '', NULL, '', ''),
	(333, '朱根福', '***********', '福朱根', '330219199901010031', '15066667789', '', '台州市临海市东塍镇房东地址333', -1, NULL, NULL, '同意', -1, '', NULL, '', ''),
	(334, '王尧丰', '***********', '丰王尧', '330219199901010075', '05766665139', '', '台州市临海市东塍镇房东地址334', -1, NULL, NULL, '同意', -1, '', NULL, '', ''),
	(335, '张小平', '***********', '平张小', '330219199901010034', '13766660735', '', '台州市临海市东塍镇房东地址335', -1, NULL, NULL, '同意', -1, '', NULL, '', ''),
	(336, '郑才官', '***********', '官郑才', '330219199901010013', '13866667206', '', '台州市临海市东塍镇房东地址336', -1, NULL, NULL, '同意', -1, '', NULL, '', ''),
	(337, '徐美时', '***********', '时徐美', '330219199901010049', '18266662920', '', '台州市临海市东塍镇房东地址337', -1, NULL, NULL, '同意', -1, '', NULL, '', ''),
	(338, '徐锡彪', '***********', '彪徐锡', '330219199901010016', '13566666177', '', '台州市临海市东塍镇房东地址338', -1, NULL, NULL, '同意', -1, '', NULL, '', ''),
	(339, '王海娅', '***********', '娅王海', '33021919990101004x', '13966668614', '', '台州市临海市东塍镇房东地址339', -1, NULL, NULL, '同意', -1, '', NULL, '', ''),
	(340, '陈撑苗', '***********', '苗陈撑', '330219199901010056', '13766668893', '', '台州市临海市东塍镇房东地址340', -1, NULL, NULL, '同意', -1, '', NULL, '', ''),
	(341, '黄金富', '***********', '富黄金', '330219199901010033', '13166660035', '', '台州市临海市东塍镇房东地址341', -1, NULL, NULL, '同意', -1, '', NULL, '', ''),
	(342, '赖其元', '***********', '元赖其', '330219199901010035', '13866663931', '', '台州市临海市东塍镇房东地址342', -1, NULL, NULL, '同意', -1, '', NULL, '', ''),
	(343, '黄世昌', '***********', '昌黄世', '330219199901010010', '13466660379', '', '台州市临海市东塍镇房东地址343', -1, NULL, NULL, '同意', -1, '', NULL, '', ''),
	(344, '周贵祥', '***********', '祥周贵', '330219199901010015', '13566669218', '', '台州市临海市东塍镇房东地址344', -1, NULL, NULL, '同意', -1, '', NULL, '', ''),
	(350, '吕兴虎', '***********', '虎吕兴', '330219199901010052', '05766667211', '', '台州市临海市东塍镇房东地址350', -1, NULL, NULL, '同意', -1, '', NULL, '', ''),
	(351, '冯增和', '***********', '和冯增', '330219199901010056', '13566660660', '', '台州市临海市东塍镇房东地址351', -1, NULL, NULL, '未审核', -1, '', NULL, '', ''),
	(354, '徐文平', '***********', '平徐文', '330219199901010038', '13966662736', '', '台州市临海市东塍镇房东地址354', -1, NULL, NULL, '未审核', -1, '', NULL, '', ''),
	(356, '谢远宗', '***********', '宗谢远', '330219199901010034', '13966667171', '', '台州市临海市东塍镇房东地址356', -1, NULL, NULL, '未审核', -1, '', NULL, '', ''),
	(357, '徐水军', '***********', '军徐水', '330219199901010038', '13966666778', '', '台州市临海市东塍镇房东地址357', -1, NULL, NULL, '未审核', -1, '', NULL, '', ''),
	(358, '应菊兰', '***********', '兰应菊', '330219199901010087', '15066664655', '', '台州市临海市东塍镇房东地址358', -1, NULL, NULL, '未审核', -1, '', NULL, '', ''),
	(359, '赵春林', '***********', '林赵春', '330219199901010078', '13966665537', '', '台州市临海市东塍镇房东地址359', -1, NULL, NULL, '未审核', -1, '', NULL, '', ''),
	(362, '王伟江', '***********', '江王伟', '330219199901010032', '05766661277', '', '台州市临海市东塍镇房东地址362', -1, NULL, NULL, '未审核', -1, '', NULL, '', ''),
	(363, '王必坤', '***********', '坤王必', '330219199901010036', '13066666696', '', '台州市临海市东塍镇房东地址363', -1, NULL, NULL, '未审核', -1, '', NULL, '', ''),
	(364, '王必和', '***********', '和王必', '330219199901010034', '18966667707', '', '台州市临海市东塍镇房东地址364', -1, NULL, NULL, '未审核', -1, '', NULL, '', ''),
	(365, '顾昌良', '***********', '良顾昌', '33021919990101003x', '13066661246', '', '台州市临海市东塍镇房东地址365', -1, NULL, NULL, '未审核', -1, '', NULL, '', ''),
	(366, '王道槐', '***********', '槐王道', '330219199901010036', '13666664709', '', '台州市临海市东塍镇房东地址366', -1, NULL, NULL, '未审核', -1, '', NULL, '', ''),
	(367, '朱立勇', '***********', '勇朱立', '330219199901010071', '18966668829', '', '台州市临海市东塍镇房东地址367', -1, NULL, NULL, '未审核', -1, '', NULL, '', ''),
	(368, '戴三明', '***********', '明戴三', '330219199901010032', '13866661498', '', '台州市临海市东塍镇房东地址368', -1, NULL, NULL, '未审核', -1, '', NULL, '', ''),
	(369, '应可芦', '***********', '芦应可', '330219199901010055', '13766663453', '', '台州市临海市东塍镇房东地址369', -1, NULL, NULL, '未审核', -1, '', NULL, '', ''),
	(371, '李昌吉', '***********', '吉李昌', '330219199901010079', '13566665495', '', '台州市临海市东塍镇房东地址371', -1, NULL, NULL, '未审核', -1, '', NULL, '', ''),
	(372, '翁彩娇', '***********', '娇翁彩', '330219199901010045', '15866660625', '', '台州市临海市东塍镇房东地址372', -1, NULL, NULL, '未审核', -1, '', NULL, '', ''),
	(373, '胡常英', '***********', '英胡常', '330219199901010022', '18866663981', '', '台州市临海市东塍镇房东地址373', -1, NULL, NULL, '未审核', -1, '', NULL, '', ''),
	(374, '徐美英', '***********', '英徐美', '330219199901010022', '15966660415', '', '台州市临海市东塍镇房东地址374', -1, NULL, NULL, '未审核', -1, '', NULL, '', ''),
	(376, '阮积强', '***********', '强阮积', '330219199901010030', '18066666965', '', '台州市临海市东塍镇房东地址376', -1, NULL, NULL, '未审核', -1, '', NULL, '', ''),
	(377, '冯瑞臣', '***********', '臣冯瑞', '33021919990101007x', '13566664653', '', '台州市临海市东塍镇房东地址377', -1, NULL, NULL, '未审核', -1, '', NULL, '', ''),
	(378, '胡志鸿', '***********', '鸿胡志', '330219199901010036', '13366663809', '', '台州市临海市东塍镇房东地址378', -1, NULL, NULL, '未审核', -1, '', NULL, '', ''),
	(379, '黄月剑', '***********', '剑黄月', '330219199901010071', '13866666003', '', '台州市临海市东塍镇房东地址379', -1, NULL, NULL, '未审核', -1, '', NULL, '', ''),
	(381, '谢大方', '***********', '方谢大', '330219199901010035', '15966662506', '', '台州市临海市东塍镇房东地址381', -1, NULL, NULL, '未审核', -1, '', NULL, '', ''),
	(382, '冯允千', '***********', '千冯允', '330219199901010011', '15366668721', '', '台州市临海市东塍镇房东地址382', -1, NULL, NULL, '未审核', -1, '', NULL, '', ''),
	(383, '叶显法', '***********', '法叶显', '33021919990101003x', '13566669898', '', '台州市临海市东塍镇房东地址383', -1, NULL, NULL, '未审核', -1, '', NULL, '', ''),
	(384, '方明华', '***********', '华方明', '33021919990101003x', '13866667725', '', '台州市临海市东塍镇房东地址384', -1, NULL, NULL, '未审核', -1, '', NULL, '', ''),
	(386, '葛金木', '***********', '木葛金', '330219199901010035', '13966663786', '', '台州市临海市东塍镇房东地址386', -1, NULL, NULL, '未审核', -1, '', NULL, '', ''),
	(387, '王必忠', '***********', '忠王必', '330219199901010058', '13866664233', '', '台州市临海市东塍镇房东地址387', -1, NULL, NULL, '未审核', -1, '', NULL, '', ''),
	(388, '俞雪芳', '***********', '芳俞雪', '330219199901010041', '13466667340', '', '台州市临海市东塍镇房东地址388', -1, NULL, NULL, '未审核', -1, '', NULL, '', ''),
	(389, '徐光撑', '***********', '撑徐光', '330219199901010018', '18266668997', '', '台州市临海市东塍镇房东地址389', -1, NULL, NULL, '未审核', -1, '', NULL, '', ''),
	(391, '123456', '***********', '南柯南', '787019199901010049', '13466667155', '', '台州市临海市东塍镇房东地址391', 3, '2020-10-25', '2020-10-25', '未审核', -1, '', NULL, '', '');
/*!40000 ALTER TABLE `houseowner` ENABLE KEYS */;

-- 导出  表 forestry.houseowner_house 结构
DROP TABLE IF EXISTS `houseowner_house`;
CREATE TABLE IF NOT EXISTS `houseowner_house` (
  `id` bigint(20) NOT NULL AUTO_INCREMENT,
  `houseId` bigint(20) DEFAULT NULL,
  `houseOwnerId` bigint(20) DEFAULT NULL,
  PRIMARY KEY (`id`)
) ENGINE=InnoDB DEFAULT CHARSET=utf8;

-- 正在导出表  forestry.houseowner_house 的数据：~0 rows (大约)
DELETE FROM `houseowner_house`;
/*!40000 ALTER TABLE `houseowner_house` DISABLE KEYS */;
/*!40000 ALTER TABLE `houseowner_house` ENABLE KEYS */;

-- 导出  表 forestry.housetype 结构
DROP TABLE IF EXISTS `housetype`;
CREATE TABLE IF NOT EXISTS `housetype` (
  `id` bigint(20) NOT NULL AUTO_INCREMENT,
  `houseTypeName` varchar(50) NOT NULL COMMENT '房屋类型',
  `houseTypeDesc` varchar(200) NOT NULL COMMENT '房屋描述',
  PRIMARY KEY (`id`)
) ENGINE=InnoDB AUTO_INCREMENT=8 DEFAULT CHARSET=utf8;

-- 正在导出表  forestry.housetype 的数据：~5 rows (大约)
DELETE FROM `housetype`;
/*!40000 ALTER TABLE `housetype` DISABLE KEYS */;
INSERT INTO `housetype` (`id`, `houseTypeName`, `houseTypeDesc`) VALUES
	(1, '自建房', '自建房'),
	(2, '电梯房', '电梯房'),
	(5, '商品房', '商品房'),
	(6, '管理用房', '管理用房'),
	(7, '店铺', '店铺');
/*!40000 ALTER TABLE `housetype` ENABLE KEYS */;

-- 导出  表 forestry.housetype_house 结构
DROP TABLE IF EXISTS `housetype_house`;
CREATE TABLE IF NOT EXISTS `housetype_house` (
  `id` bigint(20) NOT NULL AUTO_INCREMENT,
  `houseTypeId` bigint(20) NOT NULL COMMENT '房间类型',
  `houseId` bigint(20) NOT NULL COMMENT '房屋ID',
  PRIMARY KEY (`id`)
) ENGINE=InnoDB AUTO_INCREMENT=123 DEFAULT CHARSET=utf8;

-- 正在导出表  forestry.housetype_house 的数据：~112 rows (大约)
DELETE FROM `housetype_house`;
/*!40000 ALTER TABLE `housetype_house` DISABLE KEYS */;
INSERT INTO `housetype_house` (`id`, `houseTypeId`, `houseId`) VALUES
	(11, 1, 21),
	(12, 1, 22),
	(13, 1, 23),
	(14, 1, 24),
	(15, 1, 25),
	(16, 1, 26),
	(17, 1, 27),
	(18, 1, 28),
	(19, 1, 29),
	(20, 1, 30),
	(21, 1, 31),
	(22, 1, 29),
	(23, 1, 30),
	(24, 1, 31),
	(25, 1, 32),
	(26, 1, 33),
	(27, 1, 34),
	(28, 1, 35),
	(29, 1, 36),
	(30, 1, 37),
	(31, 1, 38),
	(32, 1, 39),
	(33, 1, 40),
	(34, 1, 41),
	(35, 1, 42),
	(36, 1, 43),
	(37, 1, 44),
	(38, 1, 45),
	(39, 1, 46),
	(40, 1, 47),
	(41, 1, 48),
	(42, 1, 49),
	(43, 1, 50),
	(44, 1, 51),
	(45, 1, 52),
	(46, 1, 53),
	(47, 1, 54),
	(48, 1, 55),
	(49, 1, 56),
	(50, 1, 57),
	(51, 1, 58),
	(52, 1, 59),
	(53, 1, 60),
	(54, 1, 61),
	(55, 1, 62),
	(56, 1, 63),
	(57, 1, 64),
	(58, 1, 65),
	(59, 1, 66),
	(60, 1, 67),
	(61, 1, 68),
	(62, 1, 69),
	(63, 1, 70),
	(64, 1, 71),
	(65, 1, 72),
	(66, 1, 76),
	(67, 1, 77),
	(68, 1, 78),
	(69, 1, 79),
	(70, 1, 80),
	(71, 1, 81),
	(72, 1, 82),
	(73, 1, 83),
	(74, 1, 84),
	(75, 1, 85),
	(76, 1, 86),
	(77, 1, 87),
	(78, 1, 88),
	(79, 1, 89),
	(80, 1, 90),
	(81, 1, 91),
	(82, 1, 92),
	(83, 1, 93),
	(84, 1, 94),
	(85, 1, 95),
	(86, 1, 96),
	(87, 1, 97),
	(88, 1, 98),
	(89, 1, 99),
	(90, 1, 100),
	(91, 1, 101),
	(92, 1, 102),
	(93, 1, 103),
	(94, 1, 104),
	(95, 1, 105),
	(96, 1, 106),
	(97, 1, 107),
	(98, 1, 108),
	(99, 1, 109),
	(100, 1, 110),
	(101, 1, 111),
	(102, 1, 112),
	(103, 1, 113),
	(104, 1, 114),
	(105, 1, 183),
	(106, 1, 261),
	(107, 1, 262),
	(108, 1, 309),
	(109, 1, 413),
	(110, 1, 535),
	(111, 1, 536),
	(112, 1, 537),
	(113, 1, 538),
	(114, 2, 540),
	(115, 2, 541),
	(116, 2, 542),
	(117, 2, 543),
	(118, 2, 544),
	(119, 2, 545),
	(120, 2, 546),
	(121, 1, 547),
	(122, 1, 548);
/*!40000 ALTER TABLE `housetype_house` ENABLE KEYS */;

-- 导出  表 forestry.house_room 结构
DROP TABLE IF EXISTS `house_room`;
CREATE TABLE IF NOT EXISTS `house_room` (
  `id` bigint(20) NOT NULL AUTO_INCREMENT,
  `houseID` int(11) DEFAULT NULL,
  `roomId` int(11) DEFAULT NULL,
  PRIMARY KEY (`id`)
) ENGINE=InnoDB DEFAULT CHARSET=utf8;

-- 正在导出表  forestry.house_room 的数据：~0 rows (大约)
DELETE FROM `house_room`;
/*!40000 ALTER TABLE `house_room` DISABLE KEYS */;
/*!40000 ALTER TABLE `house_room` ENABLE KEYS */;

-- 导出  表 forestry.monitor_log 结构
DROP TABLE IF EXISTS `monitor_log`;
CREATE TABLE IF NOT EXISTS `monitor_log` (
  `id` bigint(20) NOT NULL AUTO_INCREMENT,
  `log_type` smallint(6) DEFAULT NULL,
  `message` varchar(256) DEFAULT NULL,
  `object_id` int(11) DEFAULT NULL,
  `value` double DEFAULT NULL,
  `disarm` tinyint(4) DEFAULT '0',
  PRIMARY KEY (`id`)
) ENGINE=InnoDB AUTO_INCREMENT=1300 DEFAULT CHARSET=utf8;

-- 正在导出表  forestry.monitor_log 的数据：~100 rows (大约)
DELETE FROM `monitor_log`;
/*!40000 ALTER TABLE `monitor_log` DISABLE KEYS */;
INSERT INTO `monitor_log` (`id`, `log_type`, `message`, `object_id`, `value`, `disarm`) VALUES
	(1200, 1, '编号为16387的植物已经失去联系，最后在园时间：2014-08-04 5:18:11', 16387, 1648664, 0),
	(1201, 1, '编号为16385的植物已经失去联系，最后在园时间：2014-08-01 0:50:9', 16385, 277930664, 0),
	(1202, 1, '编号为16386的植物已经失去联系，最后在园时间：2014-08-04 5:18:11', 16386, 2648664, 0),
	(1203, 1, '编号为21862的植物已经失去联系，最后在园时间：2014-08-04 5:18:11', 21862, 2648664, 0),
	(1204, 1, '编号为16387的植物已经失去联系，最后在园时间：2014-08-04 5:18:11', 16387, 2648664, 0),
	(1205, 1, '编号为16385的植物已经失去联系，最后在园时间：2014-08-01 0:50:9', 16385, 278930664, 0),
	(1206, 1, '编号为16386的植物已经失去联系，最后在园时间：2014-08-04 6:6:1', 16386, 778664, 0),
	(1207, 1, '编号为21862的植物已经失去联系，最后在园时间：2014-08-04 6:6:1', 21862, 778664, 0),
	(1208, 1, '编号为16387的植物已经失去联系，最后在园时间：2014-08-04 6:6:1', 16387, 778664, 0),
	(1209, 1, '编号为16385的植物已经失去联系，最后在园时间：2014-08-01 0:50:9', 16385, 279930680, 0),
	(1210, 1, '编号为16386的植物已经失去联系，最后在园时间：2014-08-04 6:6:1', 16386, 1778680, 0),
	(1211, 1, '编号为21862的植物已经失去联系，最后在园时间：2014-08-04 6:6:1', 21862, 1778680, 0),
	(1212, 1, '编号为16387的植物已经失去联系，最后在园时间：2014-08-04 6:6:1', 16387, 1778680, 0),
	(1213, 1, '编号为16385的植物已经失去联系，最后在园时间：2014-08-01 0:50:9', 16385, 280930680, 0),
	(1214, 1, '编号为16386的植物已经失去联系，最后在园时间：2014-08-04 6:6:1', 16386, 2778680, 0),
	(1215, 1, '编号为21862的植物已经失去联系，最后在园时间：2014-08-04 6:6:1', 21862, 2778680, 0),
	(1216, 1, '编号为16387的植物已经失去联系，最后在园时间：2014-08-04 6:6:1', 16387, 2778680, 0),
	(1217, 1, '编号为16385的植物已经失去联系，最后在园时间：2014-08-01 0:50:9', 16385, 281930680, 0),
	(1218, 1, '编号为16386的植物已经失去联系，最后在园时间：2014-08-04 6:53:51', 16386, 908680, 0),
	(1219, 1, '编号为21862的植物已经失去联系，最后在园时间：2014-08-04 6:53:51', 21862, 908680, 0),
	(1220, 1, '编号为16387的植物已经失去联系，最后在园时间：2014-08-04 6:53:51', 16387, 908680, 0),
	(1221, 1, '编号为16385的植物已经失去联系，最后在园时间：2014-08-01 0:50:9', 16385, 282930680, 0),
	(1222, 1, '编号为16386的植物已经失去联系，最后在园时间：2014-08-04 6:53:51', 16386, 1908680, 0),
	(1223, 1, '编号为21862的植物已经失去联系，最后在园时间：2014-08-04 6:53:51', 21862, 1908680, 0),
	(1224, 1, '编号为16387的植物已经失去联系，最后在园时间：2014-08-04 6:53:51', 16387, 1908680, 0),
	(1225, 1, '编号为16385的植物已经失去联系，最后在园时间：2014-08-01 0:50:9', 16385, 283930680, 0),
	(1226, 1, '编号为16385的植物已经失去联系，最后在园时间：2014-08-01 0:50:9', 16385, 284930664, 0),
	(1227, 1, '编号为16386的植物已经失去联系，最后在园时间：2014-08-04 7:41:41', 16386, 1038664, 0),
	(1228, 1, '编号为21862的植物已经失去联系，最后在园时间：2014-08-04 7:41:41', 21862, 1038664, 0),
	(1229, 1, '编号为16387的植物已经失去联系，最后在园时间：2014-08-04 7:41:41', 16387, 1038664, 0),
	(1230, 1, '编号为16385的植物已经失去联系，最后在园时间：2014-08-01 0:50:9', 16385, 285930680, 0),
	(1231, 1, '编号为16386的植物已经失去联系，最后在园时间：2014-08-04 7:41:41', 16386, 2038680, 0),
	(1232, 1, '编号为21862的植物已经失去联系，最后在园时间：2014-08-04 7:41:41', 21862, 2038680, 0),
	(1233, 1, '编号为16387的植物已经失去联系，最后在园时间：2014-08-04 7:41:41', 16387, 2038680, 0),
	(1234, 1, '编号为16385的植物已经失去联系，最后在园时间：2014-08-01 0:50:9', 16385, 286930664, 0),
	(1235, 1, '编号为16385的植物已经失去联系，最后在园时间：2014-08-01 0:50:9', 16385, 287930680, 0),
	(1236, 1, '编号为16386的植物已经失去联系，最后在园时间：2014-08-04 8:29:35', 16386, 1164680, 0),
	(1237, 1, '编号为21862的植物已经失去联系，最后在园时间：2014-08-04 8:29:35', 21862, 1164680, 0),
	(1238, 1, '编号为16387的植物已经失去联系，最后在园时间：2014-08-04 8:29:35', 16387, 1164680, 0),
	(1239, 1, '编号为16385的植物已经失去联系，最后在园时间：2014-08-01 0:50:9', 16385, 288930664, 0),
	(1240, 1, '编号为16386的植物已经失去联系，最后在园时间：2014-08-04 8:29:35', 16386, 2164664, 0),
	(1241, 1, '编号为21862的植物已经失去联系，最后在园时间：2014-08-04 8:29:35', 21862, 2164664, 0),
	(1242, 1, '编号为16387的植物已经失去联系，最后在园时间：2014-08-04 8:29:35', 16387, 2164664, 0),
	(1243, 1, '编号为16385的植物已经失去联系，最后在园时间：2014-08-01 0:50:9', 16385, 289930680, 0),
	(1244, 1, '编号为16386的植物已经失去联系，最后在园时间：2014-08-04 9:17:24', 16386, 295680, 0),
	(1245, 1, '编号为21862的植物已经失去联系，最后在园时间：2014-08-04 9:17:24', 21862, 295680, 0),
	(1246, 1, '编号为16387的植物已经失去联系，最后在园时间：2014-08-04 9:17:24', 16387, 295680, 0),
	(1247, 1, '编号为16385的植物已经失去联系，最后在园时间：2014-08-01 0:50:9', 16385, 290930664, 0),
	(1248, 1, '编号为16386的植物已经失去联系，最后在园时间：2014-08-04 9:17:24', 16386, 1295664, 0),
	(1249, 1, '编号为21862的植物已经失去联系，最后在园时间：2014-08-04 9:17:24', 21862, 1295664, 0),
	(1250, 1, '编号为16387的植物已经失去联系，最后在园时间：2014-08-04 9:17:24', 16387, 1295664, 0),
	(1251, 1, '编号为16385的植物已经失去联系，最后在园时间：2014-08-01 0:50:9', 16385, 291930664, 0),
	(1252, 1, '编号为16386的植物已经失去联系，最后在园时间：2014-08-04 9:17:24', 16386, 2295664, 0),
	(1253, 1, '编号为21862的植物已经失去联系，最后在园时间：2014-08-04 9:17:24', 21862, 2295664, 0),
	(1254, 1, '编号为16387的植物已经失去联系，最后在园时间：2014-08-04 9:17:24', 16387, 2295664, 0),
	(1255, 1, '编号为16385的植物已经失去联系，最后在园时间：2014-08-01 0:50:9', 16385, 292930664, 0),
	(1256, 1, '编号为16386的植物已经失去联系，最后在园时间：2014-08-04 10:5:17', 16386, 422664, 0),
	(1257, 1, '编号为21862的植物已经失去联系，最后在园时间：2014-08-04 10:5:17', 21862, 422664, 0),
	(1258, 1, '编号为16387的植物已经失去联系，最后在园时间：2014-08-04 10:5:17', 16387, 422664, 0),
	(1259, 1, '编号为16385的植物已经失去联系，最后在园时间：2014-08-01 0:50:9', 16385, 293930664, 0),
	(1260, 1, '编号为16386的植物已经失去联系，最后在园时间：2014-08-04 10:5:17', 16386, 1422664, 0),
	(1261, 1, '编号为21862的植物已经失去联系，最后在园时间：2014-08-04 10:5:17', 21862, 1422664, 0),
	(1262, 1, '编号为16387的植物已经失去联系，最后在园时间：2014-08-04 10:5:17', 16387, 1422664, 0),
	(1263, 1, '编号为16385的植物已经失去联系，最后在园时间：2014-08-01 0:50:9', 16385, 294930664, 0),
	(1264, 1, '编号为16385的植物已经失去联系，最后在园时间：2014-08-01 0:50:9', 16385, 295930664, 0),
	(1265, 1, '编号为16385的植物已经失去联系，最后在园时间：2014-08-01 0:50:9', 16385, 296930680, 0),
	(1266, 1, '编号为16385的植物已经失去联系，最后在园时间：2014-08-01 0:50:9', 16385, 297930680, 0),
	(1267, 1, '编号为16386的植物已经失去联系，最后在园时间：2014-08-04 10:5:17', 16386, 5422680, 0),
	(1268, 1, '编号为21862的植物已经失去联系，最后在园时间：2014-08-04 10:5:17', 21862, 5422680, 0),
	(1269, 1, '编号为16387的植物已经失去联系，最后在园时间：2014-08-04 10:5:17', 16387, 5422680, 0),
	(1270, 1, '编号为16385的植物已经失去联系，最后在园时间：2014-08-01 0:50:9', 16385, 298930664, 0),
	(1271, 1, '编号为16385的植物已经失去联系，最后在园时间：2014-08-01 0:50:9', 16385, 299930664, 0),
	(1272, 1, '编号为16385的植物已经失去联系，最后在园时间：2014-08-01 0:50:9', 16385, 300930680, 0),
	(1273, 1, '编号为16385的植物已经失去联系，最后在园时间：2014-08-01 0:50:9', 16385, 301930680, 0),
	(1274, 1, '编号为16385的植物已经失去联系，最后在园时间：2014-08-01 0:50:9', 16385, 302930680, 0),
	(1275, 1, '编号为16385的植物已经失去联系，最后在园时间：2014-08-01 0:50:9', 16385, 303930664, 0),
	(1276, 1, '编号为16385的植物已经失去联系，最后在园时间：2014-08-01 0:50:9', 16385, 304930664, 0),
	(1277, 1, '编号为16385的植物已经失去联系，最后在园时间：2014-08-01 0:50:9', 16385, 305930680, 0),
	(1278, 1, '编号为16385的植物已经失去联系，最后在园时间：2014-08-01 0:50:9', 16385, 306930680, 0),
	(1279, 1, '编号为16385的植物已经失去联系，最后在园时间：2014-08-01 0:50:9', 16385, 307930664, 0),
	(1280, 1, '编号为16385的植物已经失去联系，最后在园时间：2014-08-01 0:50:9', 16385, 308930680, 0),
	(1281, 1, '编号为16385的植物已经失去联系，最后在园时间：2014-08-01 0:50:9', 16385, 309930664, 0),
	(1282, 1, '编号为16385的植物已经失去联系，最后在园时间：2014-08-01 0:50:9', 16385, 310930664, 0),
	(1283, 1, '编号为16385的植物已经失去联系，最后在园时间：2014-08-01 0:50:9', 16385, 311930664, 0),
	(1284, 1, '编号为16385的植物已经失去联系，最后在园时间：2014-08-01 0:50:9', 16385, 312930680, 0),
	(1285, 1, '编号为16385的植物已经失去联系，最后在园时间：2014-08-01 0:50:9', 16385, 313930664, 0),
	(1286, 1, '编号为16385的植物已经失去联系，最后在园时间：2014-08-01 0:50:9', 16385, 314930664, 0),
	(1287, 1, '编号为16385的植物已经失去联系，最后在园时间：2014-08-01 0:50:9', 16385, 315930664, 0),
	(1288, 1, '编号为16385的植物已经失去联系，最后在园时间：2014-08-01 0:50:9', 16385, 316930680, 0),
	(1289, 1, '编号为16385的植物已经失去联系，最后在园时间：2014-08-01 0:50:9', 16385, 317930664, 0),
	(1290, 1, '编号为16385的植物已经失去联系，最后在园时间：2014-08-01 0:50:9', 16385, 318930680, 0),
	(1291, 1, '编号为16385的植物已经失去联系，最后在园时间：2014-08-01 0:50:9', 16385, 319930680, 0),
	(1292, 1, '编号为16385的植物已经失去联系，最后在园时间：2014-08-01 0:50:9', 16385, 320930664, 0),
	(1293, 1, '编号为16385的植物已经失去联系，最后在园时间：2014-08-01 0:50:9', 16385, 321930680, 0),
	(1294, 1, '编号为16385的植物已经失去联系，最后在园时间：2014-08-01 0:50:9', 16385, 322930664, 0),
	(1295, 1, '编号为16385的植物已经失去联系，最后在园时间：2014-08-01 0:50:9', 16385, 323930664, 0),
	(1296, 1, '编号为16385的植物已经失去联系，最后在园时间：2014-08-01 0:50:9', 16385, 324930664, 0),
	(1297, 1, '编号为16385的植物已经失去联系，最后在园时间：2014-08-01 0:50:9', 16385, 325930664, 0),
	(1298, 1, '编号为16385的植物已经失去联系，最后在园时间：2014-08-01 0:50:9', 16385, 326930664, 0),
	(1299, 1, '编号为16385的植物已经失去联系，最后在园时间：2014-08-01 0:50:9', 16385, 327930664, 0);
/*!40000 ALTER TABLE `monitor_log` ENABLE KEYS */;

-- 导出  表 forestry.role_authority 结构
DROP TABLE IF EXISTS `role_authority`;
CREATE TABLE IF NOT EXISTS `role_authority` (
  `id` bigint(20) NOT NULL AUTO_INCREMENT,
  `authority_id` varchar(500) NOT NULL,
  `role` smallint(6) NOT NULL,
  PRIMARY KEY (`id`)
) ENGINE=InnoDB AUTO_INCREMENT=5486 DEFAULT CHARSET=utf8;

-- 正在导出表  forestry.role_authority 的数据：~108 rows (大约)
DELETE FROM `role_authority`;
/*!40000 ALTER TABLE `role_authority` DISABLE KEYS */;
INSERT INTO `role_authority` (`id`, `authority_id`, `role`) VALUES
	(4542, '70', 3),
	(4543, '73', 3),
	(4544, '73Add', 3),
	(4545, '73Edit', 3),
	(4546, '73Delete', 3),
	(4547, '73View', 3),
	(4548, '73Export', 3),
	(4549, '76', 3),
	(4550, '76Add', 3),
	(4551, '76Edit', 3),
	(4552, '76Delete', 3),
	(4553, '76View', 3),
	(4554, '76Export', 3),
	(4555, '80', 3),
	(4556, '81', 3),
	(4557, '81Add', 3),
	(4558, '81Edit', 3),
	(4559, '81Delete', 3),
	(4560, '81View', 3),
	(4561, '81Export', 3),
	(4562, '81QuitTenant', 3),
	(4563, '70', 2),
	(4564, '74', 2),
	(4565, '74View', 2),
	(4566, '74Examine', 2),
	(4567, '74Export', 2),
	(4568, '74Query', 2),
	(4569, '76View', 2),
	(4570, '76Examine', 2),
	(4571, '76Export', 2),
	(4572, '76Query', 2),
	(4573, '78', 2),
	(4574, '78View', 2),
	(4575, '78Examine', 2),
	(4576, '78Export', 2),
	(4577, '78Query', 2),
	(4578, '80', 2),
	(4579, '82', 2),
	(4580, '82View', 2),
	(4581, '82Export', 2),
	(4582, '82Query', 2),
	(4583, '82Examine', 2),
	(4584, '90', 2),
	(4585, '91', 2),
	(4586, '91Export', 2),
	(4587, '92', 2),
	(4588, '92Export', 2),
	(5425, '15', 1),
	(5426, '16', 1),
	(5427, '16Add', 1),
	(5428, '16Edit', 1),
	(5429, '16Delete', 1),
	(5430, '16View', 1),
	(5431, '16Export', 1),
	(5432, '16Query', 1),
	(5433, '17', 1),
	(5434, '19', 1),
	(5435, '19Add', 1),
	(5436, '19Edit', 1),
	(5437, '19Delete', 1),
	(5438, '19View', 1),
	(5439, '20', 1),
	(5440, '20Add', 1),
	(5441, '20Edit', 1),
	(5442, '20Delete', 1),
	(5443, '20View', 1),
	(5444, '70', 1),
	(5445, '72', 1),
	(5446, '72Add', 1),
	(5447, '72Edit', 1),
	(5448, '72Delete', 1),
	(5449, '72View', 1),
	(5450, '72Examine', 1),
	(5451, '72Export', 1),
	(5452, '75', 1),
	(5453, '75Edit', 1),
	(5454, '75Delete', 1),
	(5455, '75View', 1),
	(5456, '75Examine', 1),
	(5457, '75Export', 1),
	(5458, '75Query', 1),
	(5459, '76', 1),
	(5460, '76View', 1),
	(5461, '76Examine', 1),
	(5462, '76Export', 1),
	(5463, '76Query', 1),
	(5464, '78', 1),
	(5465, '78Delete', 1),
	(5466, '78View', 1),
	(5467, '78Examine', 1),
	(5468, '78Export', 1),
	(5469, '78Query', 1),
	(5470, '80', 1),
	(5471, '82', 1),
	(5472, '82View', 1),
	(5473, '82Export', 1),
	(5474, '82Query', 1),
	(5475, '82Examine', 1),
	(5476, '90', 1),
	(5477, '91', 1),
	(5478, '91Export', 1),
	(5479, '91AllDeprtmentQuery', 1),
	(5480, '92', 1),
	(5481, '92Export', 1),
	(5482, '92AllDeprtmentQuery', 1),
	(5483, '100', 1),
	(5484, '102', 1),
	(5485, '103', 1);
/*!40000 ALTER TABLE `role_authority` ENABLE KEYS */;

-- 导出  表 forestry.room 结构
DROP TABLE IF EXISTS `room`;
CREATE TABLE IF NOT EXISTS `room` (
  `id` bigint(20) NOT NULL AUTO_INCREMENT,
  `roomName` varchar(255) DEFAULT '' COMMENT '房间名称',
  `roomArea` varchar(200) DEFAULT '' COMMENT '房间面积',
  `roomDesc` varchar(255) DEFAULT '' COMMENT '房间描述',
  `roomTwoDimensionalCode` varchar(200) DEFAULT '' COMMENT '房间二维码照片',
  `roomImage` varchar(200) DEFAULT '' COMMENT '房间照片',
  `houseId` bigint(20) DEFAULT '-1' COMMENT '房屋ID',
  `houseName` varchar(255) DEFAULT '' COMMENT '房屋名',
  `checkOpion` varchar(50) DEFAULT '未审核' COMMENT '审核内容',
  `checkerId` bigint(20) DEFAULT '-1' COMMENT '审核者ID',
  `checkerName` varchar(50) DEFAULT '' COMMENT '审核者姓名',
  `checkDate` date DEFAULT NULL COMMENT '审核时间',
  `registDate` date DEFAULT NULL,
  PRIMARY KEY (`id`) USING BTREE
) ENGINE=InnoDB AUTO_INCREMENT=480 DEFAULT CHARSET=utf8;

-- 正在导出表  forestry.room 的数据：~444 rows (大约)
DELETE FROM `room`;
/*!40000 ALTER TABLE `room` DISABLE KEYS */;
INSERT INTO `room` (`id`, `roomName`, `roomArea`, `roomDesc`, `roomTwoDimensionalCode`, `roomImage`, `houseId`, `houseName`, `checkOpion`, `checkerId`, `checkerName`, `checkDate`, `registDate`) VALUES
	(21, '101', '15', '', NULL, '0', 75, '大庵', '同意', -1, '郑为中', '2020-05-11', NULL),
	(22, '101', '15', '', NULL, '0', 76, '自建房', '同意', 1, '郑为中', '2020-06-23', NULL),
	(23, '101', '20', '', NULL, '0', 113, '自建房', '同意', 1, '郑为中', '2020-06-23', NULL),
	(24, '101', '15', '', NULL, '0', 114, '自建房', '同意', 1, '郑为中', '2020-06-23', NULL),
	(25, '101', '15', '', '', '', 115, '自建房', '同意', 1, '郑为中', '2020-06-23', NULL),
	(26, '一楼东', '20', '', '', '', 116, '自建房', '同意', 1, '郑为中', '2020-06-23', NULL),
	(27, '二楼', '40', '', '', '', 118, '自建房', '同意', 1, '郑为中', '2020-06-23', NULL),
	(28, '一楼', '15', '', '', '', 119, '自建房', '同意', 1, '郑为中', '2020-06-23', NULL),
	(30, '一楼', '30', '', '', '', 120, '自建房', '同意', 1, '郑为中', '2020-06-23', NULL),
	(31, '一楼', '20', '', '', '', 122, '自建房', '同意', 1, '郑为中', '2020-06-23', NULL),
	(32, '一楼西', '20', '', '', '', 123, '自建房', '同意', 1, '郑为中', '2020-06-23', NULL),
	(33, '一楼', '20', '', '', '', 124, '自建房', '同意', 1, '郑为中', '2020-06-23', NULL),
	(34, '一楼东', '20', '', '', '', 125, '自建房', '同意', 1, '郑为中', '2020-06-23', NULL),
	(35, '二楼', '40', '', '', '', 126, '自建房', '同意', 1, '郑为中', '2020-06-23', NULL),
	(36, '一楼', '20', '', '', '', 127, '自建房', '同意', 1, '郑为中', '2020-06-23', NULL),
	(37, '自搭棚', '10', '', '', '', 128, '自建房', '同意', 1, '郑为中', '2020-06-23', NULL),
	(38, '101', '20', '', '', '', 129, '自建房', '同意', 1, '郑为中', '2020-06-23', NULL),
	(39, '101', '20', '', '', '', 130, '一楼', '同意', 1, '郑为中', '2020-06-23', NULL),
	(40, '一楼', '20', '', '', '', 131, '自建房', '同意', 1, '郑为中', '2020-06-23', NULL),
	(41, '二楼', '20', '', '', '', 132, '自建房', '同意', 1, '郑为中', '2020-06-23', NULL),
	(42, '二楼', '20', '', '', '', 133, '自建房', '同意', 1, '郑为中', '2020-06-23', NULL),
	(43, '二楼', '20', '', '', '', 134, '自建房', '同意', 1, '郑为中', '2020-06-23', NULL),
	(44, '庙里', '30', '', '', '', 135, '山头庙', '同意', 1, '郑为中', '2020-06-23', NULL),
	(45, '一楼', '20', '', '', '', 136, '自建房', '同意', 1, '郑为中', '2020-06-23', NULL),
	(46, '一楼', '20', '', '', '', 137, '自建房', '同意', 1, '郑为中', '2020-06-23', NULL),
	(47, '一楼', '20', '', '', '', 138, '一楼', '同意', 1, '郑为中', '2020-06-23', NULL),
	(48, '一楼', '20', '', '', '', 139, '自建房', '同意', 1, '郑为中', '2020-06-23', NULL),
	(49, '一楼', '20', '', '', '', 140, '自建房', '同意', 1, '郑为中', '2020-06-23', NULL),
	(50, '一楼', '30', '', '', '', 141, '自建房', '同意', 1, '郑为中', '2020-06-23', NULL),
	(51, '二楼', '40', '', '', '', 142, '自建房', '同意', 1, '郑为中', '2020-06-23', NULL),
	(52, '一楼', '20', '', '', '', 143, '自建房', '同意', 1, '郑为中', '2020-06-23', NULL),
	(53, '一楼', '40', '', '', '', 144, '自建房', '同意', 1, '郑为中', '2020-06-23', NULL),
	(54, '一楼', '50', '', '', '', 145, '自建房', '同意', 1, '郑为中', '2020-05-22', NULL),
	(55, '一楼', '20', '', '', '', 146, '自建房', '同意', 1, '郑为中', '2020-06-23', NULL),
	(56, '104', '40', '', '', '', 147, '自建房', '同意', 1, '郑为中', '2020-06-23', NULL),
	(57, '青珠塘69号', '30', '', '', '', 422, '青珠塘69.70号', '同意', 1, '郑为中', '2020-06-23', NULL),
	(58, '青珠塘68号', '30', '', '', '', 423, '青珠塘68号', '同意', 1, '郑为中', '2020-06-23', NULL),
	(59, '青珠塘67号', '30', '', '', '', 424, '青珠塘67号', '同意', 1, '郑为中', '2020-06-23', NULL),
	(60, '青珠塘63号', '30', '', '', '', 425, '青珠塘63号', '同意', 1, '郑为中', '2020-06-23', NULL),
	(61, '青珠塘61号', '30', '', '', '', 426, '青珠塘61.62号', '同意', 1, '郑为中', '2020-06-23', NULL),
	(62, '青珠塘57号', '30', '', '', '', 427, '青珠塘57.58号', '同意', 1, '郑为中', '2020-06-23', NULL),
	(63, '青珠塘54号', '30', '', '', '', 428, '青珠塘54号', '同意', 1, '郑为中', '2020-05-11', NULL),
	(64, '青珠塘52号', '15', '', '', '', 429, '青珠塘52.53号', '同意', 1, '郑为中', '2020-05-11', NULL),
	(65, '青珠塘44号', '40', '', '', '', 430, '青珠塘44.45.46号', '同意', 1, '郑为中', '2020-05-11', NULL),
	(66, '青珠塘36号', '30', '', '', '', 431, '青珠塘36号', '同意', 1, '郑为中', '2020-05-11', NULL),
	(67, '青珠塘32.43号', '30', '', '', '', 432, '青珠塘32.43号', '同意', 1, '郑为中', '2020-05-11', NULL),
	(68, '27号', '40', '', '', '', 433, '27.28.29.37.38.39号', '同意', 1, '郑为中', '2020-05-11', NULL),
	(69, '青珠塘18号', '30', '', '', '', 434, '青珠塘18号', '同意', 1, '郑为中', '2020-05-11', NULL),
	(70, '青珠塘13号', '15', '', '', '', 435, '青珠塘13.59.60号', '同意', 1, '郑为中', '2020-05-11', NULL),
	(71, '青珠塘12号', '30', '', '', '', 436, '青珠塘12号', '同意', 1, '郑为中', '2020-05-11', NULL),
	(72, '青珠塘7号', '30', '', '', '', 437, '青珠塘7.8号', '同意', 1, '郑为中', '2020-05-11', NULL),
	(73, '青珠塘3号', '28', '', '', '', 438, '青珠塘3号', '同意', 1, '郑为中', '2020-05-11', NULL),
	(74, '青珠塘（下公和）8.9号', '20', '', '', '', 149, '青珠塘（下公和）', '同意', -1, '郑为中', '2020-05-11', NULL),
	(75, '青珠塘（下公和）7.10号', '20', '', '', '', 149, '青珠塘（下公和）', '同意', -1, '郑为中', '2020-05-11', NULL),
	(76, '宿舍101', '40', '', '', '', 150, '自建房', '同意', -1, '郑为中', '2020-05-11', NULL),
	(77, '宿舍102', '40', '', '', '', 150, '自建房', '同意', -1, '郑为中', '2020-05-11', NULL),
	(78, '宿舍103', '30', '', '', '', 150, '自建房', '同意', -1, '郑为中', '2020-05-11', NULL),
	(79, '宿舍201', '40', '', '', '', 150, '自建房', '同意', -1, '郑为中', '2020-05-11', NULL),
	(80, '宿舍202', '30', '', '', '', 150, '自建房', '同意', -1, '郑为中', '2020-05-11', NULL),
	(83, '202', '60', '', '', '', 151, '自建房', '同意', -1, '郑为中', '2020-05-11', NULL),
	(84, '宿舍101', '40', '', '', '', 152, '自建房', '同意', -1, '郑为中', '2020-05-11', NULL),
	(85, '宿舍102', '40', '', '', '', 152, '自建房', '同意', -1, '郑为中', '2020-05-11', NULL),
	(86, '宿舍103', '40', '', '', '', 152, '自建房', '同意', -1, '郑为中', '2020-05-11', NULL),
	(87, '楼上楼下', '80', '', '', '', 153, '自建房', '同意', -1, '郑为中', '2020-05-11', NULL),
	(88, '宿舍101', '30', '', '', '', 154, '自建房', '同意', -1, '郑为中', '2020-05-11', NULL),
	(89, '宿舍102', '30', '', '', '', 154, '自建房', '同意', -1, '郑为中', '2020-05-11', NULL),
	(90, '宿舍103', '30', '', '', '', 154, '自建房', '同意', -1, '郑为中', '2020-05-11', NULL),
	(91, '宿舍104', '30', '', '', '', 154, '自建房', '同意', -1, '郑为中', '2020-05-11', NULL),
	(92, '宿舍201', '30', '', '', '', 154, '自建房', '同意', -1, '郑为中', '2020-05-11', NULL),
	(93, '宿舍202', '30', '', '', '', 154, '自建房', '同意', -1, '郑为中', '2020-05-11', NULL),
	(94, '宿舍203', '30', '', '', '', 154, '自建房', '同意', -1, '郑为中', '2020-05-11', NULL),
	(95, '宿舍204', '30', '', '', '', 154, '自建房', '同意', -1, '郑为中', '2020-05-11', NULL),
	(96, '一楼', '50', '', '', '', 155, '自建房', '同意', -1, '郑为中', '2020-05-11', NULL),
	(97, '二楼', '50', '', '', '', 155, '自建房', '同意', -1, '郑为中', '2020-05-11', NULL),
	(98, '一楼东', '20', '', '', '', 156, '自建房', '同意', -1, '郑为中', '2020-05-11', NULL),
	(99, '二楼', '50', '', '', '', 156, '自建房', '同意', -1, '郑为中', '2020-05-11', NULL),
	(100, '整楼', '100', '', '', '', 157, '自建房', '同意', -1, '郑为中', '2020-05-11', NULL),
	(101, '一楼', '60', '', '', '', 158, '自建房', '同意', -1, '郑为中', '2020-05-11', NULL),
	(102, '一楼', '40', '', '', '', 159, '自建房', '同意', -1, '郑为中', '2020-05-11', NULL),
	(103, '二楼', '40', '', '', '', 159, '自建房', '同意', -1, '郑为中', '2020-05-11', NULL),
	(104, '宿舍101', '30', '', '', '', 160, '新五星优农果蔬专业合作宿舍', '同意', -1, '郑为中', '2020-05-11', NULL),
	(105, '宿舍102', '30', '', '', '', 160, '新五星优农果蔬专业合作宿舍', '同意', -1, '郑为中', '2020-05-11', NULL),
	(106, '宿舍103', '30', '', '', '', 160, '新五星优农果蔬专业合作宿舍', '同意', -1, '郑为中', '2020-05-11', NULL),
	(107, '宿舍104', '30', '', '', '', 160, '新五星优农果蔬专业合作宿舍', '同意', -1, '郑为中', '2020-05-11', NULL),
	(108, '一楼', '40', '', '', '', 161, '自建房', '未审核', -1, '', NULL, NULL),
	(109, '二楼东', '20', '', '', '', 161, '自建房', '未审核', -1, '', NULL, NULL),
	(110, '一楼东', '40', '', '', '', 162, '自建房', '未审核', -1, '', NULL, NULL),
	(111, '二楼东', '40', '', '', '', 162, '自建房', '未审核', -1, '', NULL, NULL),
	(112, '二楼', '60', '', '', '', 163, '自建房', '未审核', -1, '', NULL, NULL),
	(113, '二楼', '70', '', '', '', 164, '自建房', '未审核', -1, '', NULL, NULL),
	(114, '一楼', '50', '', '', '', 165, '自建房', '未审核', -1, '', NULL, NULL),
	(116, '401', '80', '', '', '', 166, '自建房', '未审核', -1, '', NULL, NULL),
	(117, '二楼东', '30', '', '', '', 159, '自建房', '未审核', -1, '', NULL, NULL),
	(118, '二楼', '80', '', '', '', 167, '自建房', '未审核', -1, '', NULL, NULL),
	(119, '101', '60', '', '', '', 168, '自建房', '未审核', -1, '', NULL, NULL),
	(120, '一楼', '60', '', '', '', 169, '自建房', '未审核', -1, '', NULL, NULL),
	(121, '101', '50', '', '', '', 170, '自建房', '未审核', -1, '', NULL, NULL),
	(122, '101', '70', '', '', '', 171, '自建房', '未审核', -1, '', NULL, NULL),
	(123, '201', '70', '', '', '', 171, '自建房', '未审核', -1, '', NULL, NULL),
	(124, '一楼', '60', '', '', '', 172, '自建房', '未审核', -1, '', NULL, NULL),
	(125, '二楼', '60', '', '', '', 172, '自建房', '未审核', -1, '', NULL, NULL),
	(126, '二楼', '60', '', '', '', 173, '自建房', '未审核', -1, '', NULL, NULL),
	(127, '二楼', '60', '', '', '', 174, '自建房', '未审核', -1, '', NULL, NULL),
	(128, '一楼东', '20', '', '', '', 174, '自建房', '未审核', -1, '', NULL, NULL),
	(129, '一楼东', '40', '', '', '', 175, '自建房', '未审核', -1, '', NULL, NULL),
	(130, '二楼东', '40', '', '', '', 175, '自建房', '未审核', -1, '', NULL, NULL),
	(131, '一楼西', '20', '', '', '', 175, '自建房', '未审核', -1, '', NULL, NULL),
	(132, '二楼东', '40', '', '', '', 176, '自建房', '未审核', -1, '', NULL, NULL),
	(133, '三楼', '60', '', '', '', 176, '自建房', '未审核', -1, '', NULL, NULL),
	(134, '二楼', '70', '', '', '', 177, '自建房', '未审核', -1, '', NULL, NULL),
	(135, '一楼', '60', '', '', '', 178, '自建房', '未审核', -1, '', NULL, NULL),
	(136, '二楼', '60', '', '', '', 179, '自建房', '未审核', -1, '', NULL, NULL),
	(137, '二楼', '65', '', '', '', 180, '自建房', '未审核', -1, '', NULL, NULL),
	(138, '一楼', '60', '', '', '', 181, '自建房', '未审核', -1, '', NULL, NULL),
	(139, '一楼', '50', '', '', '', 182, '自建房', '未审核', -1, '', NULL, NULL),
	(140, '二楼', '60', '', '', '', 184, '自建房', '未审核', -1, '', NULL, NULL),
	(141, '一楼', '50', '', '', '', 185, '自建房', '未审核', -1, '', NULL, NULL),
	(142, '二楼', '60', '', '', '', 186, '自建房', '未审核', -1, '', NULL, NULL),
	(143, 'aaa', '50', 'aaa', '', '', 187, 'aa', '未审核', -1, '', NULL, NULL),
	(144, '一楼', '60', '', '', '', 188, '自建房', '未审核', -1, '', NULL, NULL),
	(145, '一楼', '60', '', '', '', 189, '自建房', '未审核', -1, '', NULL, NULL),
	(147, '山湖塘 20号', '50', '', '', '', 190, '山湖塘棚户', '未审核', -1, '', NULL, NULL),
	(148, '山湖塘 9.12号', '50', '', '', '', 190, '山湖塘棚户', '未审核', -1, '', NULL, NULL),
	(150, '盐场塘1号', '50', '', '', '', 500, '盐场塘1号', '未审核', -1, '', NULL, NULL),
	(151, '盐场塘2.3号', '50', '', '', '', 501, '盐场塘2号3号', '未审核', -1, '', NULL, NULL),
	(153, '盐场塘4号', '50', '', '', '', 502, '盐场塘4号', '未审核', -1, '', NULL, NULL),
	(154, '宿舍101', '40', '', '', '', 192, '宿舍', '未审核', -1, '', NULL, NULL),
	(155, '宿舍102', '40', '', '', '', 192, '宿舍', '未审核', -1, '', NULL, NULL),
	(156, '宿舍103', '40', '', '', '', 192, '宿舍', '未审核', -1, '', NULL, NULL),
	(157, '宿舍104', '40', '', '', '', 192, '宿舍', '未审核', -1, '', NULL, NULL),
	(158, '宿舍101', '60', '', '', '', 193, '宿舍', '未审核', -1, '', NULL, NULL),
	(159, '平房', '70', '', '', '', 194, '自建房', '未审核', -1, '', NULL, NULL),
	(160, '102室', '80', '', '', '', 195, '自建房', '未审核', -1, '', NULL, NULL),
	(161, '二楼', '60', '', '', '', 196, '自建房', '未审核', -1, '', NULL, NULL),
	(162, '一楼', '30', '', '', '', 196, '自建房', '未审核', -1, '', NULL, NULL),
	(163, '二楼', '60', '', '', '', 197, '长街镇垃圾中转站内', '未审核', -1, '', NULL, NULL),
	(164, '二楼', '60', '', '', '', 198, '自建房', '未审核', -1, '', NULL, NULL),
	(165, '二楼', '70', '', '', '', 199, '自建房', '未审核', -1, '', NULL, NULL),
	(166, '102', '60', '', '', '', 200, '自建房', '未审核', -1, '', NULL, NULL),
	(167, '101', '60', '', '', '', 200, '自建房', '未审核', -1, '', NULL, NULL),
	(168, '202', '70', '', '', '', 201, '自建房', '未审核', -1, '', NULL, NULL),
	(169, '二楼', '60', '', '', '', 202, '自建房', '未审核', -1, '', NULL, NULL),
	(170, '201', '80', '', '', '', 203, '自建房', '未审核', -1, '', NULL, NULL),
	(171, '一楼', '60', '', '', '', 204, '自建房', '未审核', -1, '', NULL, NULL),
	(172, '一楼', '60', '', '', '', 205, '自建房', '未审核', -1, '', NULL, NULL),
	(173, '101', '60', '', '', '', 206, '自建房', '未审核', -1, '', NULL, NULL),
	(174, '一楼', '60', '', '', '', 176, '自建房', '未审核', -1, '', NULL, NULL),
	(175, '店面', '60', '', '', '', 207, '自建房', '未审核', -1, '', NULL, NULL),
	(176, '一楼', '60', '', '', '', 208, '自建房', '未审核', -1, '', NULL, NULL),
	(177, '一楼', '50', '', '', '', 210, '自建房', '未审核', -1, '', NULL, NULL),
	(178, '一楼', '30', '', '', '', 211, '自建房', '未审核', -1, '', NULL, NULL),
	(179, '自建房', '60', '', '', '', 213, '自建房', '未审核', -1, '', NULL, NULL),
	(180, '一楼', '50', '', '', '', 214, '自建房', '未审核', -1, '', NULL, NULL),
	(181, '201', '60', '', '', '', 215, '自建房', '未审核', -1, '', NULL, NULL),
	(182, '二楼', '30', '', '', '', 216, '自建房', '未审核', -1, '', NULL, NULL),
	(183, '二楼', '50', '', '', '', 217, '自建房', '未审核', -1, '', NULL, NULL),
	(184, '自建房', '60', '', '', '', 218, '自建房', '未审核', -1, '', NULL, NULL),
	(185, '寺内', '60', '', '', '', 219, '自建房', '未审核', -1, '', NULL, NULL),
	(186, '一楼', '30', '', '', '', 220, '自建房', '未审核', -1, '', NULL, NULL),
	(187, '二楼', '60', '', '', '', 221, '自建房', '未审核', -1, '', NULL, NULL),
	(188, '二楼', '60', '', '', '', 222, '自建房', '未审核', -1, '', NULL, NULL),
	(189, '二楼', '60', '', '', '', 223, '自建房', '未审核', -1, '', NULL, NULL),
	(190, '二楼', '60', '', '', '', 224, '自建房', '未审核', -1, '', NULL, NULL),
	(191, '二楼', '60', '', '', '', 225, '自建房', '未审核', -1, '', NULL, NULL),
	(192, '二楼', '60', '', '', '', 226, '自建房', '未审核', -1, '', NULL, NULL),
	(193, '二楼', '50', '', '', '', 227, '自建房', '未审核', -1, '', NULL, NULL),
	(194, '二楼', '50', '', '', '', 228, '自建房', '未审核', -1, '', NULL, NULL),
	(195, '二楼', '50', '', '', '', 229, '自建房', '未审核', -1, '', NULL, NULL),
	(196, '二楼西', '30', '', '', '', 229, '自建房', '未审核', -1, '', NULL, NULL),
	(197, '二楼', '40', '', '', '', 230, '自建房', '未审核', -1, '', NULL, NULL),
	(198, '二楼东', '30', '', '', '', 231, '自建房', '未审核', -1, '', NULL, NULL),
	(199, '二楼', '60', '', '', '', 232, '自建房', '未审核', -1, '', NULL, NULL),
	(200, '二楼西', '40', '', '', '', 233, '自建房', '未审核', -1, '', NULL, NULL),
	(201, '二楼', '40', '', '', '', 234, '自建房', '未审核', -1, '', NULL, NULL),
	(202, '101', '70', '', '', '', 235, '自建房', '未审核', -1, '', NULL, NULL),
	(203, '二楼', '40', '', '', '', 236, '自建房', '未审核', -1, '', NULL, NULL),
	(204, '二楼', '60', '', '', '', 237, '自建房', '未审核', -1, '', NULL, NULL),
	(205, '301', '70', '', '', '', 171, '自建房', '未审核', -1, '', NULL, NULL),
	(206, '一楼东', '30', '', '', '', 159, '自建房', '未审核', -1, '', NULL, NULL),
	(207, '三楼西', '40', '', '', '', 159, '自建房', '未审核', -1, '', NULL, NULL),
	(208, '401', '70', '', '', '', 171, '自建房', '未审核', -1, '', NULL, NULL),
	(209, '一楼', '30', '', '', '', 239, '自建房', '未审核', -1, '', NULL, NULL),
	(210, '二楼', '50', '', '', '', 240, '自建房', '未审核', -1, '', NULL, NULL),
	(211, '二楼', '60', '', '', '', 238, '自建房', '未审核', -1, '', NULL, NULL),
	(212, '二楼', '30', '', '', '', 241, '自建房', '未审核', -1, '', NULL, NULL),
	(213, '二楼', '50', '', '', '', 242, '自建房', '未审核', -1, '', NULL, NULL),
	(215, '二楼', '50', '', '', '', 243, '自建房', '未审核', -1, '', NULL, NULL),
	(216, '二楼', '60', '', '', '', 244, '自建房', '未审核', -1, '', NULL, NULL),
	(217, '一楼东', '30', '', '', '', 237, '自建房', '未审核', -1, '', NULL, NULL),
	(218, '一楼西', '20', '', '', '', 237, '自建房', '未审核', -1, '', NULL, NULL),
	(219, '二楼', '60', '', '', '', 245, '自建房', '未审核', -1, '', NULL, NULL),
	(220, '二楼', '70', '', '', '', 246, '自建房', '未审核', -1, '', NULL, NULL),
	(221, '一楼', '30', '', '', '', 247, '自建房', '未审核', -1, '', NULL, NULL),
	(222, '一楼', '30', '', '', '', 248, '自建房', '未审核', -1, '', NULL, NULL),
	(223, '二楼', '50', '', '', '', 249, '自建房', '未审核', -1, '', NULL, NULL),
	(224, '一楼', '30', '', '', '', 250, '自建房', '未审核', -1, '', NULL, NULL),
	(225, '二楼', '30', '', '', '', 251, '自建房', '未审核', -1, '', NULL, NULL),
	(226, '平房宿舍', '60', '', '', '', 252, '自建房', '未审核', -1, '', NULL, NULL),
	(227, '上塘 海外', '60', '', '', '', 254, '上塘 海外', '未审核', -1, '', NULL, NULL),
	(228, '上塘 德艺水产海场', '60', '', '', '', 255, '上塘 德艺水产海场', '未审核', -1, '', NULL, NULL),
	(229, '上塘 1号塘', '55', '', '', '', 256, '上塘 1号塘', '未审核', -1, '', NULL, NULL),
	(230, '二楼', '70', '', '', '', 253, '自建房', '未审核', -1, '', NULL, NULL),
	(231, '二楼', '60', '', '', '', 257, '自建房', '未审核', -1, '', NULL, NULL),
	(232, '二楼', '60', '', '', '', 259, '自建房', '未审核', -1, '', NULL, NULL),
	(233, '二楼', '60', '', '', '', 260, '自建房', '未审核', -1, '', NULL, NULL),
	(234, '宿舍301', '30', '', '', '', 154, '自建房', '未审核', -1, '', NULL, NULL),
	(235, '宿舍302', '30', '', '', '', 154, '自建房', '未审核', -1, '', NULL, NULL),
	(236, '宿舍303', '30', '', '', '', 154, '自建房', '未审核', -1, '', NULL, NULL),
	(237, '宿舍304', '30', '', '', '', 154, '自建房', '未审核', -1, '', NULL, NULL),
	(238, '三楼', '60', '', '', '', 198, '自建房', '未审核', -1, '', NULL, NULL),
	(239, '201', '50', '', '', '', 264, '自建房', '未审核', -1, '', NULL, NULL),
	(240, '201', '50', '', '', '', 265, '自建房', '未审核', -1, '', NULL, NULL),
	(241, '宿舍201', '40', '', '', '', 152, '自建房', '未审核', -1, '', NULL, NULL),
	(242, '宿舍202', '40', '', '', '', 152, '自建房', '未审核', -1, '', NULL, NULL),
	(243, '宿舍203', '40', '', '', '', 152, '自建房', '未审核', -1, '', NULL, NULL),
	(244, '宿舍301', '40', '', '', '', 152, '自建房', '未审核', -1, '', NULL, NULL),
	(245, '201', '60', '', '', '', 267, '自建房', '未审核', -1, '', NULL, NULL),
	(246, '201', '60', '', '', '', 268, '自建房', '未审核', -1, '', NULL, NULL),
	(247, '宿舍101', '30', '', '', '', 269, '世裕公寓', '未审核', -1, '', NULL, NULL),
	(248, '宿舍102', '30', '', '', '', 269, '世裕公寓', '未审核', -1, '', NULL, NULL),
	(249, '宿舍103', '30', '', '', '', 269, '世裕公寓', '未审核', -1, '', NULL, NULL),
	(250, '宿舍201', '30', '', '', '', 269, '世裕公寓', '未审核', -1, '', NULL, NULL),
	(251, '宿舍202', '30', '', '', '', 269, '世裕公寓', '未审核', -1, '', NULL, NULL),
	(252, '宿舍203', '30', '', '', '', 269, '世裕公寓', '未审核', -1, '', NULL, NULL),
	(253, '201', '60', '', '', '', 270, '自建房', '未审核', -1, '', NULL, NULL),
	(254, '201', '50', '', '', '', 271, '自建房', '未审核', -1, '', NULL, NULL),
	(255, '201', '40', '', '', '', 272, '自建房', '未审核', -1, '', NULL, NULL),
	(256, '201', '60', '', '', '', 274, '自建房', '未审核', -1, '', NULL, NULL),
	(257, '201', '50', '', '', '', 275, '自建房', '未审核', -1, '', NULL, NULL),
	(258, '103', '50', '', '', '', 276, '自建房', '未审核', -1, '', NULL, NULL),
	(259, '201', '60', '', '', '', 277, '自建房', '未审核', -1, '', NULL, NULL),
	(260, '201', '60', '', '', '', 278, '自建房', '未审核', -1, '', NULL, NULL),
	(261, '平房', '30', '', '', '', 279, '嘉庆寺', '未审核', -1, '', NULL, NULL),
	(262, '201', '50', '', '', '', 280, '自建房', '未审核', -1, '', NULL, NULL),
	(263, '201', '50', '', '', '', 281, '自建房', '未审核', -1, '', NULL, NULL),
	(264, '201', '50', '', '', '', 282, '自建房', '未审核', -1, '', NULL, NULL),
	(265, '201', '60', '', '', '', 283, '自建房', '未审核', -1, '', NULL, NULL),
	(266, '101', '50', '', '', '', 284, '自建房', '未审核', -1, '', NULL, NULL),
	(268, '201', '50', '', '', '', 285, '自建房', '未审核', -1, '', NULL, NULL),
	(269, '201', '50', '', '', '', 286, '自建房', '未审核', -1, '', NULL, NULL),
	(270, '101', '50', '', '', '', 151, '自建房', '未审核', -1, '', NULL, NULL),
	(271, '201', '60', '', '', '', 287, '自建房', '未审核', -1, '', NULL, NULL),
	(272, '201', '60', '', '', '', 288, '自建房', '未审核', -1, '', NULL, NULL),
	(273, '201', '50', '', '', '', 289, '自建房', '未审核', -1, '', NULL, NULL),
	(274, '201', '50', '', '', '', 290, '自建房', '未审核', -1, '', NULL, NULL),
	(275, '201', '60', '', '', '', 291, '自建房', '未审核', -1, '', NULL, NULL),
	(276, '201', '60', '', '', '', 292, '自建房', '未审核', -1, '', NULL, NULL),
	(277, '201', '50', '', '', '', 293, '自建房', '未审核', -1, '', NULL, NULL),
	(278, '寺内', '40', '', '', '', 294, '自建房', '未审核', -1, '', NULL, NULL),
	(279, '201', '60', '', '', '', 295, '自建房', '未审核', -1, '', NULL, NULL),
	(280, '201', '50', '', '', '', 296, '自建房', '未审核', -1, '', NULL, NULL),
	(281, '201', '50', '', '', '', 297, '自建房', '未审核', -1, '', NULL, NULL),
	(282, '201', '60', '', '', '', 298, '自建房', '未审核', -1, '', NULL, NULL),
	(283, '201', '60', '', '', '', 299, '自建房', '未审核', -1, '', NULL, NULL),
	(284, '201', '60', '', '', '', 300, '自建房', '未审核', -1, '', NULL, NULL),
	(285, '201', '60', '', '', '', 301, '自建房', '未审核', -1, '', NULL, NULL),
	(286, '201', '40', '', '', '', 302, '自建房', '未审核', -1, '', NULL, NULL),
	(287, '201', '40', '', '', '', 303, '自建房', '未审核', -1, '', NULL, NULL),
	(288, '201', '40', '', '', '', 304, '自建房', '未审核', -1, '', NULL, NULL),
	(289, '201', '50', '', '', '', 305, '自建房', '未审核', -1, '', NULL, NULL),
	(290, '201', '50', '', '', '', 306, '自建房', '未审核', -1, '', NULL, NULL),
	(291, '201', '50', '', '', '', 307, '自建房', '未审核', -1, '', NULL, NULL),
	(292, '201', '70', '', '', '', 308, '自建房', '未审核', -1, '', NULL, NULL),
	(293, '201', '60', '', '', '', 312, '自建房', '未审核', -1, '', NULL, NULL),
	(294, '201', '60', '', '', '', 313, '自建房', '未审核', -1, '', NULL, NULL),
	(295, '201', '60', '', '', '', 314, '自建房', '未审核', -1, '', NULL, NULL),
	(296, '201', '60', '', '', '', 315, '自建房', '未审核', -1, '', NULL, NULL),
	(297, '201', '60', '', '', '', 316, '自建房', '未审核', -1, '', NULL, NULL),
	(298, '201', '60', '', '', '', 317, '自建房', '未审核', -1, '', NULL, NULL),
	(299, '201', '60', '', '', '', 318, '自建房', '未审核', -1, '', NULL, NULL),
	(300, '201', '60', '', '', '', 319, '自建房', '未审核', -1, '', NULL, NULL),
	(301, '201', '60', '', '', '', 320, '自建房', '未审核', -1, '', NULL, NULL),
	(302, '201', '60', '', '', '', 321, '自建房', '未审核', -1, '', NULL, NULL),
	(303, '201', '60', '', '', '', 322, '自建房', '未审核', -1, '', NULL, NULL),
	(304, '201', '60', '', '', '', 323, '自建房', '未审核', -1, '', NULL, NULL),
	(305, '201', '60', '', '', '', 324, '自建房', '未审核', -1, '', NULL, NULL),
	(306, '201', '60', '', '', '', 325, '自建房', '未审核', -1, '', NULL, NULL),
	(307, '201', '50', '', '', '', 326, '自建房', '未审核', -1, '', NULL, NULL),
	(308, '201', '60', '', '', '', 327, '自建房', '未审核', -1, '', NULL, NULL),
	(309, '201', '60', '', '', '', 328, '自建房', '未审核', -1, '', NULL, NULL),
	(310, '201', '60', '', '', '', 329, '自建房', '未审核', -1, '', NULL, NULL),
	(311, '201', '60', '', '', '', 330, '自建房', '未审核', -1, '', NULL, NULL),
	(312, '201', '60', '', '', '', 331, '自建房', '未审核', -1, '', NULL, NULL),
	(313, '201', '60', '', '', '', 332, '自建房', '未审核', -1, '', NULL, NULL),
	(314, '101', '50', '', '', '', 333, '自建房', '未审核', -1, '', NULL, NULL),
	(315, '201', '60', '', '', '', 334, '自建房', '未审核', -1, '', NULL, NULL),
	(316, '201', '60', '', '', '', 335, '自建房', '未审核', -1, '', NULL, NULL),
	(317, '201', '50', '', '', '', 336, '自建房', '未审核', -1, '', NULL, NULL),
	(318, '201', '50', '', '', '', 337, '自建房', '未审核', -1, '', NULL, NULL),
	(319, '201', '50', '', '', '', 338, '自建房', '未审核', -1, '', NULL, NULL),
	(320, '201', '60', '', '', '', 339, '自建房', '未审核', -1, '', NULL, NULL),
	(321, '201', '60', '', '', '', 340, '自建房', '未审核', -1, '', NULL, NULL),
	(322, '201', '60', '', '', '', 341, '自建房', '未审核', -1, '', NULL, NULL),
	(323, '201', '60', '', '', '', 342, '自建房', '未审核', -1, '', NULL, NULL),
	(324, '201', '60', '', '', '', 343, '自建房', '未审核', -1, '', NULL, NULL),
	(325, '201', '60', '', '', '', 344, '自建房', '未审核', -1, '', NULL, NULL),
	(326, '201', '60', '', '', '', 345, '自建房', '未审核', -1, '', NULL, NULL),
	(327, '201', '60', '', '', '', 346, '自建房', '未审核', -1, '', NULL, NULL),
	(328, '301', '60', '', '', '', 346, '自建房', '未审核', -1, '', NULL, NULL),
	(329, '201', '60', '', '', '', 347, '自建房', '未审核', -1, '', NULL, NULL),
	(330, '201', '60', '', '', '', 348, '自建房', '未审核', -1, '', NULL, NULL),
	(333, '盐场塘5号', '60', '', '', '', 503, '盐场塘5号', '未审核', -1, '', NULL, NULL),
	(334, '盐场塘7号', '60', '', '', '', 504, '盐场塘7号', '未审核', -1, '', NULL, NULL),
	(335, '盐场塘8号', '60', '', '', '', 505, '盐场塘8号', '未审核', -1, '', NULL, NULL),
	(336, '盐场塘9.10.31.32号', '60', '', '', '', 506, '盐场塘9号', '未审核', -1, '', NULL, NULL),
	(337, '盐场塘18号', '60', '', '', '', 510, '盐场塘18号', '未审核', -1, '', NULL, NULL),
	(338, '盐场塘20.27号', '60', '', '', '', 511, '盐场塘20.号', '未审核', -1, '', NULL, NULL),
	(339, '盐场塘22号', '60', '', '', '', 513, '盐场塘22号', '未审核', -1, '', NULL, NULL),
	(340, '盐场塘25号', '60', '', '', '', 514, '盐场塘25号', '未审核', -1, '', NULL, NULL),
	(341, '盐场塘29号', '60', '', '', '', 515, '盐场塘29号', '未审核', -1, '', NULL, NULL),
	(342, '盐场塘33.34号', '60', '', '', '', 516, '盐场塘33号', '未审核', -1, '', NULL, NULL),
	(343, '盐场塘38号', '60', '', '', '', 518, '盐场塘38号', '未审核', -1, '', NULL, NULL),
	(344, '201', '60', '', '', '', 349, '自建房', '未审核', -1, '', NULL, NULL),
	(345, '201', '60', '', '', '', 350, '自建房', '未审核', -1, '', NULL, NULL),
	(346, '201', '60', '', '', '', 351, '自建房', '未审核', -1, '', NULL, NULL),
	(347, '201', '60', '', '', '', 352, '自建房', '未审核', -1, '', NULL, NULL),
	(348, '201', '60', '', '', '', 353, '自建房', '未审核', -1, '', NULL, NULL),
	(349, '201', '60', '', '', '', 354, '自建房', '未审核', -1, '', NULL, NULL),
	(350, '201', '60', '', '', '', 355, '自建房', '未审核', -1, '', NULL, NULL),
	(351, '201', '60', '', '', '', 356, '自建房', '未审核', -1, '', NULL, NULL),
	(352, '201', '60', '', '', '', 357, '自建房', '未审核', -1, '', NULL, NULL),
	(353, '201', '60', '', '', '', 358, '自建房', '未审核', -1, '', NULL, NULL),
	(354, '201', '60', '', '', '', 359, '自建房', '未审核', -1, '', NULL, NULL),
	(355, '201', '60', '', '', '', 360, '自建房', '未审核', -1, '', NULL, NULL),
	(356, '201', '60', '', '', '', 361, '自建房', '未审核', -1, '', NULL, NULL),
	(357, '201', '60', '', '', '', 362, '自建房', '未审核', -1, '', NULL, NULL),
	(358, '201', '60', '', '', '', 363, '自建房', '未审核', -1, '', NULL, NULL),
	(359, '201', '60', '', '', '', 364, '自建房', '未审核', -1, '', NULL, NULL),
	(360, '201', '60', '', '', '', 365, '自建房', '未审核', -1, '', NULL, NULL),
	(361, '201', '60', '', '', '', 366, '自建房', '未审核', -1, '', NULL, NULL),
	(362, '201', '60', '', '', '', 367, '自建房', '未审核', -1, '', NULL, NULL),
	(363, '201', '60', '', '', '', 368, '自建房', '未审核', -1, '', NULL, NULL),
	(364, '201', '60', '', '', '', 371, '自建房', '未审核', -1, '', NULL, NULL),
	(365, '宿舍201', '50', '', '', '', 370, '宿舍', '未审核', -1, '', NULL, NULL),
	(366, '201', '60', '', '', '', 372, '自建房', '未审核', -1, '', NULL, NULL),
	(367, '201', '60', '', '', '', 373, '自建房', '未审核', -1, '', NULL, NULL),
	(368, '201', '60', '', '', '', 375, '自建房', '未审核', -1, '', NULL, NULL),
	(369, '201', '60', '', '', '', 376, '自建房', '未审核', -1, '', NULL, NULL),
	(370, '201', '60', '', '', '', 377, '自建房', '未审核', -1, '', NULL, NULL),
	(371, '201', '60', '', '', '', 378, '自建房', '未审核', -1, '', NULL, NULL),
	(372, '201', '60', '', '', '', 379, '自建房', '未审核', -1, '', NULL, NULL),
	(373, '201', '60', '', '', '', 380, '自建房', '未审核', -1, '', NULL, NULL),
	(374, '201', '60', '', '', '', 381, '自建房', '未审核', -1, '', NULL, NULL),
	(375, '201', '60', '', '', '', 382, '自建房', '未审核', -1, '', NULL, NULL),
	(376, '201', '60', '', '', '', 383, '自建房', '未审核', -1, '', NULL, NULL),
	(377, '201', '60', '', '', '', 384, '自建房', '未审核', -1, '', NULL, NULL),
	(378, '宿舍', '0', '', '', '', 385, '奇精宿舍', '未审核', -1, '', NULL, NULL),
	(379, '201', '60', '', '', '', 387, '自建房', '未审核', -1, '', NULL, NULL),
	(380, '201', '60', '', '', '', 388, '自建房', '未审核', -1, '', NULL, NULL),
	(381, '201', '60', '', '', '', 389, '自建房', '未审核', -1, '', NULL, NULL),
	(382, '101', '20', '', NULL, '1', 144, '', '未审核', -1, '', NULL, NULL),
	(383, '102', '20', '', NULL, '1', 144, '', '未审核', -1, '', NULL, NULL),
	(386, '101', '20', '', '', '', 412, '自建房', '未审核', -1, '', NULL, NULL),
	(387, '102', '20', '', '', '', 412, '自建房', '未审核', -1, '', NULL, NULL),
	(388, '101', '20', '', '', '', 417, '自建房', '未审核', -1, '', NULL, NULL),
	(389, '102', '20', '', '', '', 417, '自建房', '未审核', -1, '', NULL, NULL),
	(390, '201', '60', '', '', '', 418, '自建房', '未审核', -1, '', NULL, NULL),
	(391, '201', '60', '', '', '', 419, '自建房', '未审核', -1, '', NULL, NULL),
	(392, '201', '60', '', '', '', 420, '自建房', '未审核', -1, '', NULL, NULL),
	(393, '201', '60', '', '', '', 421, '自建房', '未审核', -1, '', NULL, NULL),
	(394, '青珠塘（下公和）8.9号', '20', '', '', '', 439, '青珠塘（下公和）8.9号', '未审核', -1, '', NULL, NULL),
	(395, '青珠塘（下公和）7.10号', '40', '', '', '', 440, '青珠塘（下公和）7.10号', '未审核', -1, '', NULL, NULL),
	(396, '70号', '15', '', '', '', 422, '青珠塘69.70号', '未审核', -1, '', NULL, NULL),
	(397, '62号', '15', '', '', '', 426, '青珠塘61.62号', '未审核', -1, '', NULL, NULL),
	(398, '58号', '15', '', '', '', 427, '青珠塘57.58号', '未审核', -1, '', NULL, NULL),
	(399, '53号', '15', '', '', '', 429, '青珠塘52.53号', '未审核', -1, '', NULL, NULL),
	(400, '45号', '15', '', '', '', 430, '青珠塘44.45.46号', '未审核', -1, '', NULL, NULL),
	(401, '46号', '15', '', '', '', 430, '青珠塘44.45.46号', '未审核', -1, '', NULL, NULL),
	(403, '28号', '15', '', '', '', 433, '27.28.29.37.38.39号', '未审核', -1, '', NULL, NULL),
	(404, '29号', '15', '', '', '', 433, '27.28.29.37.38.39号', '未审核', -1, '', NULL, NULL),
	(405, '37号', '15', '', '', '', 433, '27.28.29.37.38.39号', '未审核', -1, '', NULL, NULL),
	(406, '38号', '15', '', '', '', 433, '27.28.29.37.38.39号', '未审核', -1, '', NULL, NULL),
	(407, '39号', '15', '', '', '', 433, '27.28.29.37.38.39号', '未审核', -1, '', NULL, NULL),
	(408, '59号', '15', '', '', '', 435, '青珠塘13.59.60号', '未审核', -1, '', NULL, NULL),
	(409, '60号', '15', '', '', '', 435, '青珠塘13.59.60号', '未审核', -1, '', NULL, NULL),
	(410, '8号', '15', '', '', '', 437, '青珠塘7.8号', '未审核', -1, '', NULL, NULL),
	(411, '101', '50', '', '', '', 441, '自建房', '未审核', -1, '', NULL, NULL),
	(412, '101', '50', '', '', '', 442, '自建房', '未审核', -1, '', NULL, NULL),
	(413, '101', '50', '', '', '', 443, '自建房', '未审核', -1, '', NULL, NULL),
	(414, '101', '60', '', '', '', 445, '自建房', '未审核', -1, '', NULL, NULL),
	(415, '101', '50', '', '', '', 446, '自建房', '未审核', -1, '', NULL, NULL),
	(416, '101', '50', '', '', '', 447, '自建房', '未审核', -1, '', NULL, NULL),
	(417, '101', '60', '', '', '', 448, '自建房', '未审核', -1, '', NULL, NULL),
	(418, '101', '60', '', '', '', 449, '自建房', '未审核', -1, '', NULL, NULL),
	(419, '101', '60', '', '', '', 450, '自建房', '未审核', -1, '', NULL, NULL),
	(420, '101', '60', '', '', '', 454, '自建房', '未审核', -1, '', NULL, NULL),
	(421, '101', '50', '', '', '', 455, '自建房', '未审核', -1, '', NULL, NULL),
	(422, '101', '50', '', '', '', 456, '自建房', '未审核', -1, '', NULL, NULL),
	(423, '101', '20', '', '', '', 457, '自建房', '未审核', -1, '', NULL, NULL),
	(424, '101', '60', '', '', '', 458, '自建房', '未审核', -1, '', NULL, NULL),
	(425, '101', '60', '', '', '', 460, '自建房', '未审核', -1, '', NULL, NULL),
	(426, '201', '60', '', '', '', 461, '自建房', '未审核', -1, '', NULL, NULL),
	(427, '201', '60', '', '', '', 462, '自建房', '未审核', -1, '', NULL, NULL),
	(428, '101', '60', '', '', '', 463, '自建房', '未审核', -1, '', NULL, NULL),
	(429, '101', '60', '', '', '', 464, '自建房', '未审核', -1, '', NULL, NULL),
	(430, '101', '60', '', '', '', 465, '自建房', '未审核', -1, '', NULL, NULL),
	(431, '201', '60', '', '', '', 466, '自建房', '未审核', -1, '', NULL, NULL),
	(432, '101', '60', '', '', '', 467, '自建房', '未审核', -1, '', NULL, NULL),
	(433, '101', '60', '', '', '', 468, '自建房', '未审核', -1, '', NULL, NULL),
	(434, '101', '60', '', '', '', 469, '自建房', '未审核', -1, '', NULL, NULL),
	(435, '101', '60', '', '', '', 470, '自建房', '未审核', -1, '', NULL, NULL),
	(436, '101', '50', '', '', '', 472, '自建房', '未审核', -1, '', NULL, NULL),
	(437, '101', '60', '', '', '', 473, '自建房', '未审核', -1, '', NULL, NULL),
	(438, '101', '60', '', '', '', 474, '自建房', '未审核', -1, '', NULL, NULL),
	(439, '101', '60', '', '', '', 475, '自建房', '未审核', -1, '', NULL, NULL),
	(440, '101', '60', '', '', '', 476, '自建房', '未审核', -1, '', NULL, NULL),
	(441, '101', '60', '', '', '', 477, '自建房', '未审核', -1, '', NULL, NULL),
	(442, '201', '60', '', '', '', 478, '自建房', '未审核', -1, '', NULL, NULL),
	(443, '101', '60', '', '', '', 479, '自建房', '未审核', -1, '', NULL, NULL),
	(444, '101', '60', '', '', '', 480, '自建房', '未审核', -1, '', NULL, NULL),
	(445, '101', '60', '', '', '', 481, '自建房', '未审核', -1, '', NULL, NULL),
	(446, '101', '60', '', '', '', 482, '自建房', '未审核', -1, '', NULL, NULL),
	(447, '101', '60', '', '', '', 483, '自建房', '未审核', -1, '', NULL, NULL),
	(448, '101', '60', '', '', '', 484, '自建房', '未审核', -1, '', NULL, NULL),
	(449, '101', '60', '', '', '', 485, '自建房', '未审核', -1, '', NULL, NULL),
	(450, '101', '60', '', '', '', 487, '自建房', '未审核', -1, '', NULL, NULL),
	(451, '101', '60', '', '', '', 488, '自建房', '未审核', -1, '', NULL, NULL),
	(452, '101', '60', '', '', '', 489, '自建房', '未审核', -1, '', NULL, NULL),
	(453, '101', '60', '', '', '', 490, '自建房', '未审核', -1, '', NULL, NULL),
	(454, '101', '60', '', '', '', 491, '自建房', '未审核', -1, '', NULL, NULL),
	(455, '101', '60', '', '', '', 492, '自建房', '未审核', -1, '', NULL, NULL),
	(456, '101', '60', '', '', '', 493, '自建房', '未审核', -1, '', NULL, NULL),
	(457, '101', '60', '', '', '', 494, '自建房', '未审核', -1, '', NULL, NULL),
	(458, '101', '60', '', '', '', 495, '自建房', '未审核', -1, '', NULL, NULL),
	(459, '101', '60', '', '', '', 496, '自建房', '未审核', -1, '', NULL, NULL),
	(460, '101', '60', '', '', '', 498, '自建房', '未审核', -1, '', NULL, NULL),
	(461, '101', '30', '', '', '', 532, '保卫塘4号', '未审核', -1, '', NULL, NULL),
	(462, '101', '30', '', '', '', 531, '保卫塘2号', '未审核', -1, '', NULL, NULL),
	(463, '101', '30', '', '', '', 530, '保卫塘13号', '未审核', -1, '', NULL, NULL),
	(464, '101', '30', '', '', '', 529, '保卫塘12.号', '未审核', -1, '', NULL, NULL),
	(465, '101', '30', '', '', '', 528, '保卫塘14号', '未审核', -1, '', NULL, NULL),
	(466, '101', '30', '', '', '', 527, '保卫塘6号', '未审核', -1, '', NULL, NULL),
	(467, '101', '30', '', '', '', 526, '保卫塘25号', '未审核', -1, '', NULL, NULL),
	(468, '101', '30', '', '', '', 525, '保卫塘29号', '未审核', -1, '', NULL, NULL),
	(469, '101', '30', '', '', '', 524, '保卫塘34号', '未审核', -1, '', NULL, NULL),
	(470, '101', '30', '', '', '', 523, '保卫塘35号', '未审核', -1, '', NULL, NULL),
	(471, '101', '30', '', '', '', 522, '保卫塘37号', '未审核', -1, '', NULL, NULL),
	(472, '101', '30', '', '', '', 521, '保卫塘36.号', '未审核', -1, '', NULL, NULL),
	(473, '101', '30', '', '', '', 520, '保卫塘45号', '未审核', -1, '', NULL, NULL),
	(474, '101', '30', '', '', '', 519, '保卫塘44号', '未审核', -1, '', NULL, NULL),
	(476, '不', '11', '', NULL, '0', 536, '', '未审核', -1, '', NULL, NULL),
	(477, '金开涛', '120', '', NULL, '1', 296, '自建房', '未审核', -1, '', NULL, NULL),
	(478, '金开涛', '150', '', NULL, '1', 296, '自建房', '未审核', -1, '', NULL, NULL),
	(479, '101', '60', '', '', '', 539, '自建房', '未审核', -1, '', NULL, NULL);
/*!40000 ALTER TABLE `room` ENABLE KEYS */;

-- 导出  表 forestry.room_tenant 结构
DROP TABLE IF EXISTS `room_tenant`;
CREATE TABLE IF NOT EXISTS `room_tenant` (
  `id` bigint(20) NOT NULL AUTO_INCREMENT,
  `roomId` bigint(20) NOT NULL DEFAULT '-1' COMMENT '房间ID',
  `roomName` varchar(255) NOT NULL DEFAULT '' COMMENT '房间名称',
  `tenantId` bigint(20) NOT NULL DEFAULT '-1' COMMENT '租客ID',
  `tenantName` varchar(255) NOT NULL DEFAULT '' COMMENT '租客名',
  `descInfo` varchar(255) NOT NULL DEFAULT '' COMMENT '描述信息',
  `startDate` date DEFAULT NULL COMMENT '起始时间',
  `endDate` date DEFAULT NULL COMMENT '结束时间',
  `checkOpion` varchar(50) DEFAULT '未审核',
  `checkerId` bigint(20) DEFAULT '-1' COMMENT '审核者ID',
  `checkerName` varchar(50) DEFAULT '' COMMENT '审核者姓名',
  `checkDate` date DEFAULT NULL COMMENT '审核时间',
  `isHistory` varchar(25) NOT NULL DEFAULT 'no' COMMENT 'yes：已退租，no：没退租',
  PRIMARY KEY (`id`)
) ENGINE=InnoDB AUTO_INCREMENT=836 DEFAULT CHARSET=utf8;

-- 正在导出表  forestry.room_tenant 的数据：~805 rows (大约)
DELETE FROM `room_tenant`;
/*!40000 ALTER TABLE `room_tenant` DISABLE KEYS */;
INSERT INTO `room_tenant` (`id`, `roomId`, `roomName`, `tenantId`, `tenantName`, `descInfo`, `startDate`, `endDate`, `checkOpion`, `checkerId`, `checkerName`, `checkDate`, `isHistory`) VALUES
	(22, 12, '测试房间01', 20, '三三', '无', '2020-03-24', '2020-05-24', '同意', 45, '许小海', '2020-05-02', 'no'),
	(23, 13, '测试房间02', 21, '四四', '无', '2020-04-24', '2020-08-24', '同意', 45, '许小海', '2020-05-02', 'no'),
	(24, 12, '测试房间01', 22, '五五', 'smg', '2020-03-23', '2020-05-23', '不同意', 45, '许小海', '2020-05-02', 'no'),
	(25, 12, '测试房间01', 23, '六六', '测试', '2020-03-23', '2020-05-23', '同意', 1, '郑为中', '2020-05-03', 'no'),
	(26, 14, '101', 24, '茜倩', '1', '2020-03-23', '2020-05-23', '同意', 47, '周任斌', '2020-05-04', 'no'),
	(27, 16, 'aa', 25, '五五', '无', '2020-03-23', '2020-05-23', '同意', 1, '郑为中', '2020-05-06', 'no'),
	(28, 17, '二楼东首', 26, '312', '', '2020-03-23', '2020-05-23', '同意', 1, '郑为中', '2020-05-06', 'yes'),
	(29, 17, '二楼东首', 27, '645', '', '2020-03-23', '2020-05-23', '同意', 1, '郑为中', '2020-05-06', 'no'),
	(30, 17, '二楼东首', 28, '645', '', '2020-03-23', '2020-05-23', '同意', 1, '郑为中', '2020-05-06', 'no'),
	(31, 22, '101', 29, '磊王磊', '', '2020-01-21', '2020-08-23', '同意', 1, '郑为中', '2020-05-09', 'no'),
	(32, 23, '101', 30, '飞李燕', '', '2020-01-23', '2020-12-23', '同意', 1, '郑为中', '2020-05-09', 'no'),
	(33, 25, '101', 31, '兰林银', '', '2018-03-02', '2021-03-02', '同意', 23, '梅根翠', '2020-05-09', 'no'),
	(34, 24, '101', 32, '杰陈杰', '', '2019-11-01', '2020-11-01', '同意', 1, '郑为中', '2020-05-09', 'no'),
	(35, 26, '一楼东', 33, '强周云', '', '2017-03-09', '2021-03-09', '同意', 1, '郑为中', '2020-05-10', 'no'),
	(36, 27, '二楼', 34, '高罗选', '', '2017-06-02', '2021-06-02', '同意', 1, '郑为中', '2020-05-10', 'no'),
	(37, 27, '二楼', 35, '妹鲁利', '', '2017-06-02', '2021-06-02', '同意', 1, '郑为中', '2020-05-10', 'no'),
	(38, 27, '二楼', 36, '江罗全', '', '2017-06-02', '2021-06-02', '同意', 1, '郑为中', '2020-05-10', 'no'),
	(39, 27, '二楼', 37, '美罗全', '', '2017-06-02', '2021-06-02', '同意', 1, '郑为中', '2020-05-10', 'no'),
	(40, 27, '二楼', 38, '保罗全', '', '2017-06-02', '2021-06-02', '同意', 1, '郑为中', '2020-05-10', 'no'),
	(41, 28, '一楼', 39, '明田少', '', '2020-01-01', '2021-01-01', '同意', 1, '郑为中', '2020-05-10', 'no'),
	(42, 30, '一楼', 40, '松王松', '', '2017-02-01', '2021-02-01', '同意', 1, '郑为中', '2020-05-10', 'no'),
	(43, 30, '一楼', 41, '丽王凤', '', '2017-02-01', '2021-02-01', '同意', 1, '郑为中', '2020-05-10', 'no'),
	(44, 30, '一楼', 42, '文王凯', '', '2017-02-01', '2021-02-01', '同意', 1, '郑为中', '2020-05-10', 'no'),
	(46, 31, '一楼', 44, '侠国春', '', '2010-07-15', '2021-07-15', '同意', 1, '郑为中', '2020-05-10', 'no'),
	(47, 31, '一楼', 45, '峰高玉', '', '2010-07-15', '2021-07-15', '同意', 1, '郑为中', '2020-05-10', 'no'),
	(48, 32, '一楼西', 46, '吉向中', '', '2018-12-31', '2020-12-25', '同意', 1, '郑为中', '2020-05-10', 'no'),
	(49, 33, '一楼', 47, '伟孙二', '', '2018-12-31', '2020-12-25', '同意', 1, '郑为中', '2020-05-10', 'no'),
	(50, 34, '一楼东', 48, '其叶其', '', '2019-12-31', '2020-12-31', '同意', 1, '郑为中', '2020-05-10', 'no'),
	(51, 35, '二楼', 49, '国贾永', '', '2018-12-01', '2020-12-31', '同意', 1, '郑为中', '2020-05-10', 'no'),
	(52, 36, '一楼', 50, '伟陈海', '', '2020-02-01', '2021-02-08', '同意', 1, '郑为中', '2020-05-10', 'no'),
	(53, 37, '自搭棚', 51, '秋何勤', '', '2018-12-31', '2021-12-31', '同意', 1, '郑为中', '2020-05-10', 'no'),
	(54, 38, '101', 52, '峰朱俊', '', '2019-12-31', '2020-12-31', '同意', 1, '郑为中', '2020-05-10', 'no'),
	(55, 39, '101', 53, '华梅希', '', '2020-02-01', '2021-05-07', '同意', 1, '郑为中', '2020-05-10', 'no'),
	(56, 40, '一楼', 54, '祥赵飞', '', '2020-03-01', '2021-03-01', '同意', 1, '郑为中', '2020-05-10', 'no'),
	(57, 41, '二楼', 55, '强朱兴', '', '2020-01-01', '2021-01-01', '同意', 1, '郑为中', '2020-05-10', 'no'),
	(58, 42, '二楼', 56, '平赵西', '', '2016-05-01', '2020-09-01', '同意', 1, '郑为中', '2020-05-10', 'no'),
	(59, 43, '二楼', 57, '明冯永', '', '2019-12-01', '2020-12-01', '同意', 1, '郑为中', '2020-05-10', 'no'),
	(60, 44, '庙里', 58, '旺李相', '', '2013-03-07', '2021-03-06', '同意', 1, '郑为中', '2020-05-10', 'no'),
	(61, 45, '一楼', 59, '超王文', '', '2017-12-31', '2020-12-31', '同意', 1, '郑为中', '2020-05-10', 'no'),
	(62, 46, '一楼', 60, '兵尚从', '', '2015-04-15', '2020-09-16', '同意', 1, '郑为中', '2020-05-10', 'no'),
	(63, 47, '一楼', 61, '平郑伟', '', '2017-09-11', '2020-09-11', '同意', 1, '郑为中', '2020-05-10', 'no'),
	(64, 48, '一楼', 62, '亮骆朝', '', '2017-12-02', '2020-12-02', '同意', 1, '郑为中', '2020-05-10', 'no'),
	(65, 49, '一楼', 63, '英王玉', '', '2020-02-09', '2021-02-09', '同意', 1, '郑为中', '2020-05-10', 'no'),
	(66, 50, '一楼', 64, '泳王泳', '', '2020-02-03', '2020-07-23', '同意', 1, '郑为中', '2020-05-10', 'no'),
	(67, 51, '二楼', 65, '晓王得', '', '2015-08-06', '2021-08-06', '同意', 1, '郑为中', '2020-05-10', 'no'),
	(68, 51, '二楼', 66, '厅王厅', '', '2015-08-06', '2021-08-06', '同意', 1, '郑为中', '2020-05-10', 'no'),
	(69, 51, '二楼', 67, '青陈玉', '', '2015-08-06', '2021-08-06', '同意', 1, '郑为中', '2020-05-10', 'no'),
	(70, 52, '一楼', 68, '宙王伟', '', '2018-07-20', '2021-07-20', '同意', 1, '郑为中', '2020-05-10', 'no'),
	(71, 53, '一楼', 69, '伟卢朝', '', '2019-12-31', '2020-12-31', '同意', 1, '郑为中', '2020-05-10', 'no'),
	(72, 53, '一楼', 70, '力骆小', '', '2019-12-31', '2020-12-31', '同意', 1, '郑为中', '2020-05-10', 'no'),
	(73, 53, '一楼', 71, '晓卢晓', '', '2019-12-31', '2020-12-31', '同意', 1, '郑为中', '2020-05-10', 'no'),
	(74, 54, '一楼', 72, '红党晓', '', '2020-02-06', '2021-02-06', '同意', 1, '郑为中', '2020-05-10', 'no'),
	(75, 54, '一楼', 73, '叶徐叶', '', '2020-02-06', '2021-02-06', '同意', 1, '郑为中', '2020-05-10', 'no'),
	(76, 54, '一楼', 74, '伟徐伟', '', '2020-02-06', '2021-02-06', '同意', 1, '郑为中', '2020-05-10', 'no'),
	(77, 54, '一楼', 75, '方徐方', '', '2020-02-06', '2021-02-06', '同意', 1, '郑为中', '2020-05-10', 'no'),
	(78, 55, '一楼', 76, '华葛秀', '', '2018-12-30', '2023-12-30', '同意', 1, '郑为中', '2020-05-10', 'no'),
	(79, 56, '104', 77, '启宋光', '', '2019-05-26', '2020-09-26', '同意', 1, '郑为中', '2020-05-10', 'no'),
	(80, 56, '104', 78, '玲李玲', '', '2019-05-26', '2020-09-26', '同意', 1, '郑为中', '2020-05-10', 'no'),
	(81, 57, '青珠塘69.70号', 79, '盘徐明', '', '2019-02-15', '2024-02-15', '同意', 1, '郑为中', '2020-05-10', 'no'),
	(82, 58, '青珠塘68号', 80, '朝林咸', '', '2019-02-15', '2024-02-15', '同意', 1, '郑为中', '2020-05-10', 'no'),
	(83, 59, '青珠塘67号', 81, '都杨亦', '', '2019-02-15', '2024-02-15', '同意', 1, '郑为中', '2020-05-10', 'no'),
	(84, 60, '青珠塘63号', 82, '木章金', '', '2019-02-15', '2024-02-15', '同意', 1, '郑为中', '2020-05-10', 'no'),
	(85, 61, '青珠塘61.62号', 83, '军徐贤', '', '2019-02-15', '2024-02-15', '同意', 1, '郑为中', '2020-05-10', 'no'),
	(86, 62, '青珠塘57.58号', 84, '福林新', '', '2019-02-15', '2024-02-15', '同意', 1, '郑为中', '2020-05-10', 'no'),
	(87, 63, '青珠塘54号', 85, '法陈肖', '', '2019-02-15', '2024-02-15', '同意', 1, '郑为中', '2020-05-10', 'no'),
	(88, 64, '青珠塘52.53号', 86, '撑刘开', '', '2019-02-15', '2024-02-15', '同意', 1, '郑为中', '2020-05-10', 'no'),
	(89, 65, '青珠塘44.45.46号', 87, '祁林仁', '', '2019-02-15', '2024-02-15', '同意', 1, '郑为中', '2020-05-10', 'no'),
	(90, 66, '青珠塘36号', 88, '长林彩', '', '2019-02-15', '2024-02-15', '同意', 1, '郑为中', '2020-05-10', 'no'),
	(91, 67, '青珠塘32.43号', 89, '华金国', '', '2019-02-15', '2024-02-15', '同意', 1, '郑为中', '2020-05-10', 'no'),
	(92, 68, '27.28.29.37.38.39号', 90, '军黄海', '', '2019-02-15', '2024-02-15', '同意', 1, '郑为中', '2020-05-10', 'no'),
	(93, 69, '青珠塘18号', 91, '友何才', '', '2019-02-15', '2024-02-15', '同意', 1, '郑为中', '2020-05-10', 'no'),
	(94, 70, '青珠塘13.59.60号', 92, '灶刘开', '', '2019-02-15', '2024-02-15', '同意', 1, '郑为中', '2020-05-10', 'no'),
	(95, 71, '青珠塘12号', 93, '木何邦', '', '2019-02-15', '2024-02-15', '同意', 1, '郑为中', '2020-05-10', 'no'),
	(96, 72, '青珠塘7.8号', 94, '所王从', '', '2019-02-15', '2024-02-15', '同意', 1, '郑为中', '2020-05-10', 'no'),
	(97, 73, '青珠塘3号', 95, '蓬杨良', '', '2019-02-15', '2024-02-15', '同意', 1, '郑为中', '2020-05-10', 'no'),
	(98, 394, '青珠塘（下公和）8.9号', 96, '勇蔡才', '', '2016-03-31', '2023-03-31', '同意', 1, '郑为中', '2020-05-11', 'no'),
	(99, 395, '青珠塘（下公和）7.10号', 97, '顺蔡财', '', '2016-03-31', '2023-03-31', '同意', 1, '郑为中', '2020-05-11', 'no'),
	(100, 76, '宿舍101', 98, '布阿衣', '', '2016-12-12', '2020-12-12', '同意', 1, '郑为中', '2020-05-11', 'no'),
	(101, 76, '宿舍101', 99, '铁木呷', '', '2016-12-12', '2020-12-12', '同意', 1, '郑为中', '2020-05-11', 'no'),
	(102, 76, '宿舍101', 100, '哈木乃', '', '2016-12-12', '2020-12-12', '同意', 1, '郑为中', '2020-05-11', 'no'),
	(103, 77, '宿舍102', 101, '玉江华', '', '2016-12-12', '2020-12-12', '同意', 1, '郑为中', '2020-05-11', 'no'),
	(104, 77, '宿舍102', 102, '华袁福', '', '2016-12-12', '2020-12-12', '同意', 1, '郑为中', '2020-05-11', 'no'),
	(105, 78, '宿舍103', 103, '飞肖信', '', '2016-12-12', '2020-12-12', '同意', 1, '郑为中', '2020-05-11', 'no'),
	(106, 79, '宿舍201', 104, '军闻志', '', '2016-12-12', '2020-12-12', '同意', 1, '郑为中', '2020-05-11', 'no'),
	(107, 79, '宿舍201', 105, '源陶正', '', '2016-12-12', '2020-12-12', '同意', 1, '郑为中', '2020-05-11', 'no'),
	(108, 80, '宿舍202', 106, '芳周元', '', '2016-12-12', '2020-12-12', '同意', 1, '郑为中', '2020-05-11', 'no'),
	(109, 83, '202', 107, '云韦敬', '', '2020-01-22', '2021-01-22', '同意', 1, '郑为中', '2020-05-11', 'no'),
	(110, 82, '二楼', 108, '兰韦敬', '', '2020-01-22', '2021-01-22', '同意', 1, '郑为中', '2020-05-12', 'no'),
	(111, 82, '二楼', 109, '丽韦庆', '', '2020-01-22', '2021-01-22', '同意', 1, '郑为中', '2020-05-12', 'no'),
	(112, 82, '二楼', 110, '祥韦兴', '', '2020-01-22', '2021-01-22', '同意', 1, '郑为中', '2020-05-12', 'no'),
	(113, 82, '二楼', 111, '芬梁小', '', '2020-01-22', '2021-01-22', '同意', 1, '郑为中', '2020-05-12', 'no'),
	(114, 83, '202', 112, '兰韦敬', '', '2020-01-22', '2021-01-22', '同意', 1, '郑为中', '2020-05-11', 'no'),
	(115, 83, '202', 113, '丽韦庆', '', '2020-01-22', '2021-01-22', '同意', 1, '郑为中', '2020-05-11', 'no'),
	(116, 83, '202', 114, '祥韦兴', '', '2020-01-22', '2021-01-22', '同意', 1, '郑为中', '2020-05-11', 'no'),
	(117, 270, '101', 115, '芬梁小', '', '2020-01-22', '2021-01-22', '同意', 1, '郑为中', '2020-05-11', 'no'),
	(118, 84, '宿舍101', 116, '远张兆', '', '2018-01-22', '2021-01-22', '同意', 1, '郑为中', '2020-05-11', 'no'),
	(119, 84, '宿舍101', 117, '平李公', '', '2018-01-22', '2021-01-22', '同意', 1, '郑为中', '2020-05-11', 'no'),
	(120, 85, '宿舍102', 118, '相覃基', '', '2018-01-22', '2021-01-22', '同意', 1, '郑为中', '2020-05-11', 'no'),
	(121, 85, '宿舍102', 119, '辉廖灿', '', '2018-01-22', '2021-01-22', '同意', 1, '郑为中', '2020-05-11', 'no'),
	(122, 86, '宿舍103', 120, '平陈阳', '', '2018-01-22', '2021-01-22', '同意', 1, '郑为中', '2020-05-11', 'no'),
	(123, 87, '楼上楼下', 121, '超熊超', '', '2017-01-22', '2021-01-22', '同意', 1, '郑为中', '2020-05-11', 'no'),
	(124, 87, '楼上楼下', 122, '燕朱绿', '', '2017-01-22', '2021-01-22', '同意', 1, '郑为中', '2020-05-11', 'no'),
	(125, 87, '楼上楼下', 123, '清朱国', '', '2017-01-22', '2021-01-22', '同意', 1, '郑为中', '2020-05-11', 'no'),
	(126, 87, '楼上楼下', 124, '华朱秀', '', '2017-01-22', '2021-01-22', '同意', 1, '郑为中', '2020-05-11', 'no'),
	(127, 87, '楼上楼下', 125, '华朱水', '', '2017-01-22', '2021-01-22', '同意', 1, '郑为中', '2020-05-11', 'no'),
	(128, 88, '宿舍101', 126, '姗周姗', '', '2018-01-22', '2022-01-22', '同意', 1, '郑为中', '2020-05-11', 'no'),
	(129, 89, '宿舍102', 127, '聪颜小', '', '2018-01-22', '2022-01-22', '同意', 1, '郑为中', '2020-05-11', 'no'),
	(130, 89, '宿舍102', 128, '军赵军', '', '2018-01-22', '2022-01-22', '同意', 1, '郑为中', '2020-05-11', 'no'),
	(131, 90, '宿舍103', 129, '琪王加', '', '2018-01-22', '2022-01-22', '同意', 1, '郑为中', '2020-05-11', 'no'),
	(132, 91, '宿舍104', 130, '明王赞', '', '2018-01-22', '2022-01-22', '同意', 1, '郑为中', '2020-05-11', 'no'),
	(133, 92, '宿舍201', 131, '国林日', '', '2018-01-22', '2022-01-22', '同意', 1, '郑为中', '2020-05-11', 'no'),
	(134, 92, '宿舍201', 132, '霞曹霞', '', '2018-01-22', '2022-01-22', '同意', 1, '郑为中', '2020-05-11', 'no'),
	(135, 93, '宿舍202', 133, '君陈清', '', '2018-01-22', '2022-01-22', '同意', 1, '郑为中', '2020-05-11', 'no'),
	(136, 93, '宿舍202', 134, '林陆仙', '', '2018-01-22', '2022-01-22', '同意', 1, '郑为中', '2020-05-11', 'no'),
	(137, 94, '宿舍203', 135, '兰陈银', '', '2018-01-22', '2022-01-22', '同意', 1, '郑为中', '2020-05-11', 'no'),
	(138, 94, '宿舍203', 136, '桥霍金', '', '2018-01-22', '2022-01-22', '同意', 1, '郑为中', '2020-05-11', 'no'),
	(139, 95, '宿舍204', 137, '海陈成', '', '2018-01-22', '2022-01-22', '同意', 1, '郑为中', '2020-05-11', 'no'),
	(140, 95, '宿舍204', 138, '平李永', '', '2018-01-22', '2022-01-22', '同意', 1, '郑为中', '2020-05-11', 'no'),
	(141, 95, '宿舍204', 139, '玲缪苏', '', '2018-01-22', '2022-01-22', '同意', 1, '郑为中', '2020-05-11', 'no'),
	(142, 96, '一楼', 140, '宽高正', '', '2019-03-30', '2021-03-30', '同意', 1, '郑为中', '2020-05-11', 'no'),
	(143, 96, '一楼', 141, '燕林晓', '', '2019-03-30', '2021-03-30', '同意', 1, '郑为中', '2020-05-11', 'no'),
	(144, 97, '二楼', 142, '胜吕胜', '', '2019-03-30', '2021-03-30', '同意', 1, '郑为中', '2020-05-11', 'no'),
	(145, 97, '二楼', 143, '春刘汉', '', '2019-03-30', '2021-03-30', '同意', 1, '郑为中', '2020-05-11', 'no'),
	(146, 97, '二楼', 144, '胜满开', '', '2019-03-30', '2021-03-30', '同意', 1, '郑为中', '2020-05-11', 'no'),
	(147, 98, '一楼东', 145, '霞李双', '', '2015-05-25', '2021-05-25', '同意', 1, '郑为中', '2020-05-11', 'no'),
	(148, 99, '二楼', 146, '辉冯辉', '', '2015-05-25', '2021-05-25', '同意', 1, '郑为中', '2020-05-11', 'no'),
	(149, 99, '二楼', 147, '英江秀', '', '2015-05-25', '2021-05-25', '同意', 1, '郑为中', '2020-05-11', 'no'),
	(150, 99, '二楼', 148, '悦冯梓', '', '2015-05-25', '2021-05-25', '同意', 1, '郑为中', '2020-05-11', 'no'),
	(151, 99, '二楼', 149, '妤冯梓', '', '2015-05-25', '2021-05-25', '同意', 1, '郑为中', '2020-05-11', 'no'),
	(152, 100, '整楼', 150, '超吴庭', '', '2013-01-24', '2021-01-24', '同意', 1, '郑为中', '2020-05-11', 'no'),
	(153, 100, '整楼', 151, '叶郑阳', '', '2013-01-24', '2021-01-24', '同意', 1, '郑为中', '2020-05-11', 'no'),
	(154, 100, '整楼', 152, '悠吴悠', '', '2013-01-24', '2021-01-24', '同意', 1, '郑为中', '2020-05-11', 'no'),
	(155, 100, '整楼', 153, '如吴羽', '', '2013-01-24', '2021-01-24', '同意', 1, '郑为中', '2020-05-11', 'no'),
	(156, 100, '整楼', 154, '迪吴迪', '', '2013-01-24', '2021-01-24', '同意', 1, '郑为中', '2020-05-11', 'no'),
	(157, 101, '一楼', 155, '科吴庭', '', '2020-02-24', '2021-02-24', '同意', 1, '郑为中', '2020-05-11', 'no'),
	(158, 101, '一楼', 156, '梅欧丽', '', '2020-02-24', '2021-02-24', '同意', 1, '郑为中', '2020-05-11', 'no'),
	(159, 101, '一楼', 157, '恒吴欧', '', '2020-02-24', '2021-02-24', '同意', 1, '郑为中', '2020-05-11', 'no'),
	(160, 101, '一楼', 158, '晶吴晶', '', '2020-02-24', '2021-02-24', '同意', 1, '郑为中', '2020-05-11', 'no'),
	(161, 101, '一楼', 159, '琳吴瑞', '', '2020-02-24', '2021-02-24', '同意', 1, '郑为中', '2020-05-11', 'no'),
	(162, 102, '一楼', 160, '芬俞书', '', '2017-03-15', '2021-03-15', '同意', 1, '郑为中', '2020-05-11', 'no'),
	(163, 102, '一楼', 161, '德向汝', '', '2017-03-15', '2021-03-15', '同意', 1, '郑为中', '2020-05-11', 'no'),
	(164, 103, '二楼', 162, '香鲁秋', '', '2017-03-15', '2021-03-15', '同意', 1, '郑为中', '2020-05-11', 'no'),
	(165, 104, '宿舍101', 163, '华龙安', '', '2020-03-16', '2021-03-17', '同意', 1, '郑为中', '2020-05-11', 'no'),
	(166, 104, '宿舍101', 164, '章龙万', '', '2020-03-16', '2021-03-17', '同意', 1, '郑为中', '2020-05-11', 'no'),
	(167, 104, '宿舍101', 165, '花龙候', '', '2020-03-16', '2021-03-17', '同意', 1, '郑为中', '2020-05-11', 'no'),
	(168, 105, '宿舍102', 166, '定向云', '', '2020-03-16', '2021-03-17', '同意', 1, '郑为中', '2020-05-11', 'no'),
	(169, 105, '宿舍102', 167, '红向云', '', '2020-03-16', '2021-03-17', '同意', 1, '郑为中', '2020-05-11', 'no'),
	(170, 106, '宿舍103', 168, '花石香', '', '2020-03-16', '2021-03-17', '同意', 1, '郑为中', '2020-05-11', 'no'),
	(171, 105, '宿舍102', 169, '顺石泽', '', '2020-03-16', '2021-03-17', '同意', 1, '郑为中', '2020-05-11', 'no'),
	(172, 106, '宿舍103', 170, '凤石凤', '', '2020-03-16', '2021-03-17', '同意', 1, '郑为中', '2020-05-11', 'no'),
	(173, 107, '宿舍104', 171, '玉胡玉', '', '2020-03-16', '2021-03-17', '同意', 1, '郑为中', '2020-05-11', 'no'),
	(174, 107, '宿舍104', 172, '姐杨三', '', '2020-03-16', '2021-03-17', '同意', 1, '郑为中', '2020-05-11', 'no'),
	(175, 108, '一楼', 173, '志王晓', '', '2019-09-20', '2021-12-31', '同意', 1, '郑为中', '2020-05-12', 'no'),
	(176, 108, '一楼', 174, '艳郑敏', '', '2019-09-20', '2021-12-31', '同意', 1, '郑为中', '2020-05-12', 'no'),
	(177, 108, '一楼', 175, '宇王金', '', '2019-09-20', '2021-12-31', '同意', 1, '郑为中', '2020-05-12', 'no'),
	(178, 109, '二楼东', 176, '梅张声', '', '2019-09-20', '2021-12-31', '同意', 1, '郑为中', '2020-05-12', 'no'),
	(179, 110, '一楼东', 177, '华梁达', '', '2018-04-06', '2021-04-05', '同意', 1, '郑为中', '2020-05-12', 'no'),
	(180, 110, '一楼东', 178, '妍梁妍', '', '2018-04-06', '2021-04-05', '同意', 1, '郑为中', '2020-05-12', 'no'),
	(181, 110, '一楼东', 179, '蓉梁蓉', '', '2018-04-06', '2021-04-05', '同意', 1, '郑为中', '2020-05-12', 'no'),
	(182, 111, '二楼东', 180, '飞杨飞', '', '2018-04-06', '2021-04-05', '同意', 1, '郑为中', '2020-05-12', 'no'),
	(183, 111, '二楼东', 181, '纱杨纱', '', '2018-04-06', '2021-04-05', '同意', 1, '郑为中', '2020-05-12', 'no'),
	(184, 112, '二楼', 182, '满刘阿', '', '2015-02-02', '2020-05-02', '同意', 1, '郑为中', '2020-05-12', 'no'),
	(185, 112, '二楼', 183, '燕韩燕', '', '2015-02-02', '2020-05-02', '同意', 1, '郑为中', '2020-05-12', 'no'),
	(186, 112, '二楼', 184, '赐刘天', '', '2015-02-02', '2020-05-02', '同意', 1, '郑为中', '2020-05-12', 'no'),
	(187, 112, '二楼', 185, '悦刘悦', '', '2015-02-02', '2020-05-02', '同意', 1, '郑为中', '2020-05-12', 'no'),
	(188, 112, '二楼', 186, '暖刘暖', '', '2015-02-02', '2020-05-02', '同意', 1, '郑为中', '2020-05-12', 'no'),
	(189, 113, '二楼', 187, '超周金', '', '2012-05-23', '2021-05-23', '同意', 1, '郑为中', '2020-05-12', 'no'),
	(190, 113, '二楼', 188, '发周瑞', '', '2012-05-23', '2021-05-23', '同意', 1, '郑为中', '2020-05-12', 'no'),
	(191, 113, '二楼', 189, '勤魏季', '', '2012-05-23', '2021-05-23', '同意', 1, '郑为中', '2020-05-12', 'no'),
	(192, 113, '二楼', 190, '龙周瑞', '', '2012-05-23', '2021-05-23', '同意', 1, '郑为中', '2020-05-12', 'no'),
	(193, 113, '二楼', 191, '晴周瑞', '', '2012-05-23', '2021-05-23', '同意', 1, '郑为中', '2020-05-12', 'no'),
	(194, 116, '401', 192, '宇毛洪', '', '2019-07-07', '2021-04-07', '同意', 1, '郑为中', '2020-05-12', 'no'),
	(195, 116, '401', 193, '宝李厚', '', '2019-07-07', '2021-04-07', '同意', 1, '郑为中', '2020-05-12', 'no'),
	(196, 116, '401', 194, '侠金秀', '', '2019-07-07', '2021-04-07', '同意', 1, '郑为中', '2020-05-12', 'no'),
	(197, 116, '401', 195, '海王满', '', '2019-07-07', '2021-04-07', '同意', 1, '郑为中', '2020-05-12', 'no'),
	(198, 116, '401', 196, '霞仇凤', '', '2019-07-07', '2021-04-07', '同意', 1, '郑为中', '2020-05-12', 'no'),
	(199, 114, '一楼', 197, '永莫祖', '', '2018-10-16', '2021-10-16', '同意', 1, '郑为中', '2020-05-12', 'no'),
	(200, 114, '一楼', 198, '轩莫怡', '', '2018-10-16', '2021-10-16', '同意', 1, '郑为中', '2020-05-12', 'no'),
	(202, 102, '一楼', 200, '彩覃万', '', '2018-03-20', '2020-03-20', '同意', 1, '郑为中', '2020-05-12', 'no'),
	(203, 102, '一楼', 201, '平王立', '', '2018-03-20', '2020-03-20', '同意', 1, '郑为中', '2020-05-12', 'no'),
	(204, 103, '二楼', 202, '发向俾', '', '2018-03-20', '2020-03-20', '同意', 1, '郑为中', '2020-05-12', 'no'),
	(205, 103, '二楼', 203, '山邵志', '', '2018-03-20', '2020-03-20', '同意', 1, '郑为中', '2020-05-12', 'no'),
	(206, 117, '二楼东', 204, '勇樊心', '', '2018-03-20', '2020-03-20', '同意', 1, '郑为中', '2020-05-12', 'no'),
	(207, 118, '二楼', 205, '然赵宾', '', '2017-12-30', '2021-12-31', '同意', 1, '郑为中', '2020-05-12', 'no'),
	(208, 118, '二楼', 206, '龄曹素', '', '2017-12-30', '2021-12-31', '同意', 1, '郑为中', '2020-05-12', 'no'),
	(209, 118, '二楼', 207, '泽曹梦', '', '2017-12-30', '2021-12-31', '同意', 1, '郑为中', '2020-05-12', 'no'),
	(210, 118, '二楼', 208, '蝶曹梦', '', '2017-12-30', '2021-12-31', '同意', 1, '郑为中', '2020-05-12', 'no'),
	(211, 118, '二楼', 209, '为曹为', '', '2017-12-30', '2021-12-31', '同意', 1, '郑为中', '2020-05-12', 'no'),
	(212, 119, '101', 210, '峰赵文', '', '2019-12-31', '2020-12-31', '同意', 1, '郑为中', '2020-05-12', 'no'),
	(213, 119, '101', 211, '贞王素', '', '2019-12-31', '2020-12-31', '同意', 1, '郑为中', '2020-05-12', 'no'),
	(214, 119, '101', 212, '乐赵佳', '', '2019-12-31', '2020-12-31', '同意', 1, '郑为中', '2020-05-12', 'no'),
	(215, 119, '101', 213, '儿赵怡', '', '2019-12-31', '2020-12-31', '同意', 1, '郑为中', '2020-05-12', 'no'),
	(216, 119, '101', 214, '瞬赵安', '', '2019-12-31', '2020-12-31', '同意', 1, '郑为中', '2020-05-12', 'no'),
	(217, 120, '一楼', 215, '发王成', '', '2018-11-01', '2020-12-31', '同意', 1, '郑为中', '2020-05-12', 'no'),
	(218, 120, '一楼', 216, '杰王先', '', '2018-11-01', '2020-12-31', '同意', 1, '郑为中', '2020-05-12', 'no'),
	(219, 120, '一楼', 217, '昕王昕', '', '2018-11-01', '2020-12-31', '同意', 1, '郑为中', '2020-05-12', 'no'),
	(220, 120, '一楼', 218, '榴陶金', '', '2018-11-01', '2020-12-31', '同意', 1, '郑为中', '2020-05-12', 'no'),
	(221, 121, '101', 219, '玲王玲', '', '2018-06-27', '2020-06-27', '同意', 1, '郑为中', '2020-05-12', 'no'),
	(222, 121, '101', 220, '芝王夫', '', '2018-06-27', '2020-06-27', '同意', 1, '郑为中', '2020-05-12', 'no'),
	(223, 121, '101', 221, '鑫王宇', '', '2018-06-27', '2020-06-27', '同意', 1, '郑为中', '2020-05-12', 'no'),
	(224, 121, '101', 222, '曼王曼', '', '2018-06-27', '2020-06-27', '同意', 1, '郑为中', '2020-05-12', 'no'),
	(225, 121, '101', 223, '豪王宇', '', '2018-06-27', '2020-06-27', '同意', 1, '郑为中', '2020-05-12', 'no'),
	(226, 122, '101', 224, '华蒙丽', '', '2019-02-07', '2021-02-08', '同意', 1, '郑为中', '2020-05-12', 'no'),
	(227, 122, '101', 225, '渊贺培', '', '2019-02-07', '2021-02-08', '同意', 1, '郑为中', '2020-05-12', 'no'),
	(228, 122, '101', 226, '越贺双', '', '2019-02-07', '2021-02-08', '同意', 1, '郑为中', '2020-05-12', 'no'),
	(229, 122, '101', 227, '博贺安', '', '2019-02-07', '2021-02-08', '同意', 1, '郑为中', '2020-05-12', 'no'),
	(230, 122, '101', 228, '丽钟图', '', '2019-02-07', '2021-02-08', '同意', 1, '郑为中', '2020-05-12', 'no'),
	(231, 123, '201', 229, '祥谢见', '', '2020-03-04', '2020-09-04', '同意', 1, '郑为中', '2020-05-12', 'no'),
	(232, 123, '201', 230, '祥谢国', '', '2020-03-04', '2020-09-04', '同意', 1, '郑为中', '2020-05-12', 'no'),
	(233, 123, '201', 231, '华谢子', '', '2020-03-04', '2020-09-04', '同意', 1, '郑为中', '2020-05-12', 'no'),
	(234, 123, '201', 232, '群杨玉', '', '2020-03-04', '2020-09-04', '同意', 1, '郑为中', '2020-05-12', 'no'),
	(235, 123, '201', 233, '生沈好', '', '2020-03-04', '2020-09-04', '同意', 1, '郑为中', '2020-05-12', 'no'),
	(236, 124, '一楼', 234, '敏高敏', '', '2020-03-01', '2021-04-01', '同意', 1, '郑为中', '2020-05-12', 'no'),
	(237, 124, '一楼', 235, '能孙光', '', '2020-03-01', '2021-04-01', '同意', 1, '郑为中', '2020-05-12', 'no'),
	(238, 124, '一楼', 236, '华段兴', '', '2020-03-01', '2021-04-01', '同意', 1, '郑为中', '2020-05-12', 'no'),
	(239, 124, '一楼', 237, '南邵倩', '', '2020-03-01', '2021-04-01', '同意', 1, '郑为中', '2020-05-12', 'no'),
	(240, 124, '一楼', 238, '云赵卜', '', '2020-03-01', '2021-04-01', '同意', 1, '郑为中', '2020-05-12', 'no'),
	(241, 125, '二楼', 239, '军李建', '', '2020-02-01', '2020-12-01', '同意', 1, '郑为中', '2020-05-12', 'no'),
	(242, 125, '二楼', 240, '北邵倩', '', '2020-02-01', '2020-12-01', '同意', 1, '郑为中', '2020-05-12', 'no'),
	(243, 125, '二楼', 241, '换王小', '', '2020-02-01', '2020-12-01', '同意', 1, '郑为中', '2020-05-12', 'no'),
	(244, 125, '二楼', 242, '伟张石', '', '2020-02-01', '2020-12-01', '同意', 1, '郑为中', '2020-05-12', 'no'),
	(245, 125, '二楼', 243, '云施露', '', '2020-02-01', '2020-12-01', '同意', 1, '郑为中', '2020-05-12', 'no'),
	(246, 126, '二楼', 244, '畅洪富', '', '2017-06-15', '2021-06-15', '同意', 1, '郑为中', '2020-05-12', 'no'),
	(247, 126, '二楼', 245, '妹石三', '', '2017-06-15', '2021-06-15', '同意', 1, '郑为中', '2020-05-12', 'no'),
	(248, 126, '二楼', 246, '花洪桂', '', '2017-06-15', '2021-06-15', '同意', 1, '郑为中', '2020-05-12', 'no'),
	(249, 126, '二楼', 247, '荣洪贵', '', '2017-06-15', '2021-06-15', '同意', 1, '郑为中', '2020-05-12', 'no'),
	(250, 126, '二楼', 248, '梅洪桂', '', '2017-06-15', '2021-06-15', '同意', 1, '郑为中', '2020-05-12', 'no'),
	(251, 128, '一楼东', 249, '芳张元', '', '2020-01-10', '2021-01-10', '同意', 1, '郑为中', '2020-05-12', 'no'),
	(252, 127, '二楼', 250, '勇刘克', '', '2020-01-10', '2021-01-10', '同意', 1, '郑为中', '2020-05-12', 'no'),
	(253, 127, '二楼', 251, '芳殷美', '', '2020-01-10', '2021-01-10', '同意', 1, '郑为中', '2020-05-12', 'no'),
	(254, 127, '二楼', 252, '奇刘宇', '', '2020-01-10', '2021-01-10', '同意', 1, '郑为中', '2020-05-12', 'no'),
	(255, 127, '二楼', 253, '茹刘梦', '', '2020-01-10', '2021-01-10', '同意', 1, '郑为中', '2020-05-12', 'no'),
	(256, 129, '一楼东', 254, '华夏华', '', '2019-02-01', '2021-02-01', '同意', 1, '郑为中', '2020-05-12', 'no'),
	(257, 131, '一楼西', 255, '财徐国', '', '2019-02-01', '2021-02-01', '同意', 1, '郑为中', '2020-05-12', 'no'),
	(258, 130, '二楼东', 256, '国苏新', '', '2019-02-01', '2021-02-01', '同意', 1, '郑为中', '2020-05-12', 'no'),
	(259, 130, '二楼东', 257, '云孙双', '', '2019-02-01', '2021-02-01', '同意', 1, '郑为中', '2020-05-12', 'no'),
	(260, 132, '二楼东', 258, '荣陈绍', '', '2018-02-01', '2020-12-31', '同意', 1, '郑为中', '2020-05-12', 'no'),
	(261, 132, '二楼东', 259, '祝林茂', '', '2018-02-01', '2020-12-31', '同意', 1, '郑为中', '2020-05-12', 'no'),
	(262, 133, '三楼', 260, '等梁小', '', '2019-03-01', '2020-07-31', '同意', 1, '郑为中', '2020-05-12', 'no'),
	(263, 133, '三楼', 261, '超梁静', '', '2019-03-01', '2020-07-31', '同意', 1, '郑为中', '2020-05-12', 'no'),
	(264, 133, '三楼', 262, '军梁小', '', '2019-03-01', '2020-07-31', '同意', 1, '郑为中', '2020-05-12', 'no'),
	(265, 133, '三楼', 263, '凤苏文', '', '2019-03-01', '2020-07-31', '同意', 1, '郑为中', '2020-05-12', 'no'),
	(266, 134, '二楼', 264, '敏赵亚', '', '2016-04-07', '2020-07-31', '同意', 1, '郑为中', '2020-05-12', 'no'),
	(267, 134, '二楼', 265, '侠孙侠', '', '2016-04-07', '2020-07-31', '同意', 1, '郑为中', '2020-05-12', 'no'),
	(268, 134, '二楼', 266, '灵王金', '', '2016-04-07', '2020-07-31', '同意', 1, '郑为中', '2020-05-12', 'no'),
	(269, 134, '二楼', 267, '康王阿', '', '2016-04-07', '2020-07-31', '同意', 1, '郑为中', '2020-05-12', 'no'),
	(270, 134, '二楼', 268, '文王静', '', '2016-04-07', '2020-07-31', '同意', 1, '郑为中', '2020-05-12', 'no'),
	(271, 135, '一楼', 269, '丽王丽', '', '2016-04-06', '2020-12-31', '同意', 1, '郑为中', '2020-05-12', 'no'),
	(272, 135, '一楼', 270, '祥赵廷', '', '2016-04-06', '2020-12-31', '同意', 1, '郑为中', '2020-05-12', 'no'),
	(273, 135, '一楼', 271, '恒赵志', '', '2016-04-06', '2020-12-31', '同意', 1, '郑为中', '2020-05-12', 'no'),
	(274, 135, '一楼', 272, '晴赵志', '', '2016-04-06', '2020-12-31', '同意', 1, '郑为中', '2020-05-12', 'no'),
	(275, 136, '二楼', 273, '平纪平', '', '2006-02-09', '2021-02-09', '同意', 1, '郑为中', '2020-05-12', 'no'),
	(276, 136, '二楼', 274, '程李保', '', '2006-02-09', '2021-02-09', '同意', 1, '郑为中', '2020-05-12', 'no'),
	(277, 136, '二楼', 275, '若李芷', '', '2006-02-09', '2021-02-09', '同意', 1, '郑为中', '2020-05-12', 'no'),
	(278, 136, '二楼', 276, '烁李子', '', '2006-02-09', '2021-02-09', '同意', 1, '郑为中', '2020-05-12', 'no'),
	(279, 137, '二楼', 277, '根徐长', '', '2016-02-09', '2021-02-09', '同意', 1, '郑为中', '2020-05-12', 'no'),
	(280, 137, '二楼', 278, '枝朱金', '', '2016-02-09', '2021-02-09', '同意', 1, '郑为中', '2020-05-12', 'no'),
	(281, 137, '二楼', 279, '福徐丙', '', '2016-02-09', '2021-02-09', '同意', 1, '郑为中', '2020-05-12', 'no'),
	(282, 137, '二楼', 280, '红朱长', '', '2016-02-09', '2021-02-09', '同意', 1, '郑为中', '2020-05-12', 'no'),
	(283, 137, '二楼', 281, '惠徐小', '', '2016-02-09', '2021-02-09', '同意', 1, '郑为中', '2020-05-12', 'no'),
	(284, 138, '一楼', 282, '钲周曼', '', '2020-01-20', '2021-02-22', '同意', 1, '郑为中', '2020-05-12', 'no'),
	(285, 138, '一楼', 283, '煊周泽', '', '2020-01-20', '2021-02-22', '同意', 1, '郑为中', '2020-05-12', 'no'),
	(286, 138, '一楼', 284, '虎石如', '', '2020-01-20', '2021-02-22', '同意', 1, '郑为中', '2020-05-12', 'no'),
	(287, 138, '一楼', 285, '竹黎庆', '', '2020-01-20', '2021-02-22', '同意', 1, '郑为中', '2020-05-12', 'no'),
	(288, 139, '一楼', 286, '然刘玉', '', '2017-01-22', '2021-01-22', '同意', 1, '郑为中', '2020-05-12', 'no'),
	(289, 139, '一楼', 287, '苹王素', '', '2017-01-22', '2021-01-22', '同意', 1, '郑为中', '2020-05-12', 'no'),
	(290, 139, '一楼', 288, '康刘伟', '', '2017-01-22', '2021-01-22', '同意', 1, '郑为中', '2020-05-12', 'no'),
	(291, 139, '一楼', 289, '雪刘韦', '', '2017-01-22', '2021-01-22', '同意', 1, '郑为中', '2020-05-12', 'no'),
	(293, 100, '整楼', 291, '梅杨六', '', '2018-02-22', '2021-02-22', '同意', 1, '郑为中', '2020-05-13', 'no'),
	(294, 100, '整楼', 292, '英刘秀', '', '2018-02-22', '2021-02-22', '同意', 1, '郑为中', '2020-05-13', 'no'),
	(295, 100, '整楼', 293, '博孙言', '', '2018-02-22', '2021-02-22', '同意', 1, '郑为中', '2020-05-13', 'no'),
	(296, 140, '二楼', 294, '伟刘伟', '', '2017-08-24', '2021-08-24', '同意', 1, '郑为中', '2020-05-13', 'no'),
	(297, 140, '二楼', 295, '艳王云', '', '2017-08-24', '2021-08-24', '同意', 1, '郑为中', '2020-05-13', 'no'),
	(298, 140, '二楼', 296, '娜刘娜', '', '2017-08-24', '2021-08-24', '同意', 1, '郑为中', '2020-05-13', 'no'),
	(299, 140, '二楼', 297, '越刘翔', '', '2017-08-24', '2021-08-24', '同意', 1, '郑为中', '2020-05-13', 'no'),
	(300, 141, '一楼', 298, '培赵培', '', '2015-09-23', '2020-09-23', '同意', 1, '郑为中', '2020-05-13', 'no'),
	(301, 141, '一楼', 299, '怡赵子', '', '2015-09-23', '2020-09-23', '同意', 1, '郑为中', '2020-05-13', 'no'),
	(302, 141, '一楼', 300, '芳袁玉', '', '2015-09-23', '2020-09-23', '同意', 1, '郑为中', '2020-05-13', 'no'),
	(303, 141, '一楼', 301, '涵赵涵', '', '2015-09-23', '2020-09-23', '同意', 1, '郑为中', '2020-05-13', 'no'),
	(304, 142, '二楼', 302, '田刘金', '', '2020-02-23', '2021-02-23', '同意', 1, '郑为中', '2020-05-13', 'no'),
	(305, 142, '二楼', 303, '英孙秀', '', '2020-02-23', '2021-02-23', '同意', 1, '郑为中', '2020-05-13', 'no'),
	(306, 142, '二楼', 304, '难刘玉', '', '2020-02-23', '2021-02-23', '同意', 1, '郑为中', '2020-05-13', 'no'),
	(307, 142, '二楼', 305, '芹王芹', '', '2020-02-23', '2021-02-23', '同意', 1, '郑为中', '2020-05-13', 'no'),
	(308, 144, '一楼', 306, '亚王志', '', '2015-04-15', '2021-04-15', '同意', 1, '郑为中', '2020-05-13', 'no'),
	(309, 144, '一楼', 307, '豪王亚', '', '2015-04-15', '2021-04-15', '同意', 1, '郑为中', '2020-05-13', 'no'),
	(310, 144, '一楼', 308, '丽王亚', '', '2015-04-15', '2021-04-15', '同意', 1, '郑为中', '2020-05-13', 'no'),
	(311, 144, '一楼', 309, '萍刘秀', '', '2015-04-15', '2021-04-15', '同意', 1, '郑为中', '2020-05-13', 'no'),
	(312, 145, '一楼', 310, '阳徐锦', '', '2018-05-12', '2021-05-12', '同意', 1, '郑为中', '2020-05-13', 'no'),
	(313, 145, '一楼', 311, '阳徐向', '', '2018-05-12', '2021-05-12', '同意', 1, '郑为中', '2020-05-13', 'no'),
	(314, 145, '一楼', 312, '勤丁勤', '', '2018-05-12', '2021-05-12', '同意', 1, '郑为中', '2020-05-13', 'no'),
	(315, 145, '一楼', 313, '峰徐其', '', '2018-05-12', '2021-05-12', '同意', 1, '郑为中', '2020-05-13', 'no'),
	(316, 147, '山湖塘 20号', 314, '芦项海', '', '2019-12-31', '2020-12-31', '同意', 1, '郑为中', '2020-05-13', 'no'),
	(317, 148, '山湖塘 9.12号', 315, '寿杨胜', '', '2019-12-31', '2020-12-31', '同意', 1, '郑为中', '2020-05-13', 'no'),
	(322, 154, '宿舍101', 320, '枝汪国', '', '2020-03-01', '2021-03-01', '同意', 1, '郑为中', '2020-05-13', 'no'),
	(323, 155, '宿舍102', 321, '庆汪加', '', '2020-03-01', '2021-03-01', '同意', 1, '郑为中', '2020-05-13', 'no'),
	(324, 156, '宿舍103', 322, '梅邵梅', '', '2020-03-01', '2021-03-01', '同意', 1, '郑为中', '2020-05-13', 'no'),
	(325, 157, '宿舍104', 323, '贵邹有', '', '2020-03-01', '2021-03-01', '同意', 1, '郑为中', '2020-05-13', 'no'),
	(326, 158, '宿舍101', 324, '才吴大', '', '2014-09-11', '2021-09-11', '同意', 1, '郑为中', '2020-05-13', 'no'),
	(327, 158, '宿舍101', 325, '涵吴子', '', '2014-09-11', '2021-09-11', '同意', 1, '郑为中', '2020-05-13', 'no'),
	(328, 158, '宿舍101', 326, '浩吴梓', '', '2014-09-11', '2021-09-11', '同意', 1, '郑为中', '2020-05-13', 'no'),
	(329, 158, '宿舍101', 327, '叶赵春', '', '2014-09-11', '2021-09-11', '同意', 1, '郑为中', '2020-05-13', 'no'),
	(330, 159, '平房', 328, '平林建', '', '2020-02-15', '2021-02-15', '同意', 1, '郑为中', '2020-05-13', 'no'),
	(331, 159, '平房', 329, '维张维', '', '2020-02-15', '2021-02-15', '同意', 1, '郑为中', '2020-05-13', 'no'),
	(332, 159, '平房', 330, '才张基', '', '2020-02-15', '2021-02-15', '同意', 1, '郑为中', '2020-05-13', 'no'),
	(333, 159, '平房', 331, '文林文', '', '2020-02-15', '2021-02-15', '同意', 1, '郑为中', '2020-05-13', 'no'),
	(334, 160, '102室', 332, '忠张有', '', '2016-12-07', '2020-12-07', '同意', 1, '郑为中', '2020-05-13', 'no'),
	(335, 160, '102室', 333, '香黄莲', '', '2016-12-07', '2020-12-07', '同意', 1, '郑为中', '2020-05-13', 'no'),
	(336, 160, '102室', 334, '萍张秀', '', '2016-12-07', '2020-12-07', '同意', 1, '郑为中', '2020-05-13', 'no'),
	(337, 160, '102室', 335, '平张赛', '', '2016-12-07', '2020-12-07', '同意', 1, '郑为中', '2020-05-13', 'no'),
	(338, 161, '二楼', 336, '锋刘玉', '', '2016-03-15', '2021-03-15', '同意', 1, '郑为中', '2020-05-13', 'no'),
	(339, 162, '一楼', 337, '静陈静', '', '2016-03-15', '2021-03-15', '同意', 1, '郑为中', '2020-05-13', 'no'),
	(340, 161, '二楼', 338, '豫刘皖', '', '2016-03-15', '2021-03-15', '同意', 1, '郑为中', '2020-05-13', 'no'),
	(341, 161, '二楼', 339, '雪刘陈', '', '2016-03-15', '2021-03-15', '同意', 1, '郑为中', '2020-05-13', 'no'),
	(342, 163, '二楼', 340, '忠王忠', '', '2020-03-01', '2021-03-01', '同意', 1, '郑为中', '2020-05-13', 'no'),
	(343, 163, '二楼', 341, '振王振', '', '2020-03-01', '2021-03-01', '同意', 1, '郑为中', '2020-05-13', 'no'),
	(344, 163, '二楼', 342, '敏罗燕', '', '2020-03-01', '2021-03-01', '同意', 1, '郑为中', '2020-05-13', 'no'),
	(345, 163, '二楼', 343, '川王贵', '', '2020-03-01', '2021-03-01', '同意', 1, '郑为中', '2020-05-13', 'no'),
	(346, 164, '二楼', 344, '位谭忠', '', '2018-12-25', '2020-12-25', '同意', 1, '郑为中', '2020-05-13', 'no'),
	(347, 164, '二楼', 345, '威曹家', '', '2018-12-25', '2020-12-25', '同意', 1, '郑为中', '2020-05-13', 'no'),
	(348, 238, '三楼', 346, '忠罗小', '', '2018-12-25', '2020-12-25', '同意', 1, '郑为中', '2020-05-13', 'no'),
	(349, 238, '三楼', 347, '丽梁远', '', '2018-12-25', '2020-12-25', '同意', 1, '郑为中', '2020-05-13', 'no'),
	(350, 165, '二楼', 348, '林陈光', '', '2020-01-15', '2021-01-15', '同意', 1, '郑为中', '2020-05-13', 'no'),
	(351, 165, '二楼', 349, '春叶绪', '', '2020-01-15', '2021-01-15', '同意', 1, '郑为中', '2020-05-13', 'no'),
	(352, 165, '二楼', 350, '慧李致', '', '2020-01-15', '2021-01-15', '同意', 1, '郑为中', '2020-05-13', 'no'),
	(353, 165, '二楼', 351, '新任世', '', '2020-01-15', '2021-01-15', '同意', 1, '郑为中', '2020-05-13', 'no'),
	(354, 166, '102', 352, '子周老', '', '2010-06-28', '2021-06-27', '同意', 1, '郑为中', '2020-05-13', 'no'),
	(355, 166, '102', 353, '德李忠', '', '2010-06-28', '2021-06-27', '同意', 1, '郑为中', '2020-05-13', 'no'),
	(356, 167, '101', 354, '晶王晶', '', '2010-06-28', '2021-06-27', '同意', 1, '郑为中', '2020-05-13', 'no'),
	(357, 167, '101', 355, '亮焦风', '', '2010-06-28', '2021-06-27', '同意', 1, '郑为中', '2020-05-13', 'no'),
	(358, 168, '202', 356, '田崔志', '', '2018-12-27', '2020-12-27', '同意', 1, '郑为中', '2020-05-13', 'no'),
	(359, 168, '202', 357, '果李乐', '', '2018-12-27', '2020-12-27', '同意', 1, '郑为中', '2020-05-13', 'no'),
	(360, 168, '202', 358, '超李超', '', '2018-12-27', '2020-12-27', '同意', 1, '郑为中', '2020-05-13', 'no'),
	(361, 168, '202', 359, '文崔素', '', '2018-12-27', '2020-12-27', '同意', 1, '郑为中', '2020-05-13', 'no'),
	(362, 169, '二楼', 360, '连王金', '', '2018-04-10', '2021-04-10', '同意', 1, '郑为中', '2020-05-13', 'no'),
	(363, 169, '二楼', 361, '敏周敏', '', '2018-04-10', '2021-04-10', '同意', 1, '郑为中', '2020-05-13', 'no'),
	(364, 169, '二楼', 362, '菡王妙', '', '2018-04-10', '2021-04-10', '同意', 1, '郑为中', '2020-05-13', 'no'),
	(365, 169, '二楼', 363, '宇王翰', '', '2018-04-10', '2021-04-10', '同意', 1, '郑为中', '2020-05-13', 'no'),
	(366, 170, '201', 364, '和张思', '', '2017-02-10', '2021-02-10', '同意', 1, '郑为中', '2020-05-13', 'no'),
	(367, 170, '201', 365, '雪盛雪', '', '2017-02-10', '2021-02-10', '同意', 1, '郑为中', '2020-05-13', 'no'),
	(368, 170, '201', 366, '迪张刘', '', '2017-02-10', '2021-02-10', '同意', 1, '郑为中', '2020-05-13', 'no'),
	(369, 170, '201', 367, '悦张悦', '', '2017-02-10', '2021-02-10', '同意', 1, '郑为中', '2020-05-13', 'no'),
	(370, 171, '一楼', 368, '飞王守', '', '2017-05-26', '2021-05-26', '同意', 1, '郑为中', '2020-05-13', 'no'),
	(371, 171, '一楼', 369, '莉刘文', '', '2017-05-26', '2021-05-26', '同意', 1, '郑为中', '2020-05-13', 'no'),
	(372, 171, '一楼', 370, '博王豪', '', '2017-05-26', '2021-05-26', '同意', 1, '郑为中', '2020-05-13', 'no'),
	(373, 171, '一楼', 371, '茹王静', '', '2017-05-26', '2021-05-26', '同意', 1, '郑为中', '2020-05-13', 'no'),
	(374, 172, '一楼', 372, '平王平', '', '2014-09-20', '2020-09-20', '同意', 1, '郑为中', '2020-05-13', 'no'),
	(375, 172, '一楼', 373, '兵付勇', '', '2014-09-20', '2020-09-20', '同意', 1, '郑为中', '2020-05-13', 'no'),
	(376, 172, '一楼', 374, '欣付佳', '', '2014-09-20', '2020-09-20', '同意', 1, '郑为中', '2020-05-13', 'no'),
	(377, 172, '一楼', 375, '田熊仁', '', '2014-09-20', '2020-09-20', '同意', 1, '郑为中', '2020-05-13', 'no'),
	(378, 173, '101', 376, '醒赵提', '', '2010-09-10', '2021-09-10', '同意', 1, '郑为中', '2020-05-13', 'no'),
	(379, 173, '101', 377, '南王好', '', '2010-09-10', '2021-09-10', '同意', 1, '郑为中', '2020-05-13', 'no'),
	(380, 173, '101', 378, '微王微', '', '2010-09-10', '2021-09-10', '同意', 1, '郑为中', '2020-05-13', 'no'),
	(381, 173, '101', 379, '清王分', '', '2010-09-10', '2021-09-10', '同意', 1, '郑为中', '2020-05-13', 'no'),
	(382, 174, '一楼', 380, '桂张福', '', '2018-01-03', '2020-12-31', '同意', 1, '郑为中', '2020-05-14', 'no'),
	(383, 174, '一楼', 381, '珍邬习', '', '2018-01-03', '2020-12-31', '同意', 1, '郑为中', '2020-05-14', 'no'),
	(384, 174, '一楼', 382, '剑张剑', '', '2018-01-03', '2020-12-31', '同意', 1, '郑为中', '2020-05-14', 'no'),
	(385, 175, '店面', 383, '锰李锰', '', '2017-07-22', '2020-07-22', '同意', 1, '郑为中', '2020-05-14', 'no'),
	(386, 175, '店面', 384, '蕾谢蕾', '', '2017-07-22', '2020-07-22', '同意', 1, '郑为中', '2020-05-14', 'no'),
	(387, 176, '一楼', 385, '民陈益', '', '2016-11-30', '2020-11-30', '同意', 1, '郑为中', '2020-05-14', 'no'),
	(388, 176, '一楼', 386, '芳黄再', '', '2016-11-30', '2020-11-30', '同意', 1, '郑为中', '2020-05-14', 'no'),
	(389, 176, '一楼', 387, '艳王春', '', '2016-11-30', '2020-11-30', '同意', 1, '郑为中', '2020-05-14', 'no'),
	(390, 177, '一楼', 388, '弘周弘', '', '2018-11-23', '2020-02-23', '同意', 1, '郑为中', '2020-05-14', 'no'),
	(391, 178, '一楼', 389, '哲杨哲', '', '2019-05-09', '2021-05-09', '同意', 1, '郑为中', '2020-05-14', 'no'),
	(392, 179, '自建房', 390, '学刘学', '', '2019-11-28', '2020-11-28', '同意', 1, '郑为中', '2020-05-14', 'no'),
	(393, 180, '一楼', 391, '锋周雪', '', '2019-12-14', '2020-12-14', '同意', 1, '郑为中', '2020-05-14', 'no'),
	(394, 181, '201', 392, '燕张燕', '', '2019-01-06', '2021-02-27', '同意', 1, '郑为中', '2020-05-14', 'no'),
	(395, 183, '二楼', 393, '健陈健', '', '2020-03-03', '2021-03-03', '同意', 1, '郑为中', '2020-05-14', 'no'),
	(396, 183, '二楼', 394, '前程向', '', '2020-03-03', '2021-03-03', '同意', 1, '郑为中', '2020-05-14', 'no'),
	(397, 183, '二楼', 395, '停尹停', '', '2020-03-03', '2021-03-03', '同意', 1, '郑为中', '2020-05-14', 'no'),
	(398, 184, '自建房', 396, '学刘学', '', '2019-11-28', '2020-11-28', '同意', 1, '郑为中', '2020-05-14', 'no'),
	(399, 185, '寺内', 397, '成允成', '', '2019-02-02', '2020-12-31', '同意', 1, '郑为中', '2020-05-14', 'no'),
	(400, 185, '寺内', 398, '金巴拉', '', '2019-02-02', '2020-12-31', '同意', 1, '郑为中', '2020-05-14', 'no'),
	(401, 185, '寺内', 399, '雷陈雷', '', '2019-02-02', '2020-12-31', '同意', 1, '郑为中', '2020-05-14', 'no'),
	(402, 186, '一楼', 400, '林方昌', '', '2019-09-05', '2020-09-05', '同意', 1, '郑为中', '2020-05-14', 'no'),
	(403, 187, '二楼', 401, '朵侯小', '', '2019-06-14', '2021-06-14', '同意', 1, '郑为中', '2020-05-14', 'no'),
	(404, 187, '二楼', 402, '浩曹宇', '', '2019-06-14', '2021-06-14', '同意', 1, '郑为中', '2020-05-14', 'no'),
	(405, 187, '二楼', 403, '贺曹佳', '', '2019-06-14', '2021-06-14', '同意', 1, '郑为中', '2020-05-14', 'no'),
	(406, 188, '二楼', 404, '磊马世', '', '2016-03-14', '2021-03-14', '同意', 1, '郑为中', '2020-05-14', 'no'),
	(407, 188, '二楼', 405, '瑶唐瑶', '', '2016-03-14', '2021-03-14', '同意', 1, '郑为中', '2020-05-14', 'no'),
	(408, 189, '二楼', 406, '亮华桂', '', '2019-08-14', '2021-08-14', '同意', 1, '郑为中', '2020-05-14', 'no'),
	(409, 189, '二楼', 407, '刚韩玉', '', '2019-08-14', '2021-08-14', '同意', 1, '郑为中', '2020-05-14', 'no'),
	(410, 190, '二楼', 408, '友张日', '', '2016-09-14', '2021-09-14', '同意', 1, '郑为中', '2020-05-14', 'no'),
	(411, 191, '二楼', 409, '有邱达', '', '2018-02-14', '2021-02-14', '同意', 1, '郑为中', '2020-05-14', 'no'),
	(412, 192, '二楼', 410, '明董文', '', '2019-03-10', '2021-03-10', '同意', 1, '郑为中', '2020-05-14', 'no'),
	(413, 192, '二楼', 411, '乐董万', '', '2019-03-10', '2021-03-10', '同意', 1, '郑为中', '2020-05-14', 'no'),
	(414, 192, '二楼', 412, '英江水', '', '2019-03-10', '2021-03-10', '同意', 1, '郑为中', '2020-05-14', 'no'),
	(415, 193, '二楼', 413, '飞王飞', '', '2017-06-13', '2021-06-13', '同意', 1, '郑为中', '2020-05-14', 'no'),
	(416, 194, '二楼', 414, '金唐桃', '', '2017-03-31', '2021-03-31', '同意', 1, '郑为中', '2020-05-14', 'no'),
	(417, 195, '二楼', 415, '立许立', '', '2017-06-13', '2021-06-13', '同意', 1, '郑为中', '2020-05-14', 'no'),
	(418, 195, '二楼', 416, '英陶素', '', '2017-06-13', '2021-06-13', '同意', 1, '郑为中', '2020-05-14', 'no'),
	(419, 196, '二楼西', 417, '钊崔书', '', '2017-06-13', '2021-06-13', '同意', 1, '郑为中', '2020-05-14', 'no'),
	(420, 197, '二楼', 418, '莲向仍', '', '2018-02-13', '2021-02-13', '同意', 1, '郑为中', '2020-05-14', 'no'),
	(421, 197, '二楼', 419, '春李仕', '', '2018-02-13', '2021-02-13', '同意', 1, '郑为中', '2020-05-14', 'no'),
	(422, 198, '二楼东', 420, '莉张雪', '', '2013-04-12', '2021-04-12', '同意', 1, '郑为中', '2020-05-14', 'no'),
	(423, 199, '二楼', 421, '品王起', '', '2019-05-21', '2021-05-21', '同意', 1, '郑为中', '2020-05-14', 'no'),
	(424, 199, '二楼', 422, '茜皮宏', '', '2019-05-21', '2021-05-21', '同意', 1, '郑为中', '2020-05-14', 'no'),
	(425, 200, '二楼西', 423, '梅石泽', '', '2019-09-12', '2020-09-12', '同意', 1, '郑为中', '2020-05-14', 'no'),
	(426, 200, '二楼西', 424, '先张金', '', '2019-09-12', '2020-09-12', '同意', 1, '郑为中', '2020-05-14', 'no'),
	(427, 201, '二楼', 425, '荣杨秀', '', '2020-03-01', '2021-03-31', '同意', 1, '郑为中', '2020-05-14', 'no'),
	(428, 202, '101', 426, '银郭银', '', '2019-04-08', '2021-03-31', '同意', 1, '郑为中', '2020-05-14', 'no'),
	(429, 202, '101', 427, '敏马惠', '', '2019-04-08', '2021-03-31', '同意', 1, '郑为中', '2020-05-14', 'no'),
	(430, 202, '101', 428, '萱郭晓', '', '2019-04-08', '2021-03-31', '同意', 1, '郑为中', '2020-05-14', 'no'),
	(431, 202, '101', 429, '萱郭梓', '', '2019-04-08', '2021-03-31', '同意', 1, '郑为中', '2020-05-14', 'no'),
	(432, 203, '二楼', 430, '权许秀', '', '2020-02-01', '2021-03-31', '同意', 1, '郑为中', '2020-05-14', 'no'),
	(433, 203, '二楼', 431, '军许秀', '', '2020-02-01', '2021-03-31', '同意', 1, '郑为中', '2020-05-14', 'no'),
	(434, 204, '二楼', 432, '美熊林', '', '2020-02-22', '2021-02-20', '同意', 1, '郑为中', '2020-05-14', 'no'),
	(435, 204, '二楼', 433, '贵陶祥', '', '2020-02-22', '2021-02-20', '同意', 1, '郑为中', '2020-05-14', 'no'),
	(436, 204, '二楼', 434, '颖陶颖', '', '2020-02-22', '2021-02-20', '同意', 1, '郑为中', '2020-05-14', 'no'),
	(437, 205, '301', 435, '和陈国', '', '2020-01-19', '2021-01-22', '同意', 1, '郑为中', '2020-05-15', 'no'),
	(438, 205, '301', 436, '航陈航', '', '2020-01-19', '2021-01-22', '同意', 1, '郑为中', '2020-05-15', 'no'),
	(439, 205, '301', 437, '丽陈永', '', '2020-01-19', '2021-01-22', '同意', 1, '郑为中', '2020-05-15', 'no'),
	(440, 206, '一楼东', 438, '通王道', '', '2017-01-22', '2021-01-22', '同意', 1, '郑为中', '2020-05-15', 'no'),
	(441, 206, '一楼东', 439, '香鲁秋', '', '2017-01-22', '2021-01-22', '同意', 1, '郑为中', '2020-05-15', 'no'),
	(442, 207, '三楼西', 440, '伟王淮', '', '2018-03-20', '2021-03-20', '同意', 1, '郑为中', '2020-05-15', 'no'),
	(443, 207, '三楼西', 441, '龙王平', '', '2018-03-20', '2021-03-20', '同意', 1, '郑为中', '2020-05-15', 'no'),
	(444, 208, '401', 442, '芝杨孟', '', '2020-03-01', '2021-03-01', '同意', 1, '郑为中', '2020-05-15', 'no'),
	(445, 208, '401', 443, '和陈国', '', '2020-03-01', '2021-03-01', '同意', 1, '郑为中', '2020-05-15', 'no'),
	(446, 208, '401', 444, '航陈航', '', '2020-03-01', '2021-03-01', '同意', 1, '郑为中', '2020-05-15', 'no'),
	(447, 208, '401', 445, '丽陈永', '', '2020-03-01', '2021-03-01', '同意', 1, '郑为中', '2020-05-15', 'no'),
	(448, 122, '101', 446, '芝潘春', '', '2016-02-23', '2021-02-23', '同意', 1, '郑为中', '2020-05-15', 'no'),
	(449, 208, '401', 447, '鑫夏国', '', '2016-02-23', '2021-02-23', '同意', 1, '郑为中', '2020-05-15', 'no'),
	(450, 209, '一楼', 448, '英候明', '', '2019-11-02', '2020-11-02', '同意', 1, '郑为中', '2020-05-15', 'no'),
	(451, 210, '二楼', 449, '生代全', '', '2020-03-01', '2021-03-01', '同意', 1, '郑为中', '2020-05-15', 'no'),
	(452, 210, '二楼', 450, '妹罗幺', '', '2020-03-01', '2021-03-01', '同意', 1, '郑为中', '2020-05-15', 'no'),
	(453, 210, '二楼', 451, '海代东', '', '2020-03-01', '2021-03-01', '同意', 1, '郑为中', '2020-05-15', 'no'),
	(454, 211, '二楼', 452, '贵陶祥', '', '2019-10-29', '2021-10-29', '同意', 1, '郑为中', '2020-05-15', 'no'),
	(455, 211, '二楼', 453, '美熊林', '', '2019-10-29', '2021-10-29', '同意', 1, '郑为中', '2020-05-15', 'no'),
	(456, 211, '二楼', 454, '颖陶颖', '', '2019-10-29', '2021-10-29', '同意', 1, '郑为中', '2020-05-15', 'no'),
	(457, 212, '二楼', 455, '爱吴德', '', '2018-09-13', '2021-09-12', '同意', 1, '郑为中', '2020-05-15', 'no'),
	(458, 213, '二楼', 456, '超赵小', '', '2019-12-31', '2020-12-31', '同意', 1, '郑为中', '2020-05-15', 'no'),
	(459, 213, '二楼', 457, '花李庆', '', '2019-12-31', '2020-12-31', '同意', 1, '郑为中', '2020-05-15', 'no'),
	(460, 215, '二楼', 458, '丽李灿', '', '2019-07-01', '2020-07-01', '同意', 1, '郑为中', '2020-05-15', 'no'),
	(462, 215, '二楼', 460, '军李灿', '', '2019-06-01', '2021-06-01', '同意', 1, '郑为中', '2020-05-15', 'no'),
	(463, 215, '二楼', 461, '德唐中', '', '2019-06-01', '2021-06-01', '同意', 1, '郑为中', '2020-05-15', 'no'),
	(464, 215, '二楼', 462, '明刘加', '', '2019-06-01', '2021-06-01', '同意', 1, '郑为中', '2020-05-15', 'no'),
	(465, 216, '二楼', 463, '敏赵震', '', '2019-07-01', '2021-07-01', '同意', 1, '郑为中', '2020-05-15', 'no'),
	(466, 216, '二楼', 464, '萍王秀', '', '2019-07-01', '2021-07-01', '同意', 1, '郑为中', '2020-05-15', 'no'),
	(467, 216, '二楼', 465, '康赵永', '', '2019-07-01', '2021-07-01', '同意', 1, '郑为中', '2020-05-15', 'no'),
	(468, 217, '一楼东', 466, '波韦波', '', '2018-02-22', '2021-01-22', '同意', 1, '郑为中', '2020-05-15', 'no'),
	(469, 217, '一楼东', 467, '东韦惠', '', '2018-02-22', '2021-01-22', '同意', 1, '郑为中', '2020-05-15', 'no'),
	(470, 218, '一楼西', 468, '英董天', '', '2019-12-31', '2020-12-31', '同意', 1, '郑为中', '2020-05-15', 'no'),
	(471, 218, '一楼西', 469, '梅藏红', '', '2019-12-31', '2020-12-31', '同意', 1, '郑为中', '2020-05-15', 'no'),
	(472, 219, '二楼', 470, '侠张可', '', '2020-01-20', '2021-01-20', '同意', 1, '郑为中', '2020-05-19', 'no'),
	(473, 219, '二楼', 471, '宗刘耀', '', '2020-01-20', '2021-01-20', '同意', 1, '郑为中', '2020-05-19', 'no'),
	(474, 220, '二楼', 472, '英叶林', '', '2020-01-20', '2021-01-20', '同意', 1, '郑为中', '2020-05-19', 'no'),
	(475, 220, '二楼', 473, '爱叶香', '', '2020-01-20', '2021-01-20', '同意', 1, '郑为中', '2020-05-19', 'no'),
	(476, 220, '二楼', 474, '婷叶雨', '', '2020-01-20', '2021-01-20', '同意', 1, '郑为中', '2020-05-19', 'no'),
	(477, 221, '一楼', 475, '刚胡朝', '', '2019-08-10', '2020-12-10', '同意', 1, '郑为中', '2020-05-19', 'no'),
	(478, 222, '一楼', 476, '芹田秀', '', '2019-07-12', '2020-12-10', '同意', 1, '郑为中', '2020-05-19', 'no'),
	(479, 223, '二楼', 477, '军李军', '', '2019-06-10', '2020-12-10', '同意', 1, '郑为中', '2020-05-19', 'no'),
	(480, 223, '二楼', 478, '丽张红', '', '2019-06-10', '2020-12-10', '同意', 1, '郑为中', '2020-05-19', 'no'),
	(481, 224, '一楼', 479, '兵刘敬', '', '2018-10-31', '2020-12-10', '同意', 1, '郑为中', '2020-05-19', 'no'),
	(482, 225, '二楼', 480, '文刘龙', '', '2019-07-12', '2021-07-12', '同意', 1, '郑为中', '2020-05-19', 'no'),
	(483, 226, '平房宿舍', 481, '明向定', '', '2019-03-22', '2021-03-23', '同意', 1, '郑为中', '2020-05-19', 'no'),
	(484, 226, '平房宿舍', 482, '艳杨平', '', '2019-03-22', '2021-03-23', '同意', 1, '郑为中', '2020-05-19', 'no'),
	(485, 227, '上塘 海外', 483, '妹章红', '', '2016-04-17', '2020-12-31', '同意', 1, '郑为中', '2020-05-19', 'no'),
	(486, 228, '上塘 德艺水产海场', 484, '水毛咸', '', '2018-02-14', '2021-01-31', '同意', 1, '郑为中', '2020-05-19', 'no'),
	(487, 229, '上塘 1号塘', 485, '栓谢岳', '', '2018-02-28', '2020-12-31', '同意', 1, '郑为中', '2020-05-19', 'no'),
	(488, 230, '二楼', 486, '秀龙兰', '', '2020-01-22', '2021-01-22', '同意', 1, '郑为中', '2020-05-19', 'no'),
	(489, 230, '二楼', 487, '香石化', '', '2020-01-22', '2021-01-22', '同意', 1, '郑为中', '2020-05-19', 'no'),
	(490, 231, '二楼', 488, '益卢胜', '', '2019-04-21', '2021-04-21', '同意', 1, '郑为中', '2020-05-19', 'no'),
	(491, 231, '二楼', 489, '妹罗月', '', '2019-04-21', '2021-04-21', '同意', 1, '郑为中', '2020-05-19', 'no'),
	(492, 232, '二楼', 490, '祥徐加', '', '2017-04-21', '2021-04-21', '同意', 1, '郑为中', '2020-05-19', 'no'),
	(493, 232, '二楼', 491, '彩兰云', '', '2017-04-21', '2021-04-21', '同意', 1, '郑为中', '2020-05-19', 'no'),
	(494, 233, '二楼', 492, '旺郦观', '', '2018-02-21', '2021-02-21', '同意', 1, '郑为中', '2020-05-19', 'no'),
	(495, 233, '二楼', 493, '龙郦观', '', '2018-02-21', '2021-02-21', '同意', 1, '郑为中', '2020-05-19', 'no'),
	(496, 234, '宿舍301', 494, '梅周雪', '', '2018-02-22', '2022-02-22', '同意', 1, '郑为中', '2020-05-21', 'no'),
	(497, 235, '宿舍302', 495, '群王群', '', '2018-02-22', '2022-02-22', '同意', 1, '郑为中', '2020-05-21', 'no'),
	(498, 236, '宿舍303', 496, '云王玉', '', '2018-02-22', '2022-02-22', '同意', 1, '郑为中', '2020-05-21', 'no'),
	(499, 237, '宿舍304', 497, '会周永', '', '2018-02-22', '2022-02-22', '同意', 1, '郑为中', '2020-05-21', 'no'),
	(500, 114, '一楼', 498, '沫莫沫', '', '2018-10-16', '2021-10-16', '同意', 1, '郑为中', '2020-05-21', 'no'),
	(501, 114, '一楼', 499, '骁莫骁', '', '2018-10-16', '2021-10-16', '同意', 1, '郑为中', '2020-05-21', 'no'),
	(502, 238, '三楼', 500, '威罗威', '', '2018-10-25', '2020-12-25', '同意', 1, '郑为中', '2020-05-21', 'no'),
	(503, 239, '201', 501, '晨徐台', '', '2004-12-17', '2020-12-01', '同意', 1, '郑为中', '2020-05-21', 'no'),
	(504, 240, '201', 502, '林徐台', '', '2004-12-17', '2020-12-17', '同意', 1, '郑为中', '2020-05-21', 'no'),
	(505, 241, '宿舍201', 503, '萍唐玉', '', '2020-01-22', '2021-01-22', '同意', 1, '郑为中', '2020-05-21', 'no'),
	(506, 242, '宿舍202', 504, '操陈以', '', '2020-01-22', '2021-01-22', '同意', 1, '郑为中', '2020-05-21', 'no'),
	(507, 243, '宿舍203', 505, '书葛喜', '', '2020-01-22', '2021-01-22', '同意', 1, '郑为中', '2020-05-21', 'no'),
	(508, 244, '宿舍301', 506, '平匡志', '', '2019-02-26', '2021-02-26', '同意', 1, '郑为中', '2020-05-21', 'no'),
	(509, 245, '201', 507, '付石远', '', '2015-01-01', '2021-05-01', '同意', 1, '郑为中', '2020-05-21', 'no'),
	(510, 246, '201', 508, '成张秀', '', '2019-09-01', '2021-08-31', '同意', 1, '郑为中', '2020-05-21', 'no'),
	(511, 247, '宿舍101', 509, '民乔仁', '', '2019-08-01', '2020-12-31', '同意', 1, '郑为中', '2020-05-21', 'no'),
	(512, 247, '宿舍101', 510, '峰井宜', '', '2019-08-01', '2020-12-31', '同意', 1, '郑为中', '2020-05-21', 'no'),
	(513, 248, '宿舍102', 511, '仃王建', '', '2019-08-01', '2020-12-31', '同意', 1, '郑为中', '2020-05-21', 'no'),
	(514, 248, '宿舍102', 512, '龙凡虎', '', '2019-08-01', '2020-12-31', '同意', 1, '郑为中', '2020-05-21', 'no'),
	(515, 249, '宿舍103', 513, '宝杨全', '', '2019-08-01', '2020-12-31', '同意', 1, '郑为中', '2020-05-21', 'no'),
	(516, 249, '宿舍103', 514, '涛杨孟', '', '2019-08-01', '2020-12-31', '同意', 1, '郑为中', '2020-05-21', 'no'),
	(517, 250, '宿舍201', 515, '超乔青', '', '2019-08-01', '2020-12-31', '同意', 1, '郑为中', '2020-05-21', 'no'),
	(518, 250, '宿舍201', 516, '民王仁', '', '2019-08-01', '2020-12-31', '同意', 1, '郑为中', '2020-05-21', 'no'),
	(519, 251, '宿舍202', 517, '严黄以', '', '2019-08-01', '2020-12-31', '同意', 1, '郑为中', '2020-05-21', 'no'),
	(520, 251, '宿舍202', 518, '秀张仁', '', '2019-08-01', '2020-12-31', '同意', 1, '郑为中', '2020-05-21', 'no'),
	(521, 252, '宿舍203', 519, '洁黄广', '', '2019-08-01', '2020-12-31', '同意', 1, '郑为中', '2020-05-21', 'no'),
	(522, 252, '宿舍203', 520, '军陆元', '', '2019-08-01', '2020-12-31', '同意', 1, '郑为中', '2020-05-21', 'no'),
	(523, 253, '201', 521, '安祝水', '', '2020-01-22', '2021-01-22', '同意', 1, '郑为中', '2020-05-21', 'no'),
	(524, 253, '201', 522, '丽龙晓', '', '2020-01-22', '2021-01-22', '同意', 1, '郑为中', '2020-05-21', 'no'),
	(525, 254, '201', 523, '水郑得', '', '2018-03-17', '2021-03-17', '同意', 1, '郑为中', '2020-05-21', 'no'),
	(526, 256, '201', 524, '花王金', '', '2019-10-28', '2020-10-28', '同意', 1, '郑为中', '2020-05-21', 'no'),
	(527, 256, '201', 525, '花龙洪', '', '2019-10-28', '2020-10-28', '同意', 1, '郑为中', '2020-05-21', 'no'),
	(528, 257, '201', 526, '雷唐春', '', '2019-03-23', '2021-03-23', '同意', 1, '郑为中', '2020-05-21', 'no'),
	(529, 258, '103', 527, '宇赵春', '', '2015-08-27', '2020-08-27', '同意', 1, '郑为中', '2020-05-21', 'no'),
	(530, 259, '201', 528, '林梁林', '', '2020-01-21', '2021-01-21', '同意', 1, '郑为中', '2020-05-21', 'no'),
	(531, 259, '201', 529, '军唐梅', '', '2020-01-21', '2021-01-21', '同意', 1, '郑为中', '2020-05-21', 'no'),
	(532, 260, '201', 530, '龙吴海', '', '2018-01-07', '2021-01-07', '同意', 1, '郑为中', '2020-05-21', 'no'),
	(533, 260, '201', 531, '妹龙凤', '', '2018-01-07', '2021-01-07', '同意', 1, '郑为中', '2020-05-21', 'no'),
	(534, 260, '201', 532, '辉吴明', '', '2018-01-07', '2021-01-07', '同意', 1, '郑为中', '2020-05-21', 'no'),
	(535, 261, '平房', 533, '春李良', '', '2017-03-03', '2020-12-31', '同意', 1, '郑为中', '2020-05-21', 'no'),
	(536, 262, '201', 534, '收闫德', '', '2020-03-22', '2021-03-22', '同意', 1, '郑为中', '2020-05-21', 'no'),
	(537, 263, '201', 535, '峰于朋', '', '2019-04-01', '2020-09-01', '同意', 1, '郑为中', '2020-05-21', 'no'),
	(538, 263, '201', 536, '魁周洪', '', '2019-04-01', '2020-09-01', '同意', 1, '郑为中', '2020-05-21', 'no'),
	(539, 264, '201', 537, '领刘培', '', '2019-12-24', '2020-12-24', '同意', 1, '郑为中', '2020-05-21', 'no'),
	(540, 265, '201', 538, '林邓兆', '', '2019-10-31', '2020-10-31', '同意', 1, '郑为中', '2020-05-21', 'no'),
	(541, 266, '101', 539, '涌刘同', '', '2018-06-30', '2020-06-30', '同意', 1, '郑为中', '2020-05-21', 'no'),
	(542, 266, '101', 540, '芬罗叔', '', '2018-06-30', '2020-06-30', '同意', 1, '郑为中', '2020-05-21', 'no'),
	(543, 268, '201', 541, '平何富', '', '2009-08-20', '2020-08-20', '同意', 1, '郑为中', '2020-05-21', 'no'),
	(544, 269, '201', 542, '冠闫西', '', '2014-07-09', '2020-07-09', '同意', 1, '郑为中', '2020-05-21', 'no'),
	(545, 270, '101', 543, '英梁仕', '', '2018-05-17', '2021-01-22', '同意', 1, '郑为中', '2020-05-21', 'no'),
	(546, 271, '201', 544, '富罗大', '', '2016-03-07', '2021-03-06', '同意', 1, '郑为中', '2020-05-21', 'no'),
	(547, 272, '201', 545, '三罗小', '', '2014-10-14', '2020-10-14', '同意', 1, '郑为中', '2020-05-21', 'no'),
	(548, 273, '201', 546, '超何超', '', '2014-10-14', '2020-10-14', '同意', 1, '郑为中', '2020-05-21', 'no'),
	(549, 274, '201', 547, '武项武', '', '2019-03-20', '2021-03-19', '同意', 1, '郑为中', '2020-05-22', 'no'),
	(550, 275, '201', 548, '银陈祖', '', '2017-03-08', '2021-03-08', '同意', 1, '郑为中', '2020-05-22', 'no'),
	(551, 275, '201', 549, '平师先', '', '2017-03-08', '2021-03-08', '同意', 1, '郑为中', '2020-05-22', 'no'),
	(552, 276, '201', 550, '祥李永', '', '2016-03-07', '2020-12-30', '同意', 1, '郑为中', '2020-05-22', 'no'),
	(553, 276, '201', 551, '芳林日', '', '2016-03-07', '2020-12-30', '同意', 1, '郑为中', '2020-05-22', 'no'),
	(554, 276, '201', 552, '学罗龙', '', '2016-03-07', '2020-12-30', '同意', 1, '郑为中', '2020-05-22', 'no'),
	(555, 277, '201', 553, '轻毕卫', '', '2018-05-16', '2020-12-31', '同意', 1, '郑为中', '2020-05-22', 'no'),
	(556, 278, '寺内', 554, '军李拥', '', '2010-05-07', '2020-12-31', '同意', 1, '郑为中', '2020-05-22', 'no'),
	(557, 278, '寺内', 555, '林张林', '', '2010-05-07', '2020-12-31', '同意', 1, '郑为中', '2020-05-22', 'no'),
	(558, 280, '201', 556, '美常日', '', '2019-01-01', '2021-01-01', '同意', 1, '郑为中', '2020-05-22', 'no'),
	(559, 281, '201', 557, '勤绍勤', '', '2019-07-05', '2020-07-05', '同意', 1, '郑为中', '2020-05-22', 'no'),
	(560, 282, '201', 558, '胜费胜', '', '2019-02-05', '2021-02-05', '同意', 1, '郑为中', '2020-05-22', 'no'),
	(561, 283, '201', 559, '文龙付', '', '2018-08-12', '2020-08-12', '同意', 1, '郑为中', '2020-05-22', 'no'),
	(562, 284, '201', 560, '涛张涛', '', '2017-08-10', '2020-12-31', '同意', 1, '郑为中', '2020-05-22', 'no'),
	(563, 285, '201', 561, '华王四', '', '2015-08-27', '2020-08-27', '同意', 1, '郑为中', '2020-05-22', 'no'),
	(564, 286, '201', 562, '浦郑学', '', '2019-09-13', '2020-09-13', '同意', 1, '郑为中', '2020-05-22', 'no'),
	(565, 287, '201', 563, '成高振', '', '2019-06-01', '2021-06-01', '同意', 1, '郑为中', '2020-05-22', 'no'),
	(566, 288, '201', 564, '国赵振', '', '2018-12-06', '2020-12-05', '同意', 1, '郑为中', '2020-05-22', 'no'),
	(567, 289, '201', 565, '文赵西', '', '2019-06-15', '2021-06-15', '同意', 1, '郑为中', '2020-05-22', 'no'),
	(568, 290, '201', 566, '宇王浩', '', '2018-11-02', '2020-11-02', '同意', 1, '郑为中', '2020-05-22', 'no'),
	(569, 291, '201', 567, '新杜得', '', '2016-07-15', '2021-07-15', '同意', 1, '郑为中', '2020-05-22', 'no'),
	(570, 291, '201', 568, '杰王玉', '', '2016-07-15', '2021-07-15', '同意', 1, '郑为中', '2020-05-22', 'no'),
	(571, 292, '201', 569, '勇杨勇', '', '2018-06-23', '2021-06-23', '同意', 1, '郑为中', '2020-05-22', 'no'),
	(572, 292, '201', 570, '枚刘红', '', '2018-06-23', '2021-06-23', '同意', 1, '郑为中', '2020-05-22', 'no'),
	(573, 292, '201', 571, '易杨易', '', '2018-06-23', '2021-06-23', '同意', 1, '郑为中', '2020-05-22', 'no'),
	(574, 293, '201', 572, '华张艳', '', '2016-05-23', '2021-05-23', '同意', 1, '郑为中', '2020-05-22', 'no'),
	(575, 294, '201', 573, '恒曹光', '', '2018-04-27', '2021-04-27', '同意', 1, '郑为中', '2020-05-22', 'no'),
	(576, 295, '201', 574, '洞俞洞', '', '2016-03-30', '2021-02-28', '同意', 1, '郑为中', '2020-05-22', 'no'),
	(577, 296, '201', 575, '仙王凤', '', '2013-05-01', '2021-04-30', '同意', 1, '郑为中', '2020-05-22', 'no'),
	(578, 297, '201', 576, '麟叶培', '', '2018-04-09', '2021-04-09', '同意', 1, '郑为中', '2020-05-22', 'no'),
	(579, 298, '201', 577, '红杨春', '', '2019-08-12', '2020-08-12', '同意', 1, '郑为中', '2020-05-22', 'no'),
	(580, 299, '201', 578, '存梁盛', '', '2016-03-03', '2021-03-03', '同意', 1, '郑为中', '2020-05-22', 'no'),
	(581, 300, '201', 579, '艳乔艳', '', '2019-06-17', '2021-06-17', '同意', 1, '郑为中', '2020-05-22', 'no'),
	(582, 301, '201', 580, '强李德', '', '2019-06-12', '2021-06-11', '同意', 1, '郑为中', '2020-05-22', 'no'),
	(583, 302, '201', 581, '良左金', '', '2016-03-09', '2021-03-09', '同意', 1, '郑为中', '2020-05-22', 'no'),
	(584, 303, '201', 582, '贵王忠', '', '2015-03-05', '2021-03-05', '同意', 1, '郑为中', '2020-05-22', 'no'),
	(585, 303, '201', 583, '蓉唐树', '', '2015-03-05', '2021-03-05', '同意', 1, '郑为中', '2020-05-22', 'no'),
	(586, 304, '201', 584, '洪孙彩', '', '2016-05-13', '2021-05-12', '同意', 1, '郑为中', '2020-05-22', 'no'),
	(587, 305, '201', 585, '林孙彩', '', '2019-05-13', '2021-05-13', '同意', 1, '郑为中', '2020-05-22', 'no'),
	(588, 100, '整楼', 586, '秀龙开', '', '2013-01-24', '2021-01-24', '同意', 1, '郑为中', '2020-05-22', 'no'),
	(589, 100, '整楼', 587, '侠孙燕', '', '2018-05-10', '2021-05-10', '同意', 1, '郑为中', '2020-05-22', 'no'),
	(590, 100, '整楼', 588, '方魏月', '', '2018-05-10', '2021-05-10', '同意', 1, '郑为中', '2020-05-22', 'no'),
	(591, 100, '整楼', 589, '诺魏怡', '', '2018-05-10', '2021-05-10', '同意', 1, '郑为中', '2020-05-22', 'no'),
	(592, 113, '二楼', 590, '娜王娜', '', '2017-03-23', '2021-03-23', '同意', 1, '郑为中', '2020-05-22', 'no'),
	(593, 113, '二楼', 591, '林张林', '', '2017-03-23', '2021-03-23', '同意', 1, '郑为中', '2020-05-22', 'no'),
	(594, 113, '二楼', 592, '志王成', '', '2017-03-23', '2021-03-23', '同意', 1, '郑为中', '2020-05-22', 'no'),
	(595, 113, '二楼', 593, '萍曹春', '', '2017-03-23', '2021-03-23', '同意', 1, '郑为中', '2020-05-22', 'no'),
	(596, 98, '一楼东', 594, '路郑路', '', '2017-05-27', '2021-05-27', '同意', 1, '郑为中', '2020-05-22', 'no'),
	(597, 306, '201', 595, '记周保', '', '2020-01-22', '2021-01-22', '同意', 1, '郑为中', '2020-05-22', 'no'),
	(598, 306, '201', 596, '华陈华', '', '2020-01-22', '2021-01-22', '同意', 1, '郑为中', '2020-05-22', 'no'),
	(599, 307, '201', 597, '健罗健', '', '2018-01-22', '2021-01-22', '同意', 1, '郑为中', '2020-05-22', 'no'),
	(600, 307, '201', 598, '妹梁金', '', '2018-01-22', '2021-01-22', '同意', 1, '郑为中', '2020-05-22', 'no'),
	(601, 308, '201', 599, '中孟献', '', '2016-02-22', '2021-02-21', '同意', 1, '郑为中', '2020-05-22', 'no'),
	(602, 308, '201', 600, '奥孟奥', '', '2016-02-22', '2021-02-21', '同意', 1, '郑为中', '2020-05-22', 'no'),
	(603, 308, '201', 601, '真赵素', '', '2016-02-22', '2021-02-21', '同意', 1, '郑为中', '2020-05-22', 'no'),
	(604, 309, '201', 602, '玉符爱', '', '2017-05-24', '2021-05-24', '同意', 1, '郑为中', '2020-05-22', 'no'),
	(605, 309, '201', 603, '华瞿梦', '', '2017-05-24', '2021-05-24', '同意', 1, '郑为中', '2020-05-22', 'no'),
	(606, 309, '201', 604, '云瞿继', '', '2017-05-24', '2021-05-24', '同意', 1, '郑为中', '2020-05-22', 'no'),
	(607, 310, '201', 605, '文徐正', '', '2015-08-23', '2020-08-23', '同意', 1, '郑为中', '2020-05-22', 'no'),
	(608, 310, '201', 606, '勤徐季', '', '2015-08-23', '2020-08-23', '同意', 1, '郑为中', '2020-05-22', 'no'),
	(609, 310, '201', 607, '威徐威', '', '2015-08-23', '2020-08-23', '同意', 1, '郑为中', '2020-05-22', 'no'),
	(610, 311, '201', 608, '星蒋星', '', '2014-01-17', '2021-01-18', '同意', 1, '郑为中', '2020-05-22', 'no'),
	(611, 312, '201', 609, '立冯国', '', '2014-01-18', '2021-01-18', '同意', 1, '郑为中', '2020-05-22', 'no'),
	(612, 313, '201', 610, '苹冯金', '', '2018-03-23', '2021-03-23', '同意', 1, '郑为中', '2020-05-22', 'no'),
	(613, 313, '201', 611, '爱石正', '', '2018-03-23', '2021-03-23', '同意', 1, '郑为中', '2020-05-22', 'no'),
	(614, 313, '201', 612, '衡龙衡', '', '2018-03-23', '2021-03-23', '同意', 1, '郑为中', '2020-05-22', 'no'),
	(615, 313, '201', 613, '国周绍', '', '2014-12-25', '2020-12-25', '同意', 1, '郑为中', '2020-05-22', 'no'),
	(616, 314, '101', 614, '雷郑兴', '', '2017-04-30', '2020-12-31', '同意', 1, '郑为中', '2020-05-22', 'no'),
	(617, 315, '201', 615, '菊欧丽', '', '2019-09-11', '2020-09-11', '同意', 1, '郑为中', '2020-05-22', 'no'),
	(618, 315, '201', 616, '浩龙君', '', '2019-09-11', '2020-09-11', '同意', 1, '郑为中', '2020-05-22', 'no'),
	(619, 316, '201', 617, '凯朱玉', '', '2019-09-05', '2020-09-05', '同意', 1, '郑为中', '2020-05-22', 'no'),
	(620, 316, '201', 618, '晨朱语', '', '2019-09-05', '2020-09-05', '同意', 1, '郑为中', '2020-05-22', 'no'),
	(621, 316, '201', 619, '云王桂', '', '2019-09-05', '2020-09-05', '同意', 1, '郑为中', '2020-05-22', 'no'),
	(622, 317, '201', 620, '龙刘志', '', '2019-07-15', '2021-07-15', '同意', 1, '郑为中', '2020-05-25', 'no'),
	(623, 318, '201', 621, '林陈克', '', '2019-03-14', '2021-03-14', '同意', 1, '郑为中', '2020-05-25', 'no'),
	(624, 318, '201', 622, '凤陈啟', '', '2019-03-14', '2021-03-14', '同意', 1, '郑为中', '2020-05-25', 'no'),
	(625, 319, '201', 623, '星程卫', '', '2019-02-27', '2021-02-27', '同意', 1, '郑为中', '2020-05-25', 'no'),
	(626, 319, '201', 624, '秋刘艳', '', '2019-02-27', '2021-02-27', '同意', 1, '郑为中', '2020-05-25', 'no'),
	(627, 319, '201', 625, '阳程召', '', '2019-02-27', '2021-02-27', '同意', 1, '郑为中', '2020-05-25', 'no'),
	(628, 320, '201', 626, '怡赵静', '', '2018-05-15', '2021-05-15', '同意', 1, '郑为中', '2020-05-25', 'no'),
	(629, 321, '201', 627, '军王全', '', '2017-04-11', '2021-04-11', '同意', 1, '郑为中', '2020-05-25', 'no'),
	(630, 321, '201', 628, '玲刘雪', '', '2017-04-11', '2021-04-11', '同意', 1, '郑为中', '2020-05-25', 'no'),
	(631, 322, '201', 629, '彬刘金', '', '2015-04-16', '2021-04-16', '同意', 1, '郑为中', '2020-05-25', 'no'),
	(632, 322, '201', 630, '英郭文', '', '2015-04-16', '2021-04-16', '同意', 1, '郑为中', '2020-05-25', 'no'),
	(633, 323, '201', 631, '灿杨亚', '', '2020-02-16', '2021-02-16', '同意', 1, '郑为中', '2020-05-25', 'no'),
	(634, 323, '201', 632, '莹杨浙', '', '2020-02-16', '2021-02-16', '同意', 1, '郑为中', '2020-05-25', 'no'),
	(635, 324, '201', 633, '强刘玉', '', '2019-10-15', '2021-10-15', '同意', 1, '郑为中', '2020-05-25', 'no'),
	(636, 324, '201', 634, '海刘云', '', '2019-10-15', '2021-10-15', '同意', 1, '郑为中', '2020-05-25', 'no'),
	(637, 324, '201', 635, '玲程艳', '', '2019-10-15', '2021-10-15', '同意', 1, '郑为中', '2020-05-25', 'no'),
	(638, 325, '201', 636, '中李保', '', '2020-02-14', '2021-02-14', '同意', 1, '郑为中', '2020-05-25', 'no'),
	(639, 326, '201', 637, '文董万', '', '2018-09-01', '2020-09-01', '同意', 1, '郑为中', '2020-05-25', 'no'),
	(640, 327, '201', 638, '安刘金', '', '2020-02-15', '2021-02-15', '同意', 1, '郑为中', '2020-05-25', 'no'),
	(641, 327, '201', 639, '文韩凤', '', '2020-02-15', '2021-02-15', '同意', 1, '郑为中', '2020-05-25', 'no'),
	(642, 328, '301', 640, '莉刘小', '', '2020-02-15', '2021-02-15', '同意', 1, '郑为中', '2020-05-25', 'no'),
	(643, 328, '301', 641, '娜李娜', '', '2020-02-15', '2021-02-15', '同意', 1, '郑为中', '2020-05-25', 'no'),
	(644, 327, '201', 642, '齐韩天', '', '2020-02-15', '2021-02-15', '同意', 1, '郑为中', '2020-05-25', 'no'),
	(645, 329, '201', 643, '学李治', '', '2018-02-23', '2021-02-23', '同意', 1, '郑为中', '2020-05-25', 'no'),
	(646, 330, '201', 644, '伦张店', '', '2018-01-23', '2021-01-23', '同意', 1, '郑为中', '2020-05-25', 'no'),
	(647, 330, '201', 645, '侠王云', '', '2018-01-23', '2021-01-23', '同意', 1, '郑为中', '2020-05-25', 'no'),
	(648, 330, '201', 646, '薇张紫', '', '2018-01-23', '2021-01-23', '同意', 1, '郑为中', '2020-05-25', 'no'),
	(650, 150, '盐场塘1号', 648, '会陈学', '', '2019-12-31', '2020-12-31', '同意', 1, '郑为中', '2020-05-25', 'no'),
	(651, 151, '盐场塘2.3号', 649, '会金礼', '', '2019-12-31', '2020-12-31', '同意', 1, '郑为中', '2020-05-25', 'no'),
	(652, 153, '盐场塘4号', 650, '平文平', '', '2019-12-31', '2020-12-31', '同意', 1, '郑为中', '2020-05-25', 'no'),
	(653, 333, '盐场塘5号', 651, '江刘卫', '', '2019-12-31', '2020-12-31', '同意', 1, '郑为中', '2020-05-25', 'no'),
	(654, 334, '盐场塘7号', 652, '财何兴', '', '2019-12-31', '2020-12-31', '同意', 1, '郑为中', '2020-05-25', 'no'),
	(655, 335, '盐场塘8号', 653, '林徐大', '', '2019-12-31', '2020-12-31', '同意', 1, '郑为中', '2020-05-25', 'no'),
	(656, 336, '盐场塘9.10.31.32号', 654, '林徐光', '', '2019-12-31', '2020-12-31', '同意', 1, '郑为中', '2020-05-25', 'no'),
	(657, 337, '盐场塘18号', 655, '水章长', '', '2019-12-31', '2020-12-31', '同意', 1, '郑为中', '2020-05-25', 'no'),
	(658, 338, '盐场塘20.27号', 656, '金林星', '', '2019-12-31', '2020-12-31', '同意', 1, '郑为中', '2020-05-25', 'no'),
	(659, 339, '盐场塘22号', 657, '林俞茂', '', '2019-12-31', '2020-12-31', '同意', 1, '郑为中', '2020-05-25', 'no'),
	(660, 340, '盐场塘25号', 658, '来徐艺', '', '2019-12-31', '2020-12-31', '同意', 1, '郑为中', '2020-05-25', 'no'),
	(661, 341, '盐场塘29号', 659, '纶洪温', '', '2019-12-31', '2020-12-31', '同意', 1, '郑为中', '2020-05-25', 'no'),
	(662, 342, '盐场塘33.34号', 660, '才梁启', '', '2019-12-31', '2020-12-31', '同意', 1, '郑为中', '2020-05-25', 'no'),
	(663, 343, '盐场塘38号', 661, '财章宏', '', '2019-12-31', '2020-12-31', '同意', 1, '郑为中', '2020-05-25', 'no'),
	(664, 344, '201', 662, '英王凤', '', '2017-05-31', '2021-05-31', '同意', 1, '郑为中', '2020-05-25', 'no'),
	(665, 345, '201', 663, '辉麻文', '', '2019-02-02', '2020-07-31', '同意', 1, '郑为中', '2020-05-25', 'no'),
	(666, 346, '201', 664, '英尚公', '', '2019-03-01', '2021-05-31', '同意', 1, '郑为中', '2020-05-25', 'no'),
	(667, 347, '201', 665, '琴花琴', '', '2014-12-31', '2020-12-31', '同意', 1, '郑为中', '2020-05-25', 'no'),
	(668, 348, '201', 666, '利李明', '', '2018-05-01', '2021-05-31', '同意', 1, '郑为中', '2020-05-25', 'no'),
	(669, 349, '201', 667, '勇李政', '', '2018-03-31', '2020-06-30', '同意', 1, '郑为中', '2020-05-25', 'no'),
	(670, 350, '201', 668, '银张家', '', '2019-05-31', '2020-12-31', '同意', 1, '郑为中', '2020-05-25', 'no'),
	(671, 351, '201', 669, '刚王治', '', '2018-07-01', '2020-09-30', '同意', 1, '郑为中', '2020-05-25', 'no'),
	(672, 352, '201', 670, '玉韩玉', '', '2019-02-28', '2020-07-31', '同意', 1, '郑为中', '2020-05-25', 'no'),
	(673, 353, '201', 671, '釬朱保', '', '2017-03-01', '2020-12-31', '同意', 1, '郑为中', '2020-05-25', 'no'),
	(674, 354, '201', 672, '洪郭长', '', '2019-02-10', '2020-12-31', '同意', 1, '郑为中', '2020-05-25', 'no'),
	(675, 355, '201', 673, '德麻奋', '', '2019-02-08', '2020-12-31', '同意', 1, '郑为中', '2020-05-25', 'no'),
	(676, 356, '201', 674, '翔何飞', '', '2019-03-01', '2020-12-31', '同意', 1, '郑为中', '2020-05-25', 'no'),
	(677, 357, '201', 675, '民颜新', '', '2018-03-09', '2021-03-08', '同意', 1, '郑为中', '2020-05-25', 'no'),
	(678, 358, '201', 676, '玲辛侠', '', '2018-02-10', '2020-12-31', '同意', 1, '郑为中', '2020-05-25', 'no'),
	(679, 359, '201', 677, '美邬传', '', '2015-09-30', '2020-12-31', '同意', 1, '郑为中', '2020-05-25', 'no'),
	(680, 360, '201', 678, '光季元', '', '2019-11-27', '2020-11-27', '同意', 1, '郑为中', '2020-05-25', 'no'),
	(681, 361, '201', 679, '富赵喜', '', '2016-06-08', '2021-06-18', '同意', 1, '郑为中', '2020-05-25', 'no'),
	(682, 362, '201', 680, '飞徐飞', '', '2015-06-28', '2021-06-28', '同意', 1, '郑为中', '2020-05-25', 'no'),
	(683, 352, '201', 681, '华李华', '', '2019-02-28', '2020-07-31', '同意', 1, '郑为中', '2020-05-25', 'no'),
	(684, 352, '201', 682, '熙韩嘉', '', '2019-02-28', '2020-07-31', '同意', 1, '郑为中', '2020-05-25', 'no'),
	(685, 363, '201', 683, '金吴学', '', '2019-11-10', '2021-11-10', '同意', 1, '郑为中', '2020-05-26', 'no'),
	(686, 363, '201', 684, '生吴学', '', '2019-11-10', '2021-11-10', '同意', 1, '郑为中', '2020-05-26', 'no'),
	(687, 364, '201', 685, '军李红', '', '2019-11-13', '2021-11-13', '同意', 1, '郑为中', '2020-05-26', 'no'),
	(688, 364, '201', 686, '琴李月', '', '2019-11-13', '2021-11-13', '同意', 1, '郑为中', '2020-05-26', 'no'),
	(689, 365, '宿舍201', 687, '平张永', '', '2014-08-06', '2021-08-06', '同意', 1, '郑为中', '2020-05-26', 'no'),
	(690, 366, '201', 688, '奇王天', '', '2018-01-13', '2021-01-13', '同意', 1, '郑为中', '2020-05-26', 'no'),
	(691, 366, '201', 689, '友麻金', '', '2018-01-13', '2021-01-13', '同意', 1, '郑为中', '2020-05-26', 'no'),
	(692, 366, '201', 690, '花龙银', '', '2018-01-13', '2021-01-13', '同意', 1, '郑为中', '2020-05-26', 'no'),
	(693, 367, '201', 691, '根程发', '', '2020-03-07', '2021-03-06', '同意', 1, '郑为中', '2020-05-26', 'no'),
	(694, 368, '201', 692, '科张小', '', '2019-10-01', '2021-05-01', '同意', 1, '郑为中', '2020-05-26', 'no'),
	(695, 370, '201', 693, '峰黄石', '', '2019-02-26', '2021-02-26', '同意', 1, '郑为中', '2020-05-26', 'no'),
	(696, 371, '201', 694, '呷吉吉', '', '2019-11-23', '2021-11-23', '同意', 1, '郑为中', '2020-05-26', 'no'),
	(697, 372, '201', 695, '吉麦吉', '', '2018-11-15', '2021-11-15', '同意', 1, '郑为中', '2020-05-26', 'no'),
	(698, 373, '201', 696, '洪陈洪', '', '2019-02-17', '2021-02-17', '同意', 1, '郑为中', '2020-05-26', 'no'),
	(699, 374, '201', 697, '军赵海', '', '2018-01-11', '2020-07-01', '同意', 1, '郑为中', '2020-05-26', 'no'),
	(700, 375, '201', 698, '丽孙亚', '', '2009-11-07', '2020-08-31', '同意', 1, '郑为中', '2020-05-26', 'no'),
	(701, 376, '201', 699, '云王登', '', '2019-11-01', '2021-04-30', '同意', 1, '郑为中', '2020-05-26', 'no'),
	(702, 377, '201', 700, '林刘加', '', '2015-08-01', '2020-12-31', '同意', 1, '郑为中', '2020-05-26', 'no'),
	(703, 378, '宿舍', 701, '龙姚飞', '', '2018-04-04', '2021-04-04', '同意', 1, '郑为中', '2020-05-27', 'no'),
	(704, 378, '宿舍', 702, '丹陈丹', '', '2005-02-04', '2021-02-04', '同意', 1, '郑为中', '2020-05-27', 'no'),
	(705, 378, '宿舍', 703, '青刘青', '', '2006-02-04', '2021-02-04', '同意', 1, '郑为中', '2020-05-27', 'no'),
	(706, 378, '宿舍', 704, '芳蒋芳', '', '2006-02-04', '2021-02-04', '同意', 1, '郑为中', '2020-05-27', 'no'),
	(707, 378, '宿舍', 705, '皓刘君', '', '2006-02-04', '2021-02-04', '同意', 1, '郑为中', '2020-05-27', 'no'),
	(708, 378, '宿舍', 706, '皓刘文', '', '2006-02-04', '2021-02-04', '同意', 1, '郑为中', '2020-05-27', 'no'),
	(709, 378, '宿舍', 707, '仁石宗', '', '2018-02-04', '2021-02-04', '同意', 1, '郑为中', '2020-05-27', 'no'),
	(710, 378, '宿舍', 708, '玲余翠', '', '2018-02-04', '2021-02-04', '同意', 1, '郑为中', '2020-05-27', 'no'),
	(711, 378, '宿舍', 709, '怡石紫', '', '2018-02-04', '2021-02-04', '同意', 1, '郑为中', '2020-05-27', 'no'),
	(712, 378, '宿舍', 710, '伟田伟', '', '2018-02-04', '2021-02-04', '同意', 1, '郑为中', '2020-05-27', 'no'),
	(713, 378, '宿舍', 711, '莲刘玉', '', '2018-02-04', '2021-02-04', '同意', 1, '郑为中', '2020-05-27', 'no'),
	(714, 378, '宿舍', 712, '钰田家', '', '2018-02-04', '2021-02-04', '同意', 1, '郑为中', '2020-05-27', 'no'),
	(715, 378, '宿舍', 713, '君刘君', '', '2018-02-04', '2021-02-04', '同意', 1, '郑为中', '2020-05-27', 'no'),
	(716, 378, '宿舍', 714, '波赵小', '', '2018-02-04', '2021-02-04', '同意', 1, '郑为中', '2020-05-27', 'no'),
	(717, 378, '宿舍', 715, '丽王艳', '', '2018-02-04', '2021-02-04', '同意', 1, '郑为中', '2020-05-27', 'no'),
	(718, 378, '宿舍', 716, '伶赵晨', '', '2018-02-04', '2021-02-04', '同意', 1, '郑为中', '2020-05-27', 'no'),
	(719, 378, '宿舍', 717, '芳赵晨', '', '2018-02-04', '2021-02-04', '同意', 1, '郑为中', '2020-05-27', 'no'),
	(720, 378, '宿舍', 718, '宁杨宁', '', '2018-02-04', '2021-02-04', '同意', 1, '郑为中', '2020-05-27', 'no'),
	(721, 378, '宿舍', 719, '玲于红', '', '2018-02-04', '2021-02-04', '同意', 1, '郑为中', '2020-05-27', 'no'),
	(722, 378, '宿舍', 720, '廷杨裕', '', '2018-02-04', '2021-02-04', '同意', 1, '郑为中', '2020-05-27', 'no'),
	(723, 378, '宿舍', 721, '兵祝健', '', '2018-02-04', '2021-02-04', '同意', 1, '郑为中', '2020-05-27', 'no'),
	(724, 378, '宿舍', 722, '芳袁阿', '', '2018-02-04', '2021-02-04', '同意', 1, '郑为中', '2020-05-27', 'no'),
	(725, 378, '宿舍', 723, '允祝畅', '', '2018-02-04', '2021-02-04', '同意', 1, '郑为中', '2020-05-27', 'no'),
	(726, 379, '201', 724, '凤刘尚', '', '2020-02-26', '2021-02-26', '同意', 1, '郑为中', '2020-05-28', 'no'),
	(727, 379, '201', 725, '红张秀', '', '2020-02-26', '2021-02-26', '同意', 1, '郑为中', '2020-05-28', 'no'),
	(728, 379, '201', 726, '禹胡德', '', '2020-02-26', '2021-02-26', '同意', 1, '郑为中', '2020-05-28', 'no'),
	(729, 379, '201', 727, '奇丁华', '', '2020-02-26', '2021-02-26', '同意', 1, '郑为中', '2020-05-28', 'no'),
	(730, 379, '201', 728, '如孙西', '', '2020-02-26', '2021-02-26', '同意', 1, '郑为中', '2020-05-28', 'no'),
	(731, 379, '201', 729, '俊苏俊', '', '2020-02-26', '2021-02-26', '同意', 1, '郑为中', '2020-05-28', 'no'),
	(732, 379, '201', 730, '兰杜凤', '', '2020-02-26', '2021-02-26', '同意', 1, '郑为中', '2020-05-28', 'no'),
	(733, 379, '201', 731, '民周慧', '', '2020-02-26', '2021-02-26', '同意', 1, '郑为中', '2020-05-28', 'no'),
	(734, 379, '201', 732, '印郭书', '', '2020-02-26', '2021-02-26', '同意', 1, '郑为中', '2020-05-28', 'no'),
	(735, 379, '201', 733, '军王战', '', '2020-02-26', '2021-02-26', '同意', 1, '郑为中', '2020-05-28', 'no'),
	(736, 379, '201', 734, '会刘春', '', '2020-02-26', '2021-02-26', '同意', 1, '郑为中', '2020-05-28', 'no'),
	(737, 379, '201', 735, '蓉谭孝', '', '2020-02-26', '2021-02-26', '同意', 1, '郑为中', '2020-05-28', 'no'),
	(738, 379, '201', 736, '林李林', '', '2020-02-26', '2021-02-26', '同意', 1, '郑为中', '2020-05-28', 'no'),
	(739, 379, '201', 737, '兰李青', '', '2020-02-26', '2021-02-26', '同意', 1, '郑为中', '2020-05-28', 'no'),
	(740, 379, '201', 738, '平李艳', '', '2020-02-26', '2021-02-26', '同意', 1, '郑为中', '2020-05-28', 'no'),
	(741, 379, '201', 739, '秋黄益', '', '2020-02-26', '2021-02-26', '同意', 1, '郑为中', '2020-05-28', 'no'),
	(742, 379, '201', 740, '建冯闯', '', '2020-02-26', '2021-02-26', '同意', 1, '郑为中', '2020-05-28', 'no'),
	(743, 379, '201', 741, '丽孙艳', '', '2020-02-26', '2021-02-26', '同意', 1, '郑为中', '2020-05-28', 'no'),
	(744, 379, '201', 742, '花胡桂', '', '2020-02-26', '2021-02-26', '同意', 1, '郑为中', '2020-05-28', 'no'),
	(745, 379, '201', 743, '丽贺彩', '', '2020-02-26', '2021-02-26', '同意', 1, '郑为中', '2020-05-28', 'no'),
	(746, 379, '201', 744, '宁黄潘', '', '2020-02-26', '2021-02-26', '同意', 1, '郑为中', '2020-05-28', 'no'),
	(747, 379, '201', 745, '英甘家', '', '2020-02-26', '2021-02-26', '同意', 1, '郑为中', '2020-05-28', 'no'),
	(748, 379, '201', 746, '向郭向', '', '2020-02-26', '2021-02-26', '同意', 1, '郑为中', '2020-05-28', 'no'),
	(749, 379, '201', 747, '红王二', '', '2020-02-26', '2021-02-26', '同意', 1, '郑为中', '2020-05-28', 'no'),
	(750, 379, '201', 748, '芹宋桂', '', '2020-02-26', '2021-02-26', '同意', 1, '郑为中', '2020-05-28', 'no'),
	(751, 380, '201', 749, '丽王秀', '', '2019-07-09', '2020-07-09', '同意', 1, '郑为中', '2020-05-29', 'no'),
	(752, 381, '201', 750, '舟王小', '', '2019-09-23', '2021-05-28', '同意', 1, '郑为中', '2020-05-29', 'no'),
	(753, 143, 'aaa', 751, 'aaa', 'gg', '2020-03-23', '2020-05-23', '同意', 1, '郑为中', '2020-05-28', 'no'),
	(754, 143, 'aaa', 752, '6测试', '测试', '2020-03-23', '2020-05-23', '同意', 1, '郑为中', '2020-05-28', 'no'),
	(755, 143, 'aaa', 753, '好好的', '跋山涉水', '2020-03-23', '2020-05-23', '同意', 1, '郑为中', '2020-06-03', 'no'),
	(756, 143, 'aaa', 754, '是说的', '反对反对个', '2020-06-24', '2020-06-30', '不同意', 1, '郑为中', '2020-06-03', 'no'),
	(757, 143, 'aaa', 755, '法反对', '实打实打算', '2020-06-26', '2020-06-18', '不同意', 1, '郑为中', '2020-06-03', 'no'),
	(758, 388, '101', 756, '红党晓', '', '2020-02-26', '2021-02-26', '同意', 1, '郑为中', '2020-06-03', 'no'),
	(759, 389, '102', 757, '叶徐叶', '', '2020-02-26', '2021-02-26', '同意', 1, '郑为中', '2020-06-03', 'no'),
	(760, 388, '101', 758, '方徐方', '', '2020-02-26', '2021-02-26', '同意', 1, '郑为中', '2020-06-03', 'no'),
	(761, 389, '102', 759, '伟徐伟', '', '2020-02-26', '2021-02-26', '同意', 1, '郑为中', '2020-06-03', 'no'),
	(762, 390, '201', 760, '忠李忠', '', '2017-03-30', '2021-03-30', '同意', 1, '郑为中', '2020-06-09', 'no'),
	(763, 390, '201', 761, '豪李梓', '', '2017-03-30', '2021-03-30', '同意', 1, '郑为中', '2020-06-09', 'no'),
	(764, 390, '201', 762, '萱李梓', '', '2017-03-30', '2021-03-30', '同意', 1, '郑为中', '2020-06-09', 'no'),
	(765, 391, '201', 763, '林赵西', '', '2015-03-30', '2021-03-30', '同意', 1, '郑为中', '2020-06-09', 'no'),
	(766, 391, '201', 764, '兰王素', '', '2015-03-30', '2021-03-30', '同意', 1, '郑为中', '2020-06-09', 'no'),
	(767, 392, '201', 765, '敏张志', '', '2019-03-27', '2021-03-27', '同意', 1, '郑为中', '2020-06-09', 'no'),
	(768, 392, '201', 766, '珍陈飞', '', '2019-03-27', '2021-03-27', '同意', 1, '郑为中', '2020-06-09', 'no'),
	(769, 392, '201', 767, '怡张欣', '', '2019-03-27', '2021-03-27', '同意', 1, '郑为中', '2020-06-09', 'no'),
	(770, 393, '201', 768, '章胡怀', '', '2019-03-27', '2021-03-27', '同意', 1, '郑为中', '2020-06-09', 'no'),
	(771, 393, '201', 769, '香邵琴', '', '2019-03-27', '2021-03-27', '同意', 1, '郑为中', '2020-06-09', 'no'),
	(772, 393, '201', 770, '成胡礼', '', '2019-03-27', '2021-03-27', '同意', 1, '郑为中', '2020-06-09', 'no'),
	(773, 411, '101', 771, '德白金', '', '2019-01-26', '2021-01-26', '同意', 1, '郑为中', '2020-07-02', 'no'),
	(774, 412, '101', 772, '长林日', '', '2019-01-26', '2021-01-26', '同意', 1, '郑为中', '2020-07-02', 'no'),
	(775, 413, '101', 773, '龙程海', '', '2018-11-30', '2021-01-26', '同意', 1, '郑为中', '2020-07-02', 'no'),
	(776, 414, '101', 774, '印陈法', '', '2019-03-26', '2021-01-26', '同意', 1, '郑为中', '2020-07-02', 'no'),
	(777, 415, '101', 775, '武徐正', '', '2019-03-05', '2021-03-05', '同意', 1, '郑为中', '2020-07-02', 'no'),
	(778, 416, '101', 776, '江沈贵', '', '2017-03-16', '2021-01-26', '同意', 1, '郑为中', '2020-07-02', 'no'),
	(779, 417, '101', 777, '峰谭险', '', '2012-03-01', '2021-03-01', '同意', 1, '郑为中', '2020-07-02', 'no'),
	(780, 418, '101', 778, '强陈强', '', '2019-06-25', '2021-01-26', '同意', 1, '郑为中', '2020-07-02', 'no'),
	(781, 420, '101', 779, '星刘卫', '', '2020-02-01', '2021-02-01', '同意', 1, '郑为中', '2020-07-02', 'no'),
	(782, 421, '101', 780, '群周利', '', '2019-08-01', '2021-01-26', '同意', 1, '郑为中', '2020-07-02', 'no'),
	(783, 422, '101', 781, '清李清', '', '2006-04-12', '2021-01-26', '同意', 1, '郑为中', '2020-07-02', 'no'),
	(784, 423, '101', 782, '进吴学', '', '2020-02-01', '2021-02-01', '同意', 1, '郑为中', '2020-07-02', 'no'),
	(785, 424, '101', 783, '磊邵磊', '', '2013-11-06', '2021-01-26', '同意', 1, '郑为中', '2020-07-02', 'no'),
	(786, 425, '101', 784, '晖吴晖', '', '2017-04-26', '2021-01-26', '同意', 1, '郑为中', '2020-07-02', 'no'),
	(787, 426, '201', 785, '玲叶亚', '', '2018-11-25', '2021-01-26', '同意', 1, '郑为中', '2020-07-02', 'no'),
	(788, 427, '201', 786, '原须原', '', '2008-02-20', '2021-02-20', '同意', 1, '郑为中', '2020-07-06', 'no'),
	(789, 428, '101', 787, '丙王玉', '', '2016-05-28', '2021-05-28', '同意', 1, '郑为中', '2020-07-06', 'no'),
	(790, 429, '101', 788, '娟朱秀', '', '2014-02-18', '2021-05-28', '同意', 1, '郑为中', '2020-07-06', 'no'),
	(791, 430, '101', 789, '照姚寂', '', '2015-10-26', '2021-02-20', '同意', 1, '郑为中', '2020-07-06', 'no'),
	(792, 432, '101', 790, '合袁四', '', '2018-06-13', '2021-02-20', '同意', 1, '郑为中', '2020-07-06', 'no'),
	(793, 433, '101', 791, '平郭小', '', '2019-07-23', '2021-02-20', '同意', 1, '郑为中', '2020-07-06', 'no'),
	(794, 434, '101', 792, '梅漆基', '', '2019-07-15', '2021-02-20', '同意', 1, '郑为中', '2020-07-06', 'no'),
	(795, 435, '101', 793, '燕高燕', '', '2007-03-15', '2021-02-20', '同意', 1, '郑为中', '2020-07-06', 'no'),
	(796, 436, '101', 794, '忠蔡忠', '', '2015-03-25', '2021-04-08', '同意', 1, '郑为中', '2020-07-06', 'no'),
	(797, 437, '101', 795, '岚盛晓', '', '2014-02-26', '2021-04-08', '同意', 1, '郑为中', '2020-07-06', 'no'),
	(798, 438, '101', 796, '伟刘建', '', '2015-09-01', '2021-04-08', '同意', 1, '郑为中', '2020-07-06', 'no'),
	(799, 439, '101', 797, '涛王洪', '', '2015-03-21', '2021-04-08', '同意', 1, '郑为中', '2020-07-06', 'no'),
	(800, 440, '101', 798, '隆吴精', '', '2016-07-15', '2021-04-08', '同意', 1, '郑为中', '2020-07-06', 'no'),
	(801, 441, '101', 799, '军吴军', '', '2016-05-13', '2021-04-08', '同意', 1, '郑为中', '2020-07-06', 'no'),
	(802, 442, '201', 800, '海郑忠', '', '2017-10-01', '2021-04-08', '同意', 1, '郑为中', '2020-07-06', 'no'),
	(803, 442, '201', 801, '巧吴巧', '', '2017-10-01', '2021-04-08', '同意', 1, '郑为中', '2020-07-06', 'no'),
	(804, 443, '101', 802, '平冯明', '', '2019-07-09', '2021-04-08', '同意', 1, '郑为中', '2020-07-06', 'no'),
	(805, 444, '101', 803, '红孙玉', '', '2018-10-22', '2021-04-08', '同意', 1, '郑为中', '2020-07-06', 'no'),
	(806, 445, '101', 804, '祥沈从', '', '2018-09-28', '2021-04-08', '同意', 1, '郑为中', '2020-07-06', 'no'),
	(807, 446, '101', 805, '生朱旺', '', '2018-09-07', '2021-04-08', '同意', 1, '郑为中', '2020-07-06', 'no'),
	(808, 447, '101', 806, '海陈文', '', '2019-11-20', '2021-04-08', '同意', 1, '郑为中', '2020-07-06', 'no'),
	(809, 448, '101', 807, '红王艳', '', '2019-11-05', '2021-04-08', '同意', 1, '郑为中', '2020-07-09', 'no'),
	(810, 448, '101', 808, '江王立', '', '2019-11-05', '2021-04-08', '同意', 1, '郑为中', '2020-07-09', 'no'),
	(811, 449, '101', 809, '琴王琴', '', '2019-11-21', '2021-04-08', '同意', 1, '郑为中', '2020-07-09', 'no'),
	(812, 450, '101', 810, '文锡文', '', '2009-09-16', '2021-04-08', '同意', 1, '郑为中', '2020-07-09', 'no'),
	(813, 452, '101', 811, '义娄义', '', '2019-03-01', '2021-04-08', '同意', 1, '郑为中', '2020-07-09', 'no'),
	(814, 451, '101', 812, '飞王玉', '', '2019-08-28', '2021-04-08', '同意', 1, '郑为中', '2020-07-09', 'no'),
	(815, 453, '101', 813, '动张劳', '', '2012-06-08', '2021-04-08', '同意', 1, '郑为中', '2020-07-09', 'no'),
	(816, 454, '101', 814, '贤柯土', '', '2019-05-14', '2021-04-08', '同意', 1, '郑为中', '2020-07-09', 'no'),
	(817, 456, '101', 815, '华李胜', '', '2019-05-24', '2021-04-08', '同意', 1, '郑为中', '2020-07-09', 'no'),
	(818, 457, '101', 816, '英顾海', '', '2019-05-21', '2021-04-08', '同意', 1, '郑为中', '2020-07-09', 'no'),
	(819, 458, '101', 817, '亮陈亮', '', '2015-11-30', '2021-04-08', '同意', 1, '郑为中', '2020-07-09', 'no'),
	(820, 459, '101', 818, '一黄一', '', '2016-08-12', '2021-04-08', '同意', 1, '郑为中', '2020-07-09', 'no'),
	(821, 460, '101', 819, '山叶宝', '', '2019-05-30', '2021-04-08', '同意', 1, '郑为中', '2020-07-09', 'no'),
	(822, 331, '0', 319, '章丁兴', '', '2019-12-31', '2020-07-09', '同意', 1, '郑为中', '2020-05-13', 'yes'),
	(823, 332, '01', 647, '菜梅爱', '', '2019-12-31', '2020-07-09', '同意', 1, '郑为中', '2020-05-25', 'yes'),
	(824, 331, '0', 318, '飞荣飞', '', '2019-12-31', '2020-07-09', '同意', 1, '郑为中', '2020-05-13', 'yes'),
	(825, 331, '0', 317, '会林后', '', '2019-12-31', '2020-07-09', '同意', 1, '郑为中', '2020-05-13', 'yes'),
	(826, 331, '0', 316, '青林叶', '', '2019-12-31', '2020-07-09', '同意', 1, '郑为中', '2020-05-13', 'yes'),
	(827, 461, '101', 820, '潇杨美', '', '2019-02-28', '2021-04-30', '同意', 1, '郑为中', '2020-07-15', 'no'),
	(828, 464, '101', 821, '件陈正', '', '2019-02-28', '2021-04-30', '同意', 1, '郑为中', '2020-07-15', 'no'),
	(829, 465, '101', 822, '坚郭志', '', '2019-02-28', '2021-04-30', '同意', 1, '郑为中', '2020-07-15', 'no'),
	(830, 466, '101', 823, '烘何邦', '', '2019-02-28', '2021-04-30', '同意', 1, '郑为中', '2020-07-15', 'no'),
	(831, 468, '101', 824, '月叶德', '', '2019-02-28', '2021-04-30', '同意', 1, '郑为中', '2020-07-15', 'no'),
	(832, 469, '101', 825, '方叶德', '', '2019-02-28', '2021-04-30', '同意', 1, '郑为中', '2020-07-15', 'no'),
	(833, 470, '101', 826, '坤吴孝', '', '2019-02-28', '2021-04-30', '同意', 1, '郑为中', '2020-07-15', 'no'),
	(834, 474, '101', 827, '标陈贤', '', '2019-02-28', '2021-04-30', '同意', 1, '郑为中', '2020-07-15', 'no'),
	(835, 479, '101', 828, '峰朱积', '', '2020-01-04', '2021-01-04', '同意', 1, '郑为中', '2020-08-20', 'no');
/*!40000 ALTER TABLE `room_tenant` ENABLE KEYS */;

-- 导出  表 forestry.select_sensor 结构
DROP TABLE IF EXISTS `select_sensor`;
CREATE TABLE IF NOT EXISTS `select_sensor` (
  `id` bigint(20) NOT NULL AUTO_INCREMENT,
  `sensor_id` int(11) DEFAULT NULL,
  `type` smallint(6) DEFAULT NULL,
  PRIMARY KEY (`id`)
) ENGINE=InnoDB DEFAULT CHARSET=utf8;

-- 正在导出表  forestry.select_sensor 的数据：~0 rows (大约)
DELETE FROM `select_sensor`;
/*!40000 ALTER TABLE `select_sensor` DISABLE KEYS */;
/*!40000 ALTER TABLE `select_sensor` ENABLE KEYS */;

-- 导出  表 forestry.sensor 结构
DROP TABLE IF EXISTS `sensor`;
CREATE TABLE IF NOT EXISTS `sensor` (
  `id` bigint(20) NOT NULL AUTO_INCREMENT,
  `epc_id` varchar(100) DEFAULT NULL,
  `xcoordinate` double DEFAULT NULL,
  `ycoordinate` double DEFAULT NULL,
  `sensor_id` int(11) DEFAULT NULL,
  `type` smallint(6) DEFAULT NULL,
  PRIMARY KEY (`id`)
) ENGINE=InnoDB AUTO_INCREMENT=201 DEFAULT CHARSET=utf8;

-- 正在导出表  forestry.sensor 的数据：~179 rows (大约)
DELETE FROM `sensor`;
/*!40000 ALTER TABLE `sensor` DISABLE KEYS */;
INSERT INTO `sensor` (`id`, `epc_id`, `xcoordinate`, `ycoordinate`, `sensor_id`, `type`) VALUES
	(1, '67522715.0100001.1', 100.125, 137.75, 16385, 1),
	(2, '67522715.0100001.2', 101.375, 138.375, 554602, 2),
	(3, '67522715.0100001.3', 101.375, 139.15625, 554603, 2),
	(4, '67522715.0100001.4', 104.6875, 138.9375, 554604, 2),
	(5, '67522715.0100001.5', 103.8125, 140.40625, 554605, 2),
	(6, '67522715.0100001.6', 107.37, 148, 554606, 2),
	(7, '67522715.0100001.7', 110.25, 149.62, 554607, 2),
	(8, '67522715.0100001.8', 112, 151.8, 554608, 2),
	(9, '67522715.0100001.9', 114, 149, 554609, 2),
	(10, NULL, 115, 148, 554610, NULL),
	(11, '67522715.0100001.11', 115.5, 148.2, 554611, 2),
	(12, '67522715.0100001.12', 116, 147.5, 554612, 2),
	(13, '67522715.0100001.13', 115.5, 147.4, 554613, 2),
	(14, '67522715.0100001.14', 110, 148, 554614, 2),
	(15, '67522715.0100001.15', 110.5, 148, 554615, 2),
	(16, '67522715.0100001.16', 111, 147.8, 554616, 2),
	(17, '67522715.0100001.17', 111.5, 147.8, 554617, 2),
	(18, '67522715.0100001.18', 111, 147.4, 554618, 2),
	(19, '67522715.0100001.19', 111, 147.2, 554619, 2),
	(20, '67522715.0100001.20', 107, 147, 554620, 2),
	(21, '67522715.0100001.21', 107, 147.2, 554621, 2),
	(22, '67522715.0100001.22', 106, 147.1, 554622, 2),
	(23, '67522715.0100001.23', 106.5, 147.2, 554623, 2),
	(24, '67522715.0100001.24', 108, 147.2, 554624, 2),
	(25, '67522715.0100001.25', 111, 147.2, 554625, 2),
	(26, '67522715.0100001.26', 111.5, 147.2, 554626, 2),
	(27, '67522715.0100001.27', 111.5, 147.1, 554627, 2),
	(28, '67522715.0100001.28', 111.6, 147.2, 554628, 2),
	(29, '67522715.0100001.29', 110, 147.1, 554629, 2),
	(30, '67522715.0100001.30', 110, 147, 554630, 2),
	(31, '67522715.0100001.31', 107, 147, 554631, 2),
	(32, '67522715.0100001.32', 90, 149, 554632, 2),
	(33, '67522715.0100001.33', 90, 150, 554633, 2),
	(34, '67522715.0100001.34', 90, 150, 554634, 2),
	(35, '67522715.0100001.35', 90, 152, 554635, 2),
	(36, '67522715.0100001.36', 90, 152, 554636, 2),
	(37, '67522715.0100001.37', 94, 156, 554637, 2),
	(38, '67522715.0100001.38', 86, 157, 554638, 2),
	(39, '67522715.0100001.39', 84, 157, 554639, 2),
	(40, '67522715.0100001.40', 94, 157, 554640, 2),
	(41, '67522715.0100001.41', 84, 158, 554641, 2),
	(42, '67522715.0100001.42', 108, 155, 554642, 2),
	(43, '67522715.0100001.43', 100, 154, 554643, 2),
	(44, '67522715.0100001.44', 90, 147, 554644, 2),
	(45, '67522715.0100001.45', 88, 146.5, 554645, 2),
	(46, '67522715.0100001.46', 88, 146, 554646, 2),
	(47, '67522715.0100001.47', 88, 146, 554647, 2),
	(48, '67522715.0100001.48', 88, 146, 554648, 2),
	(49, '67522715.0100001.49', 88, 145.5, 554649, 2),
	(50, '67522715.0100001.50', 88, 145.5, 554650, 2),
	(51, '67522715.0100001.51 ', 108.3125, 138.21875, 555501, 2),
	(54, '67522715.0100001.54 ', 108.59, 129.62, 555502, 2),
	(55, '67522715.0100001.55 ', 108.3125, 137.25, 38435, 2),
	(56, '67522715.0100001.56 ', 106.75, 134.09375, 612854, 2),
	(57, '67522715.0100001.57', 94, 121.5, 328101, 2),
	(58, '67522715.0100001.58 ', 106.65625, 135.3125, 375648, 2),
	(59, '67522715.0100001.59', 95, 123, 328102, 2),
	(60, '67522715.0100001.60', 87, 121, 328103, 2),
	(61, '67522715.0100001.61', 82, 122, 328104, 2),
	(62, '67522715.0100001.62 ', 108.59, 130.71, 541284, 2),
	(63, '67522715.0100001.63 ', 108.34375, 133.15625, 89553, 2),
	(64, '67522715.0100001.64 ', 106.6875, 133.46875, 150640, 2),
	(65, '67522715.0100001.65', 90, 121, 328105, 2),
	(66, '67522715.0100001.66', 91.8, 119, 328106, 2),
	(67, '67522715.0100001.67', 90, 118, 328107, 2),
	(68, '67522715.0100001.68 ', 108.49, 127.53, 16961, 2),
	(69, '67522715.0100001.69', 91.8, 117, 328108, 2),
	(70, '67522715.0100001.70', 90, 116, 328109, 2),
	(71, '67522715.0100001.71', 91.8, 115, 328110, 2),
	(72, '67522715.0100001.72', 90, 115.5, 328111, 2),
	(76, '67522715.0100001.76', 99, 121.5, 328112, 2),
	(77, '67522715.0100001.77', 101, 124, 328113, 2),
	(78, '67522715.0100001.78', 103, 122, 328114, 2),
	(79, '67522715.0100001.79', 103, 125, 328115, 2),
	(80, '67522715.0100001.80', 106, 125, 328116, 2),
	(81, '67522715.0100001.81', 100, 121, 328117, 2),
	(84, '67522715.0100001.84', 96, 121.5, 328118, 2),
	(85, '67522715.0100001.85', 97, 123, 328119, 2),
	(86, '67522715.0100001.86', 91.8, 114.5, 328120, 2),
	(87, '67522715.0100001.87', 98, 121.5, 328121, 2),
	(88, '67522715.0100001.88', 90, 113, 328122, 2),
	(89, '67522715.0100001.89', 91.8, 112, 328123, 2),
	(90, '67522715.0100001.90', 90, 111, 328124, 2),
	(91, '67522715.0100001.91', 91.8, 110, 328125, 2),
	(92, '67522715.0100001.92', 90, 119, 328126, 2),
	(93, '67522715.0100001.93', 91.8, 108, 328127, 2),
	(94, '67522715.0100001.94', 90, 108, 328128, 2),
	(95, '67522715.0100001.95', 90, 107, 101290, 2),
	(96, '67522715.0100001.96', 90, 106, 101292, 2),
	(97, '67522715.0100001.97', 91.8, 106, 329107, 2),
	(98, '67522715.0100001.98', 91.8, 105.5, 329108, 2),
	(99, '67522715.0100001.99', 90, 105, 329109, 2),
	(100, '67522715.0100001.100', 91.8, 104.5, 329110, 2),
	(101, '67522715.0100001.101', 90, 104, 329111, 2),
	(102, '67522715.0100001.102', 91.8, 103, 329112, 2),
	(103, '67522715.0100001.103', 91.8, 101, 329113, 2),
	(104, '67522715.0100001.104', 93, 100.5, 329114, 2),
	(105, '67522715.0100001.105', 95, 100.5, 329115, 2),
	(106, '67522715.0100001.106', 97, 100.5, 329116, 2),
	(107, '67522715.0100001.107', 99, 100.5, 329117, 2),
	(108, '67522715.0100001.108', 101, 100.5, 329118, 2),
	(109, '67522715.0100001.109', 102, 102, 329119, 2),
	(110, '67522715.0100001.110', 102, 103, 329120, 2),
	(111, '67522715.0100001.111', 100, 104, 329121, 2),
	(112, '67522715.0100001.112', 100, 105, 329122, 2),
	(113, '67522715.0100001.113', 102, 106, 329123, 2),
	(114, '67522715.0100001.114', 100, 107, 329124, 2),
	(115, '67522715.0100001.115', 102, 109, 329125, 2),
	(116, '67522715.0100001.116', 100, 108, 329126, 2),
	(117, '67522715.0100001.117', 100.26, 108.72, 329127, 2),
	(118, '67522715.0100001.118', 102, 111, 175000, 2),
	(119, '67522715.0100001.119', 85, 119, 175500, 2),
	(120, '67522715.0100001.120', 99.5, 109.4, 175545, 2),
	(121, '67522715.0100001.121', 99, 108, 329128, 2),
	(122, '67522715.0100001.122', 98, 109, 329129, 2),
	(123, '67522715.0100001.123', 97, 108, 329130, 2),
	(124, '67522715.0100001.124', 96, 109, 329131, 2),
	(125, '67522715.0100001.125', 95, 109, 329132, 2),
	(126, '67522715.0100001.126', 94, 108, 329133, 2),
	(127, '67522715.0100001.127', 93, 109, 329134, 2),
	(128, '67522715.0100001.128', 92, 108, 329135, 2),
	(129, '67522715.0100001.129', 92, 109, 329136, 2),
	(130, '67522715.0100001.130', 90, 108, 329137, 2),
	(131, '67522715.0100001.131', 87, 121, 329138, 2),
	(132, '67522715.0100001.132', 85, 119, 329139, 2),
	(133, '67522715.0100001.133', 78, 118, 174000, 2),
	(134, '67522715.0100001.134', 85, 112, 175000, 2),
	(135, '67522715.0100001.135', 85, 110, 175000, 2),
	(136, '67522715.0100001.136', 78, 107, 174460, 2),
	(151, '67522715.0100001.151', 88, 145, 546151, 2),
	(152, '67522715.0100001.152', 96, 146.5, 546152, 2),
	(153, '67522715.0100001.153', 96, 146.5, 546153, 2),
	(154, '67522715.0100001.154', 96, 144, 546154, 2),
	(155, '67522715.0100001.155', 92, 147, 546155, 2),
	(156, '67522715.0100001.156', 92, 146.5, 546156, 2),
	(157, '67522715.0100001.157', 88, 143.5, 546157, 2),
	(158, '67522715.0100001.158', 90, 142, 546158, 2),
	(159, '67522715.0100001.159', 92, 142.5, 546159, 2),
	(160, '67522715.0100001.160', 92, 142.5, 546160, 2),
	(161, '67522715.0100001.161', 94, 142.5, 546161, 2),
	(162, '67522715.0100001.162', 94, 142.5, 546162, 2),
	(163, '67522715.0100001.163', 88, 141.5, 546163, 2),
	(164, '67522715.0100001.164', 88, 141.5, 546164, 2),
	(165, '67522715.0100001.165', 92, 140.5, 546165, 2),
	(166, '67522715.0100001.166', 92, 140, 16386, 1),
	(167, '67522715.0100001.167', 88, 140.5, 546167, 2),
	(168, '67522715.0100001.168', 82, 140, 546168, 2),
	(169, '67522715.0100001.169', 82, 140, 546169, 2),
	(170, '67522715.0100001.170', 80, 140, 546170, 2),
	(171, '67522715.0100001.171', 70, 140, 546171, 2),
	(172, '67522715.0100001.172', 62, 140, 546172, 2),
	(173, '67522715.0100001.173', 56, 140, 546173, 2),
	(174, '67522715.0100001.174', 50, 140.5, 546174, 2),
	(175, '67522715.0100001.175', 48, 140.5, 546175, 2),
	(176, '67522715.0100001.176', 46, 140.5, 546176, 2),
	(177, '67522715.0100001.177', 46, 146, 546177, 2),
	(178, '67522715.0100001.178', 46, 147, 546178, 2),
	(179, '67522715.0100001.179', 46, 150, 546179, 2),
	(180, '67522715.0100001.180', 46, 151, 546180, 2),
	(181, '67522715.0100001.181', 48, 151, 546181, 2),
	(182, '67522715.0100001.182', 44, 151, 546182, 2),
	(183, '67522715.0100001.183', 102, 140, 546183, 2),
	(184, '67522715.0100001.184', 108, 140, 546184, 2),
	(185, '67522715.0100001.185', 110, 140, 546185, 2),
	(186, '67522715.0100001.186', 112, 140, 546186, 2),
	(187, '67522715.0100001.187', 114, 140, 546187, 2),
	(188, '67522715.0100001.188', 114, 141.5, 546188, 2),
	(189, '67522715.0100001.189', 114, 141.5, 546189, 2),
	(190, '67522715.0100001.190', 116, 142.5, 546190, 2),
	(191, '67522715.0100001.191', 116, 144, 546191, 2),
	(192, '67522715.0100001.192', 116, 146, 546192, 2),
	(193, '67522715.0100001.193', 116, 146.5, 546193, 2),
	(194, '67522715.0100001.194', 118, 147, 546194, 2),
	(195, '67522715.0100001.195', 122, 146.5, 546195, 2),
	(196, '67522715.0100001.196', 112, 146.5, 546196, 2),
	(197, '67522715.0100001.197', 112, 145.5, 546197, 2),
	(198, '67522715.0100001.198', 112, 145, 546198, 2),
	(199, '67522715.0100001.199', 112, 143, 546199, 2),
	(200, '67522715.0100001.200', 112, 142.5, 546200, 2);
/*!40000 ALTER TABLE `sensor` ENABLE KEYS */;

-- 导出  表 forestry.sensor_data 结构
DROP TABLE IF EXISTS `sensor_data`;
CREATE TABLE IF NOT EXISTS `sensor_data` (
  `id` bigint(20) NOT NULL AUTO_INCREMENT,
  `record_time` timestamp NULL DEFAULT NULL ON UPDATE CURRENT_TIMESTAMP,
  `sensor_id` int(11) DEFAULT NULL,
  `sensor_type` smallint(6) DEFAULT NULL,
  `sensor_value` double DEFAULT NULL,
  PRIMARY KEY (`id`)
) ENGINE=InnoDB AUTO_INCREMENT=1352 DEFAULT CHARSET=utf8;

-- 正在导出表  forestry.sensor_data 的数据：~152 rows (大约)
DELETE FROM `sensor_data`;
/*!40000 ALTER TABLE `sensor_data` DISABLE KEYS */;
INSERT INTO `sensor_data` (`id`, `record_time`, `sensor_id`, `sensor_type`, `sensor_value`) VALUES
	(1200, '2014-08-04 06:06:01', 21862, 2, 0),
	(1201, '2014-08-04 06:06:01', 21862, 3, 0),
	(1202, '2014-08-04 06:06:01', 16387, 1, 32),
	(1203, '2014-08-04 06:06:01', 16387, 2, 75.4),
	(1204, '2014-08-04 06:06:01', 16387, 3, 0),
	(1205, '2014-08-04 06:06:01', 16386, 1, 31.9),
	(1206, '2014-08-04 06:06:01', 16386, 2, 82.6),
	(1207, '2014-08-04 06:06:01', 16386, 3, 0),
	(1208, '2014-08-04 06:53:51', 21862, 1, 0.3),
	(1209, '2014-08-04 06:53:51', 21862, 2, 0),
	(1210, '2014-08-04 06:53:51', 21862, 3, 0),
	(1211, '2014-08-04 06:53:51', 16387, 1, 32),
	(1212, '2014-08-04 06:53:51', 16387, 2, 75.5),
	(1213, '2014-08-04 06:53:51', 16387, 3, 0),
	(1214, '2014-08-04 06:53:51', 16386, 1, 31.9),
	(1215, '2014-08-04 06:53:51', 16386, 2, 82.7),
	(1216, '2014-08-04 06:53:51', 16386, 3, 0),
	(1217, '2014-08-04 07:41:41', 21862, 1, 0.3),
	(1218, '2014-08-04 07:41:41', 21862, 2, 0),
	(1219, '2014-08-04 07:41:41', 21862, 3, 0),
	(1220, '2014-08-04 07:41:41', 16387, 1, 32),
	(1221, '2014-08-04 07:41:41', 16387, 2, 75.8),
	(1222, '2014-08-04 07:41:41', 16387, 3, 0),
	(1223, '2014-08-04 07:41:41', 16386, 1, 31.8),
	(1224, '2014-08-04 07:41:41', 16386, 2, 82.8),
	(1225, '2014-08-04 07:41:41', 16386, 3, 0),
	(1226, '2014-08-04 08:29:35', 21862, 1, 0.2),
	(1227, '2014-08-04 08:29:35', 21862, 2, 0),
	(1228, '2014-08-04 08:29:35', 21862, 3, 0),
	(1229, '2014-08-04 08:29:35', 16386, 1, 31.8),
	(1230, '2014-08-04 08:29:35', 16386, 2, 82.9),
	(1231, '2014-08-04 08:29:35', 16386, 3, 0),
	(1232, '2014-08-04 08:29:35', 16387, 1, 32),
	(1233, '2014-08-04 08:29:35', 16387, 2, 75.8),
	(1234, '2014-08-04 08:29:35', 16387, 3, 0),
	(1235, '2014-08-04 09:17:24', 21862, 1, 0.2),
	(1236, '2014-08-04 09:17:24', 21862, 2, 0),
	(1237, '2014-08-04 09:17:24', 21862, 3, 0),
	(1238, '2014-08-04 09:17:24', 16386, 1, 31.9),
	(1239, '2014-08-04 09:17:24', 16386, 2, 83.1),
	(1240, '2014-08-04 09:17:24', 16386, 3, 0),
	(1241, '2014-08-04 09:17:24', 16387, 1, 32),
	(1242, '2014-08-04 09:17:24', 16387, 2, 75.7),
	(1243, '2014-08-04 09:17:24', 16387, 3, 0),
	(1244, '2014-08-04 10:05:17', 21862, 1, 0.2),
	(1245, '2014-08-04 10:05:17', 21862, 2, 0),
	(1246, '2014-08-04 10:05:17', 21862, 3, 0),
	(1247, '2014-08-04 10:05:17', 16386, 1, 30.6),
	(1248, '2014-08-04 10:05:17', 16386, 2, 67.5),
	(1249, '2014-08-04 10:05:17', 16386, 3, 0),
	(1250, '2014-08-04 10:05:17', 16387, 1, 31.4),
	(1251, '2014-08-04 10:05:17', 16387, 2, 63.6),
	(1252, '2014-08-04 10:05:17', 16387, 3, 0),
	(1253, '2014-08-04 11:41:35', 21862, 1, 0.3),
	(1254, '2014-08-04 11:41:35', 21862, 2, 0),
	(1255, '2014-08-04 11:41:35', 21862, 3, 0),
	(1256, '2014-08-04 11:41:35', 16387, 1, 29.3),
	(1257, '2014-08-04 11:41:35', 16387, 2, 60.8),
	(1258, '2014-08-04 11:41:35', 16387, 3, 0),
	(1259, '2014-08-04 11:41:35', 16386, 1, 28.5),
	(1260, '2014-08-04 11:41:35', 16386, 2, 69.3),
	(1261, '2014-08-04 11:41:35', 16386, 3, 0),
	(1262, '2014-08-04 12:29:33', 21862, 1, 0.3),
	(1263, '2014-08-04 12:29:33', 21862, 2, 0),
	(1264, '2014-08-04 12:29:33', 21862, 3, 0),
	(1265, '2014-08-04 12:29:33', 16387, 1, 28.8),
	(1266, '2014-08-04 12:29:33', 16387, 2, 58),
	(1267, '2014-08-04 12:29:33', 16387, 3, 0),
	(1268, '2014-08-04 12:29:33', 16386, 1, 28.2),
	(1269, '2014-08-04 12:29:33', 16386, 2, 63),
	(1270, '2014-08-04 12:29:33', 16386, 3, 0),
	(1271, '2014-08-04 13:17:28', 21862, 1, 0.3),
	(1272, '2014-08-04 13:17:28', 21862, 2, 0),
	(1273, '2014-08-04 13:17:28', 21862, 3, 0),
	(1274, '2014-08-04 13:17:28', 16387, 1, 28.3),
	(1275, '2014-08-04 13:17:28', 16387, 2, 49.7),
	(1276, '2014-08-04 13:17:28', 16387, 3, 0),
	(1277, '2014-08-04 13:17:28', 16386, 1, 27.6),
	(1278, '2014-08-04 13:17:28', 16386, 2, 56.2),
	(1279, '2014-08-04 13:17:28', 16386, 3, 0),
	(1280, '2014-08-04 14:05:24', 21862, 1, 0.2),
	(1281, '2014-08-04 14:05:24', 21862, 2, 0),
	(1282, '2014-08-04 14:05:24', 21862, 3, 0),
	(1283, '2014-08-04 14:05:24', 16386, 1, 28.1),
	(1284, '2014-08-04 14:05:24', 16386, 2, 64.9),
	(1285, '2014-08-04 14:05:24', 16386, 3, 0),
	(1286, '2014-08-04 14:05:24', 16387, 1, 28.3),
	(1287, '2014-08-04 14:05:24', 16387, 2, 58.8),
	(1288, '2014-08-04 14:05:24', 16387, 3, 0),
	(1289, '2014-08-04 14:53:37', 21862, 1, 0.3),
	(1290, '2014-08-04 14:53:37', 21862, 2, 0),
	(1291, '2014-08-04 14:53:37', 21862, 3, 0),
	(1292, '2014-08-04 14:53:37', 16387, 1, 27.9),
	(1293, '2014-08-04 14:53:37', 16387, 2, 46.7),
	(1294, '2014-08-04 14:53:37', 16387, 3, 0),
	(1295, '2014-08-04 14:53:37', 16386, 1, 27.4),
	(1296, '2014-08-04 14:53:37', 16386, 2, 56.1),
	(1297, '2014-08-04 14:53:37', 16386, 3, 0),
	(1298, '2014-08-04 15:41:34', 21862, 1, 0.3),
	(1299, '2014-08-04 15:41:34', 21862, 2, 0),
	(1300, '2014-08-04 15:41:34', 21862, 3, 0),
	(1301, '2014-08-04 15:41:34', 16387, 1, 28),
	(1302, '2014-08-04 15:41:34', 16387, 2, 60.6),
	(1303, '2014-08-04 15:41:34', 16387, 3, 0),
	(1304, '2014-08-04 15:41:34', 16386, 1, 28),
	(1305, '2014-08-04 15:41:34', 16386, 2, 67.3),
	(1306, '2014-08-04 15:41:34', 16386, 3, 0),
	(1307, '2014-08-04 16:29:29', 21862, 1, 0.2),
	(1308, '2014-08-04 16:29:29', 21862, 2, 0),
	(1309, '2014-08-04 16:29:29', 21862, 3, 0),
	(1310, '2014-08-04 16:29:29', 16386, 1, 28.5),
	(1311, '2014-08-04 16:29:29', 16386, 2, 69.6),
	(1312, '2014-08-04 16:29:29', 16386, 3, 0),
	(1313, '2014-08-04 16:29:29', 16387, 1, 28.4),
	(1314, '2014-08-04 16:29:29', 16387, 2, 63.5),
	(1315, '2014-08-04 16:29:29', 16387, 3, 0),
	(1316, '2014-08-04 17:17:23', 21862, 1, 0.2),
	(1317, '2014-08-04 17:17:23', 21862, 2, 0),
	(1318, '2014-08-04 17:17:23', 21862, 3, 0),
	(1319, '2014-08-04 17:17:23', 16386, 1, 28.5),
	(1320, '2014-08-04 17:17:23', 16386, 2, 68.9),
	(1321, '2014-08-04 17:17:23', 16386, 3, 0),
	(1322, '2014-08-04 17:17:23', 16387, 1, 28.6),
	(1323, '2014-08-04 17:17:23', 16387, 2, 62.5),
	(1324, '2014-08-04 17:17:23', 16387, 3, 0),
	(1325, '2014-08-04 18:05:20', 21862, 1, 0.2),
	(1326, '2014-08-04 18:05:20', 21862, 2, 0),
	(1327, '2014-08-04 18:05:20', 21862, 3, 0),
	(1328, '2014-08-04 18:05:20', 16386, 1, 29),
	(1329, '2014-08-04 18:05:20', 16386, 2, 73.3),
	(1330, '2014-08-04 18:05:20', 16386, 3, 0),
	(1331, '2014-08-04 18:05:20', 16387, 1, 28.9),
	(1332, '2014-08-04 18:05:20', 16387, 2, 66.2),
	(1333, '2014-08-04 18:05:20', 16387, 3, 0),
	(1334, '2014-08-04 18:53:21', 21862, 1, 0.3),
	(1335, '2014-08-04 18:53:21', 21862, 2, 0),
	(1336, '2014-08-04 18:53:21', 21862, 3, 0),
	(1337, '2014-08-04 18:53:21', 16387, 1, 29.4),
	(1338, '2014-08-04 18:53:21', 16387, 2, 68),
	(1339, '2014-08-04 18:53:21', 16387, 3, 0),
	(1340, '2014-08-04 18:53:21', 16386, 1, 29.7),
	(1341, '2014-08-04 18:53:21', 16386, 2, 74.6),
	(1342, '2014-08-04 18:53:21', 16386, 3, 0),
	(1343, '2014-08-04 19:41:22', 21862, 1, 0.3),
	(1344, '2014-08-04 19:41:22', 21862, 2, 0),
	(1345, '2014-08-04 19:41:22', 21862, 3, 0),
	(1346, '2014-08-04 19:41:22', 16387, 1, 29.9),
	(1347, '2014-08-04 19:41:22', 16387, 2, 69),
	(1348, '2014-08-04 19:41:22', 16387, 3, 0),
	(1349, '2014-08-04 19:41:22', 16386, 1, 30.1),
	(1350, '2014-08-04 19:41:22', 16386, 2, 75),
	(1351, '2014-08-04 19:41:22', 16386, 3, 0);
/*!40000 ALTER TABLE `sensor_data` ENABLE KEYS */;

-- 导出  表 forestry.sensor_lastdata 结构
DROP TABLE IF EXISTS `sensor_lastdata`;
CREATE TABLE IF NOT EXISTS `sensor_lastdata` (
  `id` bigint(20) NOT NULL AUTO_INCREMENT,
  `sensor_id` int(11) DEFAULT NULL,
  `sensor_lastvalue` double DEFAULT NULL,
  `sensor_type` smallint(6) DEFAULT NULL,
  `update_time` timestamp NULL DEFAULT NULL ON UPDATE CURRENT_TIMESTAMP,
  PRIMARY KEY (`id`)
) ENGINE=InnoDB AUTO_INCREMENT=23 DEFAULT CHARSET=utf8;

-- 正在导出表  forestry.sensor_lastdata 的数据：~12 rows (大约)
DELETE FROM `sensor_lastdata`;
/*!40000 ALTER TABLE `sensor_lastdata` DISABLE KEYS */;
INSERT INTO `sensor_lastdata` (`id`, `sensor_id`, `sensor_lastvalue`, `sensor_type`, `update_time`) VALUES
	(11, 16385, 25.1, 1, '2014-08-01 00:50:09'),
	(12, 16385, 25.1, 2, '2014-08-01 00:50:09'),
	(13, 16385, 251, 3, '2014-08-01 00:50:09'),
	(14, 16386, 30.1, 1, '2014-08-04 19:41:22'),
	(15, 16386, 75, 2, '2014-08-04 19:41:22'),
	(16, 16386, 0, 3, '2014-08-04 19:41:22'),
	(17, 21862, 0.3, 1, '2014-08-04 19:41:22'),
	(18, 21862, 0, 2, '2014-08-04 19:41:22'),
	(19, 21862, 0, 3, '2014-08-04 19:41:22'),
	(20, 16387, 29.9, 1, '2014-08-04 19:41:22'),
	(21, 16387, 69, 2, '2014-08-04 19:41:22'),
	(22, 16387, 0, 3, '2014-08-04 19:41:22');
/*!40000 ALTER TABLE `sensor_lastdata` ENABLE KEYS */;

-- 导出  表 forestry.sys_user 结构
DROP TABLE IF EXISTS `sys_user`;
CREATE TABLE IF NOT EXISTS `sys_user` (
  `id` int(11) NOT NULL AUTO_INCREMENT,
  `email` varchar(30) DEFAULT NULL,
  `last_logintime` datetime DEFAULT NULL,
  `password` varchar(32) NOT NULL,
  `real_name` varchar(30) DEFAULT NULL,
  `role` smallint(6) NOT NULL,
  `tel` varchar(15) DEFAULT NULL,
  `user_name` varchar(50) NOT NULL,
  `departmentId` bigint(20) NOT NULL DEFAULT '-1' COMMENT '部门ID',
  `departmentName` varchar(50) NOT NULL DEFAULT '' COMMENT '部门名',
  `userGrade` varchar(30) DEFAULT '2级' COMMENT '1级：数据可以跨部门，2级：数据仅限本部门，3级：房东',
  PRIMARY KEY (`id`),
  UNIQUE KEY `UK_cb0fsvip6qow952a07et2k9xv` (`user_name`)
) ENGINE=InnoDB AUTO_INCREMENT=70 DEFAULT CHARSET=utf8;

-- 正在导出表  forestry.sys_user 的数据：~63 rows (大约)
DELETE FROM `sys_user`;
/*!40000 ALTER TABLE `sys_user` DISABLE KEYS */;
INSERT INTO `sys_user` (`id`, `email`, `last_logintime`, `password`, `real_name`, `role`, `tel`, `user_name`, `departmentId`, `departmentName`, `userGrade`) VALUES
	(1, '888@qq.com', '2021-01-31 12:57:32', 'e10adc3949ba59abbe56e057f20f883e', '郑为中', 1, '17857054386', 'admin', -1, '', '1级'),
	(3, '', '2020-05-13 19:43:06', 'ebebac9be2ce02a03393df17e6b4b959', '奎谢建', 2, '15866661918', '奎谢建', 7, '长街村', '1级'),
	(4, '', NULL, 'ebebac9be2ce02a03393df17e6b4b959', '霞吕远', 2, '13566661677', '霞吕远', 9, '洋湖村', '2级'),
	(5, '', '2020-05-01 22:22:03', 'ebebac9be2ce02a03393df17e6b4b959', '定冯先', 2, '18866666054', '定冯先', 11, '石桥头', '1级'),
	(6, '', NULL, 'ebebac9be2ce02a03393df17e6b4b959', '青王建', 2, '13566662334', '青王建', 10, '车岙村', '2级'),
	(7, '', NULL, 'ebebac9be2ce02a03393df17e6b4b959', '飞陈龙', 2, '13866665253', '飞陈龙', 13, '西岙村', '2级'),
	(8, '', NULL, 'ebebac9be2ce02a03393df17e6b4b959', '常吴委', 2, '15866667899', '常吴委', 14, '城塘村', '2级'),
	(9, '', NULL, 'ebebac9be2ce02a03393df17e6b4b959', '群杨巧', 2, '13966663065', '群杨巧', 15, '山前村', '2级'),
	(10, '', NULL, 'ebebac9be2ce02a03393df17e6b4b959', '理顾爱', 2, '13366667112', '理顾爱', 20, '大湖村', '2级'),
	(11, '', NULL, 'ebebac9be2ce02a03393df17e6b4b959', '萍葛巧', 2, '13566668645', '萍葛巧', 19, '塘里村', '2级'),
	(12, '', NULL, 'ebebac9be2ce02a03393df17e6b4b959', '兰王美', 2, '13866663088', '兰王美', 16, '大祝村', '2级'),
	(13, '', NULL, 'ebebac9be2ce02a03393df17e6b4b959', '鑫孙万', 2, '15066663688', '鑫孙万', 18, '南塘村', '2级'),
	(14, '', NULL, 'ebebac9be2ce02a03393df17e6b4b959', '吉陈荣', 2, '13466667640', '吉陈荣', 17, '浦东村', '2级'),
	(15, '', NULL, 'ebebac9be2ce02a03393df17e6b4b959', '进高先', 2, '13366666886', '进高先', 24, '岳井村', '2级'),
	(16, '', NULL, 'ebebac9be2ce02a03393df17e6b4b959', '甫朱建', 2, '13566665312', '甫朱建', 21, '新塘村', '2级'),
	(17, '', NULL, 'ebebac9be2ce02a03393df17e6b4b959', '畅周辛', 2, '18166665022', '畅周辛', 26, '对岙洞村', '2级'),
	(18, '', NULL, 'ebebac9be2ce02a03393df17e6b4b959', '坚周永', 2, '18966665277', '坚周永', 25, '岳墩村', '2级'),
	(19, '', '2020-04-01 16:33:33', 'ebebac9be2ce02a03393df17e6b4b959', '闪鲍银', 2, '13166662150', '闪鲍银', 27, '上塘村', '2级'),
	(20, '', NULL, 'ebebac9be2ce02a03393df17e6b4b959', '钱王秀', 2, '13566667424', '钱王秀', 23, '李家庄村', '2级'),
	(21, '', NULL, 'ebebac9be2ce02a03393df17e6b4b959', '双俞双', 2, '15866660603', '双俞双', 22, '隔洋塘村', '2级'),
	(22, '', NULL, 'ebebac9be2ce02a03393df17e6b4b959', '平陈通', 2, '13766668492', '平陈通', 28, '伍山村', '2级'),
	(23, '', NULL, 'ebebac9be2ce02a03393df17e6b4b959', '根金崇', 2, '13366665607', '根金崇', 30, '下湾塘村', '2级'),
	(24, '', '2020-05-13 18:52:47', 'ebebac9be2ce02a03393df17e6b4b959', '琴林慧', 2, '13166661278', '琴林慧', 31, '月兰村', '2级'),
	(25, '', NULL, 'ebebac9be2ce02a03393df17e6b4b959', '勇梁良', 2, '13366663709', '勇梁良', 32, '长胜村', '2级'),
	(26, '', NULL, 'ebebac9be2ce02a03393df17e6b4b959', '友屈涵', 2, '13966667168', '友屈涵', 29, '向阳村', '2级'),
	(27, '', NULL, 'ebebac9be2ce02a03393df17e6b4b959', '平郑志', 2, '15866664317', '平郑志', 33, '下塘村', '2级'),
	(28, '', NULL, 'ebebac9be2ce02a03393df17e6b4b959', '珊张婵', 2, '15266665193', '珊张婵', 36, '新城村', '2级'),
	(29, '', NULL, 'ebebac9be2ce02a03393df17e6b4b959', '杨祝申', 2, '13566664398', '杨祝申', 39, '湘田山村', '2级'),
	(30, '', NULL, 'ebebac9be2ce02a03393df17e6b4b959', '云陈亚', 2, '13366667078', '云陈亚', 34, '总浦塘村', '2级'),
	(31, '', '2020-03-27 15:59:59', 'ebebac9be2ce02a03393df17e6b4b959', '芽胡茶', 2, '13966665615', '芽胡茶', 37, '龙山村', '2级'),
	(32, '', NULL, 'ebebac9be2ce02a03393df17e6b4b959', '晓叶晓', 2, '13766661858', '晓叶晓', 35, '宁东村', '2级'),
	(33, '', NULL, 'ebebac9be2ce02a03393df17e6b4b959', '琴胡海', 2, '13566668149', '琴胡海', 40, '五福村', '2级'),
	(35, '', NULL, 'ebebac9be2ce02a03393df17e6b4b959', '金冯宗', 2, '13966665025', '金冯宗', 41, '山头村', '2级'),
	(36, '', NULL, 'ebebac9be2ce02a03393df17e6b4b959', '杰侯崇', 2, '15866663569', '杰侯崇', 42, '双家村', '2级'),
	(37, '', NULL, 'ebebac9be2ce02a03393df17e6b4b959', '兵陈和', 2, '15866663444', '兵陈和', 43, '平原村', '2级'),
	(38, '', NULL, 'ebebac9be2ce02a03393df17e6b4b959', '明冯宗', 2, '13566666363', '明冯宗', 44, '大青村', '2级'),
	(39, '', NULL, 'ebebac9be2ce02a03393df17e6b4b959', '燕泮春', 2, '15066663435', '燕泮春', 45, '东港村', '2级'),
	(40, '', NULL, 'ebebac9be2ce02a03393df17e6b4b959', '露李露', 2, '13566665760', '露李露', 46, '港中村', '2级'),
	(41, '', NULL, 'ebebac9be2ce02a03393df17e6b4b959', '霞叶巧', 2, '18866666072', '霞叶巧', 47, '青珠村', '2级'),
	(42, '', NULL, 'ebebac9be2ce02a03393df17e6b4b959', '松林根', 2, '13966663262', '松林根', 49, '新五星村', '2级'),
	(43, '', NULL, 'ebebac9be2ce02a03393df17e6b4b959', '江王杏', 2, '13866666647', '江王杏', 50, '文围村', '2级'),
	(44, '', NULL, 'ebebac9be2ce02a03393df17e6b4b959', '星缪文', 2, '13366665527', '星缪文', 51, '新南村', '2级'),
	(45, '', '2020-05-13 19:42:17', 'ebebac9be2ce02a03393df17e6b4b959', '海许小', 2, '18866666296', '海许小', 8, '长街九江村', '2级'),
	(46, '', '2020-03-29 11:42:43', 'ebebac9be2ce02a03393df17e6b4b959', '高陈良', 2, '15966660631', '高陈良', 38, '连浦村', '2级'),
	(48, '', '2020-05-05 12:47:09', 'ebebac9be2ce02a03393df17e6b4b959', '茜葛倩', 2, '18266667373', '茜葛倩', 5, '开发区', '2级'),
	(49, '', '2020-05-15 05:46:53', 'ebebac9be2ce02a03393df17e6b4b959', '威周威', 2, '15866665753', '威周威', 5, '开发区', '2级'),
	(50, '823802259@qq.com', NULL, 'ebebac9be2ce02a03393df17e6b4b959', '芯丁楠', 1, '18766665841', '芯丁楠', 5, '开发区', '1级'),
	(52, '', NULL, 'e10adc3949ba59abbe56e057f20f883e', '楚陈巧', 2, '18366663839', '楚陈巧', 38, '连浦村', '2级'),
	(53, '', NULL, 'e10adc3949ba59abbe56e057f20f883e', '娥陈亚', 2, '13566669006', '娥陈亚', 38, '连浦村', '2级'),
	(56, '', NULL, 'e10adc3949ba59abbe56e057f20f883e', '莲胡爱', 2, '15966661346', '莲胡爱', 37, '龙山村', '2级'),
	(57, '', NULL, 'e10adc3949ba59abbe56e057f20f883e', '超刘静', 2, '13766663522', '超刘静', 19, '塘里村', '2级'),
	(58, '', NULL, 'e10adc3949ba59abbe56e057f20f883e', '巧李巧', 2, '13566663981', '巧李巧', 34, '总浦塘村', '2级'),
	(59, '', NULL, 'e10adc3949ba59abbe56e057f20f883e', '燕陈海', 2, '13266665956', '燕陈海', 34, '总浦塘村', '2级'),
	(60, '', NULL, 'e10adc3949ba59abbe56e057f20f883e', '将丁绍', 2, '18866668438', '将丁绍', 19, '塘里村', '2级'),
	(61, '', NULL, 'e10adc3949ba59abbe56e057f20f883e', '飞陈建', 2, '13466661371', '飞陈建', 14, '城塘村', '2级'),
	(62, '', NULL, 'e10adc3949ba59abbe56e057f20f883e', '亚施密', 2, '13566663727', '亚施密', 36, '新城村', '2级'),
	(63, '', NULL, 'e10adc3949ba59abbe56e057f20f883e', '芬冯婉', 2, '13566663441', '芬冯婉', 29, '向阳村', '2级'),
	(64, '', NULL, 'e10adc3949ba59abbe56e057f20f883e', '友陈青', 2, '15366667701', '友陈青', 24, '岳井村', '2级'),
	(65, '', NULL, 'e10adc3949ba59abbe56e057f20f883e', '英顾惠', 2, '13566660767', '英顾惠', 20, '大湖村', '2级'),
	(66, '', NULL, 'e10adc3949ba59abbe56e057f20f883e', '玲应玲', 2, '18366665177', '玲应玲', 46, '港中村', '2级'),
	(67, '', '2021-01-31 12:57:14', 'e10adc3949ba59abbe56e057f20f883e', '1冯宗', 2, '15066662121', 'test', 46, '港中村', '2级'),
	(68, '', NULL, 'e10adc3949ba59abbe56e057f20f883e', '芬应彩', 2, '13866660730', '芬应彩', 48, '青农社区', '2级'),
	(69, '', NULL, '3ba2a5fbe235cb1fa6bed58272b4247b', '斌周任', 1, '18266667373', '斌周任', 7, '长街村', '1级');
/*!40000 ALTER TABLE `sys_user` ENABLE KEYS */;

-- 导出  表 forestry.tenant 结构
DROP TABLE IF EXISTS `tenant`;
CREATE TABLE IF NOT EXISTS `tenant` (
  `id` bigint(20) NOT NULL AUTO_INCREMENT,
  `tenantName` varchar(30) DEFAULT '' COMMENT '姓名',
  `tenantIdentify` varchar(30) DEFAULT '' COMMENT '身份证号',
  `tenantTel` varchar(30) DEFAULT '' COMMENT '电话',
  `tenantFromShen` varchar(200) DEFAULT '' COMMENT '来源省',
  `tenantFromShi` varchar(200) DEFAULT '' COMMENT '来源市',
  `tenantFromXian` varchar(200) DEFAULT '' COMMENT '来源县',
  `tenantWorkOrganization` varchar(255) DEFAULT '' COMMENT '工作单位',
  `tenantDesc` varchar(255) DEFAULT '' COMMENT '描述信息',
  `tenantImage` varchar(255) DEFAULT '' COMMENT '照片',
  `checkOpion` varchar(50) DEFAULT '未审核' COMMENT '审核内容',
  `checkerId` bigint(20) DEFAULT '-1' COMMENT '审核者ID',
  `checkerName` varchar(50) DEFAULT '' COMMENT '审核者姓名',
  `checkDate` date DEFAULT NULL COMMENT '审核时间',
  `tenantCode` varchar(255) DEFAULT NULL,
  PRIMARY KEY (`id`)
) ENGINE=InnoDB AUTO_INCREMENT=829 DEFAULT CHARSET=utf8 COMMENT='租客';

-- 正在导出表  forestry.tenant 的数据：~793 rows (大约)
DELETE FROM `tenant`;
/*!40000 ALTER TABLE `tenant` DISABLE KEYS */;
INSERT INTO `tenant` (`id`, `tenantName`, `tenantIdentify`, `tenantTel`, `tenantFromShen`, `tenantFromShi`, `tenantFromXian`, `tenantWorkOrganization`, `tenantDesc`, `tenantImage`, `checkOpion`, `checkerId`, `checkerName`, `checkDate`, `tenantCode`) VALUES
	(24, '葛某人', '3302199901010021', '18366666939', '', '', '', '东塍镇房东工作地址24', '1', '0', '未审核', -1, '', NULL, NULL),
	(25, '赵某人', '3302199901010008', '17866664444', '北京市', '北京市', '东城区', '东塍镇房东工作地址25', '无', '1', '未审核', -1, '', NULL, NULL),
	(29, '王某人', '4221199901010011', '15266669389', '湖北省', '黄冈市', '浠水县', '东塍镇房东工作地址29', '', '0', '未审核', -1, '', NULL, NULL),
	(30, '李某人', '3412199901010055', '13566669921', '安徽省', '亳州市', '利辛县', '东塍镇房东工作地址30', '', '0', '未审核', -1, '', NULL, NULL),
	(31, '林某人', '3325199901010067', '13666666743', '浙江', '丽水', '青田县', '东塍镇房东工作地址31', '', '', '未审核', -1, '', NULL, NULL),
	(32, '陈某人', '5225199901010010', '18266664710', '贵州', '贵阳', '开阳县', '东塍镇房东工作地址32', '', '', '未审核', -1, '', NULL, NULL),
	(33, '周某人', '3412199901010013', '13566667117', '安徽', '亳州', '涡阳县', '东塍镇房东工作地址33', '', '', '未审核', -1, '', NULL, NULL),
	(34, '罗某人', '5225199901010072', '15166667097', '贵州', '安顺', '关岭布依族苗族自治县', '东塍镇房东工作地址34', '', '', '未审核', -1, '', NULL, NULL),
	(35, '鲁某人', '5225199901010045', '15266661195', '贵州', '安顺', '关岭布依族苗族自治县', '东塍镇房东工作地址35', '', '', '未审核', -1, '', NULL, NULL),
	(36, '罗某人', '5204199901010098', '15166667097', '贵州', '安顺', '关岭布依族苗族自治县', '东塍镇房东工作地址36', '', '', '未审核', -1, '', NULL, NULL),
	(37, '罗某人', '5204199901010086', '15166667097', '贵州', '安顺', '关岭布依族苗族自治县', '东塍镇房东工作地址37', '', '', '未审核', -1, '', NULL, NULL),
	(38, '罗某人', '520419990101007x', '15166667097', '贵州', '安顺', '关岭布依族苗族自治县', '东塍镇房东工作地址38', '', '', '未审核', -1, '', NULL, NULL),
	(39, '田某人', '5108199901010035', '15866663768', '四川', '广元', '剑阁县', '东塍镇房东工作地址39', '', '', '未审核', -1, '', NULL, NULL),
	(40, '王某人', '3412199901010094', '18866667765', '安徽', '亳州', '涡阳县', '东塍镇房东工作地址40', '', '', '未审核', -1, '', NULL, NULL),
	(41, '王某人', '3412199901010024', '15866662700', '安徽', '亳州', '涡阳县', '东塍镇房东工作地址41', '散工', '', '未审核', -1, '', NULL, NULL),
	(42, '王某人', '3416199901010079', '15866662700', '安徽', '亳州', '涡阳县', '东塍镇房东工作地址42', '', '', '未审核', -1, '', NULL, NULL),
	(44, '国某人', '341219990101002x', '13366664953', '安徽', '亳州', '蒙城县', '东塍镇房东工作地址44', '', '', '未审核', -1, '', NULL, NULL),
	(45, '高某人', '341219990101001x', '13866665162', '安徽', '亳州', '蒙城县', '东塍镇房东工作地址45', '', '', '未审核', -1, '', NULL, NULL),
	(46, '向某人', '4331199901010013', '13766661557', '湖南', '湘西', '凤凰县', '东塍镇房东工作地址46', '', '', '未审核', -1, '', NULL, NULL),
	(47, '孙某人', '3412199901010013', '13766661557', '安徽', '亳州', '涡阳县', '东塍镇房东工作地址47', '', '', '未审核', -1, '', NULL, NULL),
	(48, '叶某人', '3326199901010094', '13966667010', '浙江', '台州', '三门县', '东塍镇房东工作地址48', '', '', '未审核', -1, '', NULL, NULL),
	(49, '贾某人', '5226199901010016', '17766668790', '贵州', '黔东南', '黄平县', '东塍镇房东工作地址49', '', '', '未审核', -1, '', NULL, NULL),
	(50, '陈某人', '3325199901010078', '13766666109', '浙江', '丽水', '青田县', '东塍镇房东工作地址50', '', '', '未审核', -1, '', NULL, NULL),
	(51, '何某人', '3326199901010016', '13066667371', '浙江', '台州', '三门县', '东塍镇房东工作地址51', '', '', '未审核', -1, '', NULL, NULL),
	(52, '朱某人', '3421199901010059', '13766665804', '安徽', '亳州', '涡阳县', '东塍镇房东工作地址52', '', '', '未审核', -1, '', NULL, NULL),
	(53, '梅某人', '4128199901010019', '15866660973', '河南', '驻马店', '新蔡县', '东塍镇房东工作地址53', '', '', '未审核', -1, '', NULL, NULL),
	(54, '赵某人', '3412199901010032', '15966661521', '安徽', '亳州', '涡阳县', '东塍镇房东工作地址54', '', '', '未审核', -1, '', NULL, NULL),
	(55, '朱某人', '3421199901010012', '15966660109', '安徽', '亳州', '涡阳县', '东塍镇房东工作地址55', '', '', '未审核', -1, '', NULL, NULL),
	(56, '赵某人', '3421199901010013', '18366661073', '安徽', '亳州', '涡阳县', '东塍镇房东工作地址56', '', '', '未审核', -1, '', NULL, NULL),
	(57, '冯某人', '341219990101001x', '18866666129', '安徽', '亳州', '涡阳县', '东塍镇房东工作地址57', '', '', '未审核', -1, '', NULL, NULL),
	(58, '李某人', '4202199901010015', '13566669453', '湖北', '黄石', '阳新县', '东塍镇房东工作地址58', '', '', '未审核', -1, '', NULL, NULL),
	(59, '王某人', '3421199901010034', '13766660521', '安徽', '亳州', '涡阳县', '东塍镇房东工作地址59', '', '', '未审核', -1, '', NULL, NULL),
	(60, '尚某人', '3403199901010075', '15166669728', '安徽', '蚌埠', '怀远县', '东塍镇房东工作地址60', '', '', '未审核', -1, '', NULL, NULL),
	(61, '郑某人', '3326199901010075', '13966666586', '浙江', '台州', '天台县', '东塍镇房东工作地址61', '', '', '未审核', -1, '', NULL, NULL),
	(62, '骆某人', '5225199901010018', '13466664092', '贵州', '安顺', '关岭布依族苗族自治县', '东塍镇房东工作地址62', '', '', '未审核', -1, '', NULL, NULL),
	(63, '王某人', '3412199901010023', '13666662143', '安徽', '亳州', '涡阳县', '东塍镇房东工作地址63', '', '', '未审核', -1, '', NULL, NULL),
	(64, '王某人', '3302199901010018', '15266665811', '浙江', '宁波', '奉化市', '东塍镇房东工作地址64', '', '', '未审核', -1, '', NULL, NULL),
	(65, '王某人', '3326199901010012', '13166665808', '浙江', '台州', '三门县', '东塍镇房东工作地址65', '', '', '未审核', -1, '', NULL, NULL),
	(66, '王某人', '3310199901010011', '15766663728', '浙江', '台州', '三门县', '东塍镇房东工作地址66', '', '', '未审核', -1, '', NULL, NULL),
	(67, '陈某人', '3326199901010080', '13066668330', '浙江', '台州', '三门县', '东塍镇房东工作地址67', '', '', '未审核', -1, '', NULL, NULL),
	(68, '王某人', '3310199901010017', '13766661498', '浙江', '台州', '天台县', '东塍镇房东工作地址68', '', '', '未审核', -1, '', NULL, NULL),
	(69, '卢某人', '5225199901010012', '15066664241', '贵州', '安顺', '关岭布依族苗族自治县', '东塍镇房东工作地址69', '', '', '未审核', -1, '', NULL, NULL),
	(70, '骆某人', '5225199901010000', '15066664241', '贵州', '安顺', '关岭布依族苗族自治县', '东塍镇房东工作地址70', '', '', '未审核', -1, '', NULL, NULL),
	(71, '卢某人', '5204199901010071', '15066664241', '贵州', '安顺', '关岭布依族苗族自治县', '东塍镇房东工作地址71', '', '', '未审核', -1, '', NULL, NULL),
	(72, '党某人', '5222199901010088', '13566665011', '贵州', '铜仁', '德江县', '东塍镇房东工作地址72', '', '', '未审核', -1, '', NULL, NULL),
	(73, '徐某人', '5222199901010037', '18766666830', '贵州', '铜仁', '德江县', '东塍镇房东工作地址73', '', '', '未审核', -1, '', NULL, NULL),
	(74, '徐某人', '5222199901010010', '18766666830', '贵州', '铜仁', '德江县', '东塍镇房东工作地址74', '', '', '未审核', -1, '', NULL, NULL),
	(75, '徐某人', '5222199901010015', '18766666830', '贵州', '铜仁', '德江县', '东塍镇房东工作地址75', '', '', '未审核', -1, '', NULL, NULL),
	(76, '葛某人', '3421199901010029', '15266667794', '安徽', '亳州', '蒙城县', '东塍镇房东工作地址76', '', '', '未审核', -1, '', NULL, NULL),
	(77, '宋某人', '3713199901010030', '18966662622', '山东', '临沂', '苍山县', '东塍镇房东工作地址77', '', '', '未审核', -1, '', NULL, NULL),
	(78, '李某人', '3713199901010026', '18966662622', '山东', '临沂', '苍山县', '东塍镇房东工作地址78', '', '', '未审核', -1, '', NULL, NULL),
	(79, '徐某人', '3326199901010011', '13566663860', '浙江', '台州', '椒江区', '东塍镇房东工作地址79', '', '', '未审核', -1, '', NULL, NULL),
	(80, '林某人', '3326199901010017', '15866669603', '浙江', '台州', '三门县', '东塍镇房东工作地址80', '', '', '未审核', -1, '', NULL, NULL),
	(81, '杨某人', '3326199901010017', '13966660549', '浙江', '台州', '三门县', '东塍镇房东工作地址81', '', '', '未审核', -1, '', NULL, NULL),
	(82, '章某人', '3326199901010038', '18366669399', '浙江', '台州', '三门县', '东塍镇房东工作地址82', '', '', '未审核', -1, '', NULL, NULL),
	(83, '徐某人', '3326199901010073', '13566669533', '浙江', '台州', '三门县', '东塍镇房东工作地址83', '', '', '未审核', -1, '', NULL, NULL),
	(84, '林某人', '3326199901010059', '18966661525', '浙江', '台州', '温岭市', '东塍镇房东工作地址84', '', '', '未审核', -1, '', NULL, NULL),
	(85, '陈某人', '3326199901010056', '15866665138', '浙江', '台州', '三门县', '东塍镇房东工作地址85', '', '', '未审核', -1, '', NULL, NULL),
	(86, '刘某人', '3326199901010052', '13066661832', '浙江', '台州', '三门县', '东塍镇房东工作地址86', '', '', '未审核', -1, '', NULL, NULL),
	(87, '林某人', '3326199901010057', '13066667352', '浙江', '台州', '温岭市', '东塍镇房东工作地址87', '', '', '未审核', -1, '', NULL, NULL),
	(88, '林某人', '3326199901010031', '13766665199', '浙江', '台州', '三门县', '东塍镇房东工作地址88', '', '', '未审核', -1, '', NULL, NULL),
	(89, '金某人', '3326199901010057', '13966668076', '浙江', '台州', '温岭市', '东塍镇房东工作地址89', '', '', '未审核', -1, '', NULL, NULL),
	(90, '黄某人', '3302199901010058', '13866666131', '浙江', '宁波', '余姚市', '东塍镇房东工作地址90', '', '', '未审核', -1, '', NULL, NULL),
	(91, '何某人', '3326199901010031', '13666663909', '浙江', '台州', '三门县', '东塍镇房东工作地址91', '', '', '未审核', -1, '', NULL, NULL),
	(92, '刘某人', '3326199901010019', '13766662946', '浙江', '台州', '三门县', '东塍镇房东工作地址92', '', '', '未审核', -1, '', NULL, NULL),
	(93, '何某人', '3326199901010014', '15266669262', '浙江', '台州', '三门县', '东塍镇房东工作地址93', '', '', '未审核', -1, '', NULL, NULL),
	(94, '王某人', '3326199901010071', '13066666297', '浙江', '台州', '三门县', '东塍镇房东工作地址94', '', '', '未审核', -1, '', NULL, NULL),
	(95, '杨某人', '3326199901010015', '13666667807', '浙江', '台州', '三门县', '东塍镇房东工作地址95', '', '', '未审核', -1, '', NULL, NULL),
	(96, '蔡某人', '3326199901010076', '15966668911', '浙江', '台州', '三门县', '东塍镇房东工作地址96', '', '', '未审核', -1, '', NULL, NULL),
	(97, '蔡某人', '3326199901010077', '13866661558', '浙江', '台州', '三门县', '东塍镇房东工作地址97', '', '', '未审核', -1, '', NULL, NULL),
	(98, '阿某人', '5134199901010023', '18366661579', '四川', '凉山', '甘洛县', '东塍镇房东工作地址98', '', '', '未审核', -1, '', NULL, NULL),
	(99, '木某人', '5134199901010054', '18366661579', '四川', '凉山', '甘洛县', '东塍镇房东工作地址99', '', '', '未审核', -1, '', NULL, NULL),
	(100, '木某人', '5134199901010050', '13566667489', '四川', '凉山', '甘洛县', '东塍镇房东工作地址100', '', '', '未审核', -1, '', NULL, NULL),
	(101, '江某人', '3302199901010028', '15966669512', '浙江', '宁波', '奉化市', '东塍镇房东工作地址101', '', '', '未审核', -1, '', NULL, NULL),
	(102, '袁某人', '3302199901010019', '15966669512', '浙江', '宁波', '奉化市', '东塍镇房东工作地址102', '', '', '未审核', -1, '', NULL, NULL),
	(103, '肖某人', '3623199901010011', '15266669112', '江西', '上饶', '玉山县', '东塍镇房东工作地址103', '', '', '未审核', -1, '', NULL, NULL),
	(104, '闻某人', '3302199901010016', '15366662889', '浙江', '宁波', '鄞州区', '东塍镇房东工作地址104', '', '', '未审核', -1, '', NULL, NULL),
	(105, '陶某人', '3302199901010018', '13966669047', '浙江', '宁波', '鄞州区', '东塍镇房东工作地址105', '', '', '未审核', -1, '', NULL, NULL),
	(106, '周某人', '3302199901010015', '13066661326', '浙江', '宁波', '海曙区', '东塍镇房东工作地址106', '', '', '未审核', -1, '', NULL, NULL),
	(107, '韦某人', '5204199901010018', '13966663483', '贵州', '安顺', '关岭布依族苗族自治县', '东塍镇房东工作地址107', '', '', '未审核', -1, '', NULL, NULL),
	(108, '韦某人', '5204199901010020', '13966663483', '贵州', '安顺', '关岭布依族苗族自治县', '东塍镇房东工作地址108', '', '', '未审核', -1, '', NULL, NULL),
	(109, '韦某人', '5204199901010022', '13966663483', '贵州', '安顺', '关岭布依族苗族自治县', '东塍镇房东工作地址109', '', '', '未审核', -1, '', NULL, NULL),
	(110, '韦某人', '5225199901010015', '13966663483', '贵州', '安顺', '关岭布依族苗族自治县', '东塍镇房东工作地址110', '', '', '未审核', -1, '', NULL, NULL),
	(111, '梁某人', '5225199901010025', '13966663483', '贵州', '安顺', '关岭布依族苗族自治县', '东塍镇房东工作地址111', '', '', '未审核', -1, '', NULL, NULL),
	(112, '韦某人', '5204199901010020', '13966663483', '贵州', '安顺', '关岭布依族苗族自治县', '东塍镇房东工作地址112', '', '', '未审核', -1, '', NULL, NULL),
	(113, '韦某人', '5204199901010022', '13966663483', '贵州', '安顺', '关岭布依族苗族自治县', '东塍镇房东工作地址113', '', '', '未审核', -1, '', NULL, NULL),
	(114, '韦某人', '5225199901010015', '13966663483', '贵州', '安顺', '关岭布依族苗族自治县', '东塍镇房东工作地址114', '', '', '未审核', -1, '', NULL, NULL),
	(115, '梁某人', '5225199901010025', '13966663483', '贵州', '安顺', '关岭布依族苗族自治县', '东塍镇房东工作地址115', '', '', '未审核', -1, '', NULL, NULL),
	(116, '张某人', '3623199901010012', '18766668210', '江西', '上饶', '弋阳县', '东塍镇房东工作地址116', '', '', '未审核', -1, '', NULL, NULL),
	(117, '李某人', '4308199901010014', '18766667385', '湖南', '张家界', '永定区', '东塍镇房东工作地址117', '', '', '未审核', -1, '', NULL, NULL),
	(118, '覃某人', '4308199901010017', '13966662371', '湖南', '张家界', '永定区', '东塍镇房东工作地址118', '', '', '未审核', -1, '', NULL, NULL),
	(119, '廖某人', '4309199901010056', '18266668389', '湖南', '益阳', '安化县', '东塍镇房东工作地址119', '', '', '未审核', -1, '', NULL, NULL),
	(120, '陈某人', '5227199901010036', '19166660440', '贵州', '黔南', '长顺县', '东塍镇房东工作地址120', '', '', '未审核', -1, '', NULL, NULL),
	(121, '熊某人', '3602199901010071', '18666662383', '江西', '景德镇', '乐平市', '东塍镇房东工作地址121', '', '', '未审核', -1, '', NULL, NULL),
	(122, '朱某人', '3602199901010021', '18766662923', '江西', '景德镇', '乐平市', '东塍镇房东工作地址122', '', '', '未审核', -1, '', NULL, NULL),
	(123, '朱某人', '3602199901010037', '15966669606', '江西', '景德镇', '乐平市', '东塍镇房东工作地址123', '', '', '未审核', -1, '', NULL, NULL),
	(124, '朱某人', '360219990101002x', '18366669735', '江西', '景德镇', '乐平市', '东塍镇房东工作地址124', '', '', '未审核', -1, '', NULL, NULL),
	(125, '朱某人', '3602199901010019', '18766667962', '江西', '景德镇', '乐平市', '东塍镇房东工作地址125', '', '', '未审核', -1, '', NULL, NULL),
	(126, '周某人', '3713199901010045', '18666664312', '山东', '临沂', '临沭县', '东塍镇房东工作地址126', '', '', '未审核', -1, '', NULL, NULL),
	(127, '颜某人', '5110199901010065', '18666664312', '四川', '内江', '东兴区', '东塍镇房东工作地址127', '', '', '未审核', -1, '', NULL, NULL),
	(128, '赵某人', '5225199901010016', '13566668737', '贵州', '贵阳', '修文县', '东塍镇房东工作地址128', '', '', '未审核', -1, '', NULL, NULL),
	(129, '王某人', '3306199901010050', '13966667911', '浙江', '绍兴', '绍兴县', '东塍镇房东工作地址129', '', '', '未审核', -1, '', NULL, NULL),
	(130, '王某人', '3326199901010017', '13866660178', '浙江', '台州', '温岭市', '东塍镇房东工作地址130', '', '', '未审核', -1, '', NULL, NULL),
	(131, '林某人', '3326199901010019', '13966664322', '浙江', '台州', '三门县', '东塍镇房东工作地址131', '', '', '未审核', -1, '', NULL, NULL),
	(132, '曹某人', '3201199901010023', '13566664803', '江苏', '南京', '栖霞区', '东塍镇房东工作地址132', '', '', '未审核', -1, '', NULL, NULL),
	(133, '陈某人', '332619990101001x', '13966666273', '浙江', '台州', '温岭市', '东塍镇房东工作地址133', '', '', '未审核', -1, '', NULL, NULL),
	(134, '陆某人', '3326199901010052', '13666667889', '浙江', '台州', '温岭市', '东塍镇房东工作地址134', '', '', '未审核', -1, '', NULL, NULL),
	(135, '陈某人', '3326199901010061', '13966664585', '浙江', '台州', '温岭市', '东塍镇房东工作地址135', '', '', '未审核', -1, '', NULL, NULL),
	(136, '霍某人', '3326199901010077', '13966665792', '浙江', '台州', '温岭市', '东塍镇房东工作地址136', '', '', '未审核', -1, '', NULL, NULL),
	(137, '陈某人', '3326199901010013', '15866665152', '浙江', '台州', '温岭市', '东塍镇房东工作地址137', '', '', '未审核', -1, '', NULL, NULL),
	(138, '李某人', '3326199901010078', '13066660810', '浙江', '台州', '温岭市', '东塍镇房东工作地址138', '', '', '未审核', -1, '', NULL, NULL),
	(139, '缪某人', '332619990101002x', '13066660810', '浙江', '台州', '温岭市', '东塍镇房东工作地址139', '', '', '未审核', -1, '', NULL, NULL),
	(140, '高某人', '5129199901010073', '15966664820', '四川', '南充', '西充县', '东塍镇房东工作地址140', '', '', '未审核', -1, '', NULL, NULL),
	(141, '林某人', '5129199901010082', '13766667352', '四川', '南充', '西充县', '东塍镇房东工作地址141', '', '', '未审核', -1, '', NULL, NULL),
	(142, '吕某人', '5113199901010010', '15966669070', '四川', '南充', '顺庆区', '东塍镇房东工作地址142', '', '', '未审核', -1, '', NULL, NULL),
	(143, '刘某人', '5105199901010017', '17766663425', '四川', '泸州', '龙马潭区', '东塍镇房东工作地址143', '', '', '未审核', -1, '', NULL, NULL),
	(144, '满某人', '5129199901010057', '17366669119', '四川', '南充', '西充县', '东塍镇房东工作地址144', '', '', '未审核', -1, '', NULL, NULL),
	(145, '李某人', '4127199901010063', '15366663919', '河南', '周口', '郸城县', '东塍镇房东工作地址145', '', '', '未审核', -1, '', NULL, NULL),
	(146, '冯某人', '3412199901010014', '15366669960', '安徽', '亳州', '利辛县', '东塍镇房东工作地址146', '', '', '未审核', -1, '', NULL, NULL),
	(147, '江某人', '3421199901010003', '15366669960', '安徽', '亳州', '利辛县', '东塍镇房东工作地址147', '', '', '未审核', -1, '', NULL, NULL),
	(148, '冯某人', '3416199901010027', '15366663919', '安徽', '亳州', '利辛县', '东塍镇房东工作地址148', '', '', '未审核', -1, '', NULL, NULL),
	(149, '冯某人', '3416199901010023', '15366669960', '安徽', '亳州', '利辛县', '东塍镇房东工作地址149', '', '', '未审核', -1, '', NULL, NULL),
	(150, '吴某人', '5226199901010030', '18266665200', '贵州', '黔东南', '台江县', '东塍镇房东工作地址150', '', '', '未审核', -1, '', NULL, NULL),
	(151, '郑某人', '5227199901010025', '18266662172', '贵州', '黔南', '平塘县', '东塍镇房东工作地址151', '', '', '未审核', -1, '', NULL, NULL),
	(152, '吴某人', '5227199901010021', '18266665200', '贵州', '黔南', '平塘县', '东塍镇房东工作地址152', '', '', '未审核', -1, '', NULL, NULL),
	(153, '吴某人', '5227199901010048', '18266665200', '贵州', '黔南', '平塘县', '东塍镇房东工作地址153', '', '', '未审核', -1, '', NULL, NULL),
	(154, '吴某人', '5227199901010098', '18266665200', '贵州', '黔南', '平塘县', '东塍镇房东工作地址154', '', '', '未审核', -1, '', NULL, NULL),
	(155, '吴某人', '5226199901010054', '15066665021', '贵州', '黔东南', '台江县', '东塍镇房东工作地址155', '', '', '未审核', -1, '', NULL, NULL),
	(156, '欧某人', '5222199901010064', '15066665021', '贵州', '铜仁', '松桃', '东塍镇房东工作地址156', '', '', '未审核', -1, '', NULL, NULL),
	(157, '吴某人', '5226199901010030', '15066665021', '贵州', '黔东南', '台江县', '东塍镇房东工作地址157', '', '', '未审核', -1, '', NULL, NULL),
	(158, '吴某人', '5226199901010009', '15066665021', '贵州', '黔东南', '台江县', '东塍镇房东工作地址158', '', '', '未审核', -1, '', NULL, NULL),
	(159, '吴某人', '5226199901010044', '15066665021', '贵州', '黔东南', '台江县', '东塍镇房东工作地址159', '', '', '未审核', -1, '', NULL, NULL),
	(160, '俞某人', '4331199901010029', '13766665372', '湖南', '湘西', '永顺县', '东塍镇房东工作地址160', '', '', '未审核', -1, '', NULL, NULL),
	(161, '向某人', '4331199901010013', '13666664302', '湖南', '湘西', '永顺县', '东塍镇房东工作地址161', '', '', '未审核', -1, '', NULL, NULL),
	(162, '鲁某人', '3623199901010042', '15866665393', '江西', '上饶', '鄱阳县', '东塍镇房东工作地址162', '', '', '未审核', -1, '', NULL, NULL),
	(163, '龙某人', '4331199901010035', '13766661709', '湖南', '湘西', '保靖县', '东塍镇房东工作地址163', '', '', '未审核', -1, '', NULL, NULL),
	(164, '龙某人', '4331199901010010', '15066668299', '湖南', '湘西', '保靖县', '东塍镇房东工作地址164', '', '', '未审核', -1, '', NULL, NULL),
	(165, '龙某人', '4331199901010020', '15866668591', '湖南', '湘西', '保靖县', '东塍镇房东工作地址165', '', '', '未审核', -1, '', NULL, NULL),
	(166, '向某人', '4331199901010015', '15866668591', '湖南', '湘西', '保靖县', '东塍镇房东工作地址166', '', '', '未审核', -1, '', NULL, NULL),
	(167, '向某人', '4331199901010013', '13766661709', '湖南', '湘西', '保靖县', '东塍镇房东工作地址167', '', '', '未审核', -1, '', NULL, NULL),
	(168, '石某人', '4331199901010023', '15066668299', '湖南', '湘西', '保靖县', '东塍镇房东工作地址168', '', '', '未审核', -1, '', NULL, NULL),
	(169, '石某人', '433119990101002x', '18766667358', '湖南', '湘西', '古丈县', '东塍镇房东工作地址169', '', '', '未审核', -1, '', NULL, NULL),
	(170, '石某人', '4331199901010024', '13766661709', '湖南', '湘西', '保靖县', '东塍镇房东工作地址170', '', '', '未审核', -1, '', NULL, NULL),
	(171, '胡某人', '4331199901010041', '13766661709', '湖南', '湘西', '保靖县', '东塍镇房东工作地址171', '', '', '未审核', -1, '', NULL, NULL),
	(172, '杨某人', '4331199901010017', '13866663556', '湖南', '湘西', '保靖县', '东塍镇房东工作地址172', '', '', '未审核', -1, '', NULL, NULL),
	(173, '王某人', '2323199901010057', '13266663401', '黑龙江', '绥化', '北林区', '东塍镇房东工作地址173', '', '', '未审核', -1, '', NULL, NULL),
	(174, '郑某人', '2323199901010028', '13266663401', '黑龙江', '绥化', '北林区', '东塍镇房东工作地址174', '', '', '未审核', -1, '', NULL, NULL),
	(175, '王某人', '2323199901010014', '13266663401', '黑龙江', '绥化', '北林区', '东塍镇房东工作地址175', '', '', '未审核', -1, '', NULL, NULL),
	(176, '张某人', '433019990101003x', '13966666060', '湖南', '怀化', '通道', '东塍镇房东工作地址176', '', '', '未审核', -1, '', NULL, NULL),
	(177, '梁某人', '5107199901010028', '13566666385', '四川', '绵阳', '梓潼县', '东塍镇房东工作地址177', '', '', '未审核', -1, '', NULL, NULL),
	(178, '梁某人', '5017199901010029', '18766668413', '四川', '绵阳', '梓潼县', '东塍镇房东工作地址178', '', '', '未审核', -1, '', NULL, NULL),
	(179, '梁某人', '5017199901010082', '18866663917', '四川', '绵阳', '梓潼县', '东塍镇房东工作地址179', '', '', '未审核', -1, '', NULL, NULL),
	(180, '杨某人', '5222199901010066', '15966666396', '贵州', '铜仁', '松桃', '东塍镇房东工作地址180', '', '', '未审核', -1, '', NULL, NULL),
	(181, '杨某人', '5222199901010049', '13766666839', '贵州', '铜仁', '松桃', '东塍镇房东工作地址181', '', '', '未审核', -1, '', NULL, NULL),
	(182, '刘某人', '3412199901010076', '15066669774', '安徽', '亳州', '涡阳县', '东塍镇房东工作地址182', '', '', '未审核', -1, '', NULL, NULL),
	(183, '韩某人', '3416199901010026', '15066669774', '安徽', '亳州', '涡阳县', '东塍镇房东工作地址183', '', '', '未审核', -1, '', NULL, NULL),
	(184, '刘某人', '341619990101005x', '15066669774', '安徽', '亳州', '涡阳县', '东塍镇房东工作地址184', '', '', '未审核', -1, '', NULL, NULL),
	(185, '刘某人', '3416199901010024', '15066669774', '安徽', '亳州', '涡阳县', '东塍镇房东工作地址185', '', '', '未审核', -1, '', NULL, NULL),
	(186, '刘某人', '3416199901010048', '15066669774', '安徽', '亳州', '涡阳县', '东塍镇房东工作地址186', '', '', '未审核', -1, '', NULL, NULL),
	(187, '周某人', '3421199901010016', '18366666706', '安徽', '亳州', '涡阳县', '东塍镇房东工作地址187', '', '', '未审核', -1, '', NULL, NULL),
	(188, '周某人', '3416199901010072', '18366666706', '安徽', '亳州', '涡阳县', '东塍镇房东工作地址188', '', '', '未审核', -1, '', NULL, NULL),
	(189, '魏某人', '3421199901010020', '18566660148', '安徽', '亳州', '涡阳县', '东塍镇房东工作地址189', '', '', '未审核', -1, '', NULL, NULL),
	(190, '周某人', '3416199901010052', '13966669704', '安徽', '亳州', '涡阳县', '东塍镇房东工作地址190', '', '', '未审核', -1, '', NULL, NULL),
	(191, '周某人', '3416199901010041', '15966663425', '安徽', '亳州', '涡阳县', '东塍镇房东工作地址191', '', '', '未审核', -1, '', NULL, NULL),
	(192, '毛某人', '2302199901010085', '13866660452', '黑龙江', '齐齐哈尔', '龙江县', '东塍镇房东工作地址192', '', '', '未审核', -1, '', NULL, NULL),
	(193, '李某人', '2302199901010034', '18866668967', '黑龙江', '齐齐哈尔', '龙江县', '东塍镇房东工作地址193', '', '', '未审核', -1, '', NULL, NULL),
	(194, '金某人', '230219990101002x', '13466664525', '黑龙江', '齐齐哈尔', '龙江县', '东塍镇房东工作地址194', '', '', '未审核', -1, '', NULL, NULL),
	(195, '王某人', '2302199901010012', '15166661876', '黑龙江', '齐齐哈尔', '龙江县', '东塍镇房东工作地址195', '', '', '未审核', -1, '', NULL, NULL),
	(196, '仇某人', '2302199901010022', '17666663469', '黑龙江', '齐齐哈尔', '龙江县', '东塍镇房东工作地址196', '', '', '未审核', -1, '', NULL, NULL),
	(197, '莫某人', '3302199901010037', '13566669004', '浙江', '宁波', '象山县', '东塍镇房东工作地址197', '', '', '未审核', -1, '', NULL, NULL),
	(198, '莫某人', '3302199901010013', '13566667722', '浙江', '宁波', '象山县', '东塍镇房东工作地址198', '', '', '未审核', -1, '', NULL, NULL),
	(200, '覃某人', '4205199901010020', '15866668802', '湖北', '宜昌', '长阳土家族自治县', '东塍镇房东工作地址200', '', '', '未审核', -1, '', NULL, NULL),
	(201, '王某人', '420519990101001x', '13566665839', '湖北', '宜昌', '长阳土家族自治县', '东塍镇房东工作地址201', '', '', '未审核', -1, '', NULL, NULL),
	(202, '向某人', '4331199901010019', '15966662380', '湖南', '湘西', '永顺县', '东塍镇房东工作地址202', '', '', '未审核', -1, '', NULL, NULL),
	(203, '邵某人', '3403199901010037', '13066665088', '安徽', '蚌埠', '怀远县', '东塍镇房东工作地址203', '', '', '未审核', -1, '', NULL, NULL),
	(204, '樊某人', '5303199901010019', '15866660253', '云南', '曲靖', '宣威市', '东塍镇房东工作地址204', '', '', '未审核', -1, '', NULL, NULL),
	(205, '赵某人', '3421199901010035', '15566665763', '安徽', '亳州', '涡阳县', '东塍镇房东工作地址205', '', '', '未审核', -1, '', NULL, NULL),
	(206, '曹某人', '3412199901010029', '18366664156', '安徽', '亳州', '涡阳县', '东塍镇房东工作地址206', '', '', '未审核', -1, '', NULL, NULL),
	(207, '曹某人', '3416199901010012', '18366664156', '安徽', '亳州', '涡阳县', '东塍镇房东工作地址207', '', '', '未审核', -1, '', NULL, NULL),
	(208, '曹某人', '3416199901010081', '15566665763', '安徽', '亳州', '涡阳县', '东塍镇房东工作地址208', '', '', '未审核', -1, '', NULL, NULL),
	(209, '曹某人', '3412199901010017', '18566663282', '安徽', '亳州', '涡阳县', '东塍镇房东工作地址209', '', '', '未审核', -1, '', NULL, NULL),
	(210, '赵某人', '3412199901010056', '13766665962', '安徽', '亳州', '涡阳县', '东塍镇房东工作地址210', '', '', '未审核', -1, '', NULL, NULL),
	(211, '王某人', '3412199901010064', '13766665962', '安徽', '亳州', '涡阳县', '东塍镇房东工作地址211', '', '', '未审核', -1, '', NULL, NULL),
	(212, '赵某人', '3416199901010035', '13766665962', '安徽', '亳州', '涡阳县', '东塍镇房东工作地址212', '', '', '未审核', -1, '', NULL, NULL),
	(213, '赵某人', '3416199901010082', '13766665962', '安徽', '亳州', '涡阳县', '东塍镇房东工作地址213', '', '', '未审核', -1, '', NULL, NULL),
	(214, '赵某人', '3416199901010065', '13766665962', '安徽', '亳州', '涡阳县', '东塍镇房东工作地址214', '', '', '未审核', -1, '', NULL, NULL),
	(215, '王某人', '5226199901010013', '13666662026', '贵州', '黔东南', '丹寨县', '东塍镇房东工作地址215', '', '', '未审核', -1, '', NULL, NULL),
	(216, '王某人', '5226199901010035', '18466668983', '贵州', '黔东南', '丹寨县', '东塍镇房东工作地址216', '', '', '未审核', -1, '', NULL, NULL),
	(217, '王某人', '5226199901010003', '18466668983', '贵州', '黔东南', '丹寨县', '东塍镇房东工作地址217', '', '', '未审核', -1, '', NULL, NULL),
	(218, '陶某人', '522619990101002x', '15866662640', '贵州', '黔东南', '剑河县', '东塍镇房东工作地址218', '', '', '未审核', -1, '', NULL, NULL),
	(219, '王某人', '3421199901010041', '15066669335', '安徽', '亳州', '涡阳县', '东塍镇房东工作地址219', '', '', '未审核', -1, '', NULL, NULL),
	(220, '王某人', '3421199901010019', '13966663708', '安徽', '亳州', '涡阳县', '东塍镇房东工作地址220', '', '', '未审核', -1, '', NULL, NULL),
	(221, '王某人', '3416199901010027', '15066669335', '安徽', '亳州', '涡阳县', '东塍镇房东工作地址221', '', '', '未审核', -1, '', NULL, NULL),
	(222, '王某人', '3412199901010024', '15066669335', '安徽', '亳州', '涡阳县', '东塍镇房东工作地址222', '', '', '未审核', -1, '', NULL, NULL),
	(223, '王某人', '3416199901010019', '15066669335', '安徽', '亳州', '涡阳县', '东塍镇房东工作地址223', '', '', '未审核', -1, '', NULL, NULL),
	(224, '蒙某人', '4527199901010044', '15966666406', '广西', '河池', '宜州市', '东塍镇房东工作地址224', '', '', '未审核', -1, '', NULL, NULL),
	(225, '贺某人', '4102199901010017', '13766665906', '河南', '开封', '杞县', '东塍镇房东工作地址225', '', '', '未审核', -1, '', NULL, NULL),
	(226, '贺某人', '4102199901010080', '13766665906', '河南', '开封', '杞县', '东塍镇房东工作地址226', '', '', '未审核', -1, '', NULL, NULL),
	(227, '贺某人', '4102199901010097', '13766665906', '河南', '开封', '杞县', '东塍镇房东工作地址227', '', '', '未审核', -1, '', NULL, NULL),
	(228, '钟某人', '4212199901010003', '18366667252', '湖北', '咸宁', '咸安区', '东塍镇房东工作地址228', '', '', '未审核', -1, '', NULL, NULL),
	(229, '谢某人', '5222199901010011', '18366667252', '贵州', '铜仁', '松桃', '东塍镇房东工作地址229', '', '', '未审核', -1, '', NULL, NULL),
	(230, '谢某人', '5222199901010019', '15266667637', '贵州', '铜仁', '松桃', '东塍镇房东工作地址230', '', '', '未审核', -1, '', NULL, NULL),
	(231, '谢某人', '5222199901010011', '15166660762', '贵州', '铜仁', '松桃', '东塍镇房东工作地址231', '', '', '未审核', -1, '', NULL, NULL),
	(232, '杨某人', '522219990101002x', '15166660762', '贵州', '铜仁', '松桃', '东塍镇房东工作地址232', '', '', '未审核', -1, '', NULL, NULL),
	(233, '沈某人', '5106199901010011', '13566661371', '四川', '德阳', '中江县', '东塍镇房东工作地址233', '', '', '未审核', -1, '', NULL, NULL),
	(234, '高某人', '341219990101008x', '18866668221', '安徽', '亳州', '蒙城县', '东塍镇房东工作地址234', '', '', '未审核', -1, '', NULL, NULL),
	(235, '孙某人', '5325199901010014', '15066666289', '云南', '红河', '泸西县', '东塍镇房东工作地址235', '', '', '未审核', -1, '', NULL, NULL),
	(236, '段某人', '3403199901010079', '15766669168', '安徽', '蚌埠', '怀远县', '东塍镇房东工作地址236', '', '', '未审核', -1, '', NULL, NULL),
	(237, '邵某人', '3403199901010038', '15066669983', '安徽', '蚌埠', '怀远县', '东塍镇房东工作地址237', '', '', '未审核', -1, '', NULL, NULL),
	(238, '赵某人', '5325199901010025', '15966666008', '云南', '红河', '泸西县', '东塍镇房东工作地址238', '', '', '未审核', -1, '', NULL, NULL),
	(239, '李某人', '6103199901010011', '18766666459', '陕西', '宝鸡', '岐山县', '东塍镇房东工作地址239', '', '', '未审核', -1, '', NULL, NULL),
	(240, '邵某人', '3403199901010010', '15066667796', '安徽', '蚌埠', '怀远县', '东塍镇房东工作地址240', '', '', '未审核', -1, '', NULL, NULL),
	(241, '王某人', '532519990101002x', '18766663889', '云南', '红河', '泸西县', '东塍镇房东工作地址241', '', '', '未审核', -1, '', NULL, NULL),
	(242, '张某人', '5325199901010014', '13566665649', '云南', '红河', '泸西县', '东塍镇房东工作地址242', '', '', '未审核', -1, '', NULL, NULL),
	(243, '施某人', '3403199901010021', '15866663767', '安徽', '蚌埠', '怀远县', '东塍镇房东工作地址243', '', '', '未审核', -1, '', NULL, NULL),
	(244, '洪某人', '433119990101003x', '15066661056', '湖南', '湘西', '保靖县', '东塍镇房东工作地址244', '', '', '未审核', -1, '', NULL, NULL),
	(245, '石某人', '4331199901010043', '15066661056', '湖南', '湘西', '保靖县', '东塍镇房东工作地址245', '', '', '未审核', -1, '', NULL, NULL),
	(246, '洪某人', '4331199901010083', '15066661056', '湖南', '湘西', '保靖县', '东塍镇房东工作地址246', '', '', '未审核', -1, '', NULL, NULL),
	(247, '洪某人', '4331199901010031', '15066661056', '湖南', '湘西', '保靖县', '东塍镇房东工作地址247', '', '', '未审核', -1, '', NULL, NULL),
	(248, '洪某人', '4331199901010068', '15066661056', '湖南', '湘西', '保靖县', '东塍镇房东工作地址248', '', '', '未审核', -1, '', NULL, NULL),
	(249, '张某人', '3423199901010025', '13866669928', '安徽', '滁州', '凤阳县', '东塍镇房东工作地址249', '', '', '未审核', -1, '', NULL, NULL),
	(250, '刘某人', '3411199901010018', '18866660293', '安徽', '滁州', '凤阳县', '东塍镇房东工作地址250', '', '', '未审核', -1, '', NULL, NULL),
	(251, '殷某人', '3411199901010069', '15266662332', '安徽', '滁州', '凤阳县', '东塍镇房东工作地址251', '', '', '未审核', -1, '', NULL, NULL),
	(252, '刘某人', '3411199901010013', '18866660293', '安徽', '滁州', '凤阳县', '东塍镇房东工作地址252', '', '', '未审核', -1, '', NULL, NULL),
	(253, '刘某人', '3411199901010020', '15266662332', '安徽', '滁州', '凤阳县', '东塍镇房东工作地址253', '', '', '未审核', -1, '', NULL, NULL),
	(254, '夏某人', '4201199901010038', '15966665889', '湖北', '武汉', '武昌区', '东塍镇房东工作地址254', '', '', '未审核', -1, '', NULL, NULL),
	(255, '徐某人', '3623199901010018', '15866669970', '江西', '上饶', '万年县', '东塍镇房东工作地址255', '', '', '未审核', -1, '', NULL, NULL),
	(256, '苏某人', '2223199901010017', '15566667678', '吉林', '松原', '前郭尔罗斯蒙古族自治县', '东塍镇房东工作地址256', '', '', '未审核', -1, '', NULL, NULL),
	(257, '孙某人', '2207199901010022', '15566667678', '吉林', '松原', '前郭尔罗斯蒙古族自治县', '东塍镇房东工作地址257', '', '', '未审核', -1, '', NULL, NULL),
	(258, '陈某人', '5224199901010094', '18266668019', '贵州', '毕节', '威宁', '东塍镇房东工作地址258', '', '', '未审核', -1, '', NULL, NULL),
	(259, '林某人', '5224199901010049', '15166665666', '贵州', '毕节', '毕节市', '东塍镇房东工作地址259', '', '', '未审核', -1, '', NULL, NULL),
	(260, '梁某人', '5223199901010031', '13766666472', '贵州', '黔西南', '晴隆县', '东塍镇房东工作地址260', '', '', '未审核', -1, '', NULL, NULL),
	(261, '梁某人', '0000199901010000', '13766666472', '', '', '', '东塍镇房东工作地址261', '幼儿，户口未上', '', '未审核', -1, '', NULL, NULL),
	(262, '梁某人', '5223199901010031', '13766666472', '贵州', '黔西南', '晴隆县', '东塍镇房东工作地址262', '', '', '未审核', -1, '', NULL, NULL),
	(263, '苏某人', '3505199901010004', '15166661708', '福建', '泉州', '南安市', '东塍镇房东工作地址263', '', '', '未审核', -1, '', NULL, NULL),
	(264, '赵某人', '3412199901010024', '15666668632', '安徽', '亳州', '涡阳县', '东塍镇房东工作地址264', '', '', '未审核', -1, '', NULL, NULL),
	(265, '孙某人', '3421199901010049', '15666669857', '安徽', '亳州', '涡阳县', '东塍镇房东工作地址265', '', '', '未审核', -1, '', NULL, NULL),
	(266, '王某人', '3421199901010019', '15666669857', '安徽', '亳州', '涡阳县', '东塍镇房东工作地址266', '', '', '未审核', -1, '', NULL, NULL),
	(267, '王某人', '3416199901010058', '15666669857', '安徽', '亳州', '涡阳县', '东塍镇房东工作地址267', '', '', '未审核', -1, '', NULL, NULL),
	(268, '王某人', '341619990101002x', '15666669857', '安徽', '亳州', '涡阳县', '东塍镇房东工作地址268', '', '', '未审核', -1, '', NULL, NULL),
	(269, '王某人', '3412199901010020', '15566663368', '安徽', '亳州', '涡阳县', '东塍镇房东工作地址269', '', '', '未审核', -1, '', NULL, NULL),
	(270, '赵某人', '3412199901010019', '18866666620', '安徽', '亳州', '涡阳县', '东塍镇房东工作地址270', '', '', '未审核', -1, '', NULL, NULL),
	(271, '赵某人', '3416199901010014', '18866666620', '安徽', '亳州', '涡阳县', '东塍镇房东工作地址271', '', '', '未审核', -1, '', NULL, NULL),
	(272, '赵某人', '3416199901010022', '18866666620', '安徽', '亳州', '涡阳县', '东塍镇房东工作地址272', '', '', '未审核', -1, '', NULL, NULL),
	(273, '纪某人', '3412199901010024', '13966666739', '安徽', '亳州', '利辛县', '东塍镇房东工作地址273', '', '', '未审核', -1, '', NULL, NULL),
	(274, '李某人', '3421199901010018', '15866663743', '安徽', '亳州', '利辛县', '东塍镇房东工作地址274', '', '', '未审核', -1, '', NULL, NULL),
	(275, '李某人', '3416199901010042', '15866663743', '安徽', '亳州', '利辛县', '东塍镇房东工作地址275', '', '', '未审核', -1, '', NULL, NULL),
	(276, '李某人', '3416199901010058', '15866663743', '安徽', '亳州', '利辛县', '东塍镇房东工作地址276', '', '', '未审核', -1, '', NULL, NULL),
	(277, '徐某人', '3602199901010055', '13966667792', '江西', '景德镇', '乐平市', '东塍镇房东工作地址277', '', '', '未审核', -1, '', NULL, NULL),
	(278, '朱某人', '360219990101004x', '13966667792', '江西', '景德镇', '乐平市', '东塍镇房东工作地址278', '', '', '未审核', -1, '', NULL, NULL),
	(279, '徐某人', '3602199901010059', '15966660531', '江西', '景德镇', '乐平市', '东塍镇房东工作地址279', '', '', '未审核', -1, '', NULL, NULL),
	(280, '朱某人', '3602199901010030', '15866664739', '江西', '景德镇', '乐平市', '东塍镇房东工作地址280', '', '', '未审核', -1, '', NULL, NULL),
	(281, '徐某人', '3602199901010025', '13966667792', '江西', '景德镇', '乐平市', '东塍镇房东工作地址281', '', '', '未审核', -1, '', NULL, NULL),
	(282, '周某人', '5227199901010088', '13666665561', '贵州', '黔南', '平塘县', '东塍镇房东工作地址282', '', '', '未审核', -1, '', NULL, NULL),
	(283, '周某人', '5227199901010017', '13666665561', '贵州', '黔南', '平塘县', '东塍镇房东工作地址283', '', '', '未审核', -1, '', NULL, NULL),
	(284, '石某人', '5227199901010038', '13666665561', '贵州', '黔南', '平塘县', '东塍镇房东工作地址284', '', '', '未审核', -1, '', NULL, NULL),
	(285, '黎某人', '5227199901010046', '13466662530', '贵州', '黔南', '平塘县', '东塍镇房东工作地址285', '', '', '未审核', -1, '', NULL, NULL),
	(286, '刘某人', '3412199901010015', '15266661313', '安徽', '亳州', '涡阳县', '东塍镇房东工作地址286', '', '', '未审核', -1, '', NULL, NULL),
	(287, '王某人', '3412199901010023', '18266662656', '安徽', '亳州', '涡阳县', '东塍镇房东工作地址287', '', '', '未审核', -1, '', NULL, NULL),
	(288, '刘某人', '341619990101001x', '15266661313', '安徽', '亳州', '涡阳县', '东塍镇房东工作地址288', '', '', '未审核', -1, '', NULL, NULL),
	(289, '刘某人', '3416199901010083', '15266661313', '安徽', '亳州', '涡阳县', '东塍镇房东工作地址289', '', '', '未审核', -1, '', NULL, NULL),
	(291, '杨某人', '4128199901010028', '18366668461', '河南', '驻马店', '新蔡县', '东塍镇房东工作地址291', '', '', '未审核', -1, '', NULL, NULL),
	(292, '刘某人', '412819990101000x', '15166669680', '河南', '驻马店', '新蔡县', '东塍镇房东工作地址292', '', '', '未审核', -1, '', NULL, NULL),
	(293, '孙某人', '3416199901010012', '15166669680', '安徽', '亳州', '涡阳县', '东塍镇房东工作地址293', '', '', '未审核', -1, '', NULL, NULL),
	(294, '刘某人', '3412199901010078', '15166669026', '安徽', '亳州', '涡阳县', '东塍镇房东工作地址294', '', '', '未审核', -1, '', NULL, NULL),
	(295, '王某人', '3412199901010004', '15166665312', '安徽', '亳州', '涡阳县', '东塍镇房东工作地址295', '', '', '未审核', -1, '', NULL, NULL),
	(296, '刘某人', '3416199901010026', '15166669026', '安徽', '亳州', '涡阳县', '东塍镇房东工作地址296', '', '', '未审核', -1, '', NULL, NULL),
	(297, '刘某人', '3416199901010017', '15166669026', '安徽', '亳州', '涡阳县', '东塍镇房东工作地址297', '', '', '未审核', -1, '', NULL, NULL),
	(298, '赵某人', '3412199901010013', '15266668993', '安徽', '亳州', '涡阳县', '东塍镇房东工作地址298', '', '', '未审核', -1, '', NULL, NULL),
	(299, '赵某人', '3416199901010028', '15266668993', '安徽', '亳州', '涡阳县', '东塍镇房东工作地址299', '', '', '未审核', -1, '', NULL, NULL),
	(300, '袁某人', '3421199901010028', '15266668993', '安徽', '亳州', '涡阳县', '东塍镇房东工作地址300', '', '', '未审核', -1, '', NULL, NULL),
	(301, '赵某人', '3416199901010030', '15266668993', '安徽', '亳州', '涡阳县', '东塍镇房东工作地址301', '', '', '未审核', -1, '', NULL, NULL),
	(302, '刘某人', '3412199901010010', '15866664022', '安徽', '亳州', '涡阳县', '东塍镇房东工作地址302', '', '', '未审核', -1, '', NULL, NULL),
	(303, '孙某人', '3412199901010029', '15866664022', '安徽', '亳州', '涡阳县', '东塍镇房东工作地址303', '', '', '未审核', -1, '', NULL, NULL),
	(304, '刘某人', '3416199901010010', '15866662534', '安徽', '亳州', '涡阳县', '东塍镇房东工作地址304', '', '', '未审核', -1, '', NULL, NULL),
	(305, '王某人', '3412199901010009', '18066663118', '安徽', '亳州', '涡阳县', '东塍镇房东工作地址305', '', '', '未审核', -1, '', NULL, NULL),
	(306, '王某人', '3421199901010057', '15066662196', '安徽', '亳州', '涡阳县', '东塍镇房东工作地址306', '', '', '未审核', -1, '', NULL, NULL),
	(307, '王某人', '3416199901010050', '15066662196', '安徽', '亳州', '涡阳县', '东塍镇房东工作地址307', '', '', '未审核', -1, '', NULL, NULL),
	(308, '王某人', '3416199901010067', '15066668336', '安徽', '亳州', '涡阳县', '东塍镇房东工作地址308', '', '', '未审核', -1, '', NULL, NULL),
	(309, '刘某人', '3421199901010024', '15866660013', '安徽', '亳州', '涡阳县', '东塍镇房东工作地址309', '', '', '未审核', -1, '', NULL, NULL),
	(310, '徐某人', '4127199901010021', '17666662481', '河南', '周口', '沈丘县', '东塍镇房东工作地址310', '', '', '未审核', -1, '', NULL, NULL),
	(311, '徐某人', '4127199901010014', '13166663690', '河南', '周口', '沈丘县', '东塍镇房东工作地址311', '', '', '未审核', -1, '', NULL, NULL),
	(312, '丁某人', '4127199901010086', '18066669908', '河南', '周口', '沈丘县', '东塍镇房东工作地址312', '', '', '未审核', -1, '', NULL, NULL),
	(313, '徐某人', '4127199901010051', '13766666196', '河南', '周口', '沈丘县', '东塍镇房东工作地址313', '', '', '未审核', -1, '', NULL, NULL),
	(314, '项某人', '3326199901010012', '13566664584', '浙江', '台州', '仙居县', '东塍镇房东工作地址314', '', '', '未审核', -1, '', NULL, NULL),
	(315, '杨某人', '332619990101001x', '13066668593', '浙江', '台州', '三门县', '东塍镇房东工作地址315', '', '', '未审核', -1, '', NULL, NULL),
	(320, '汪某人', '3408199901010025', '15766665597', '安徽', '安庆', '望江县', '东塍镇房东工作地址320', '', '', '未审核', -1, '', NULL, NULL),
	(321, '汪某人', '3408199901010015', '15966668708', '安徽', '安庆', '望江县', '东塍镇房东工作地址321', '', '', '未审核', -1, '', NULL, NULL),
	(322, '邵某人', '3606199901010066', '15366661277', '江西', '鹰潭', '贵溪市', '东塍镇房东工作地址322', '', '', '未审核', -1, '', NULL, NULL),
	(323, '邹某人', '3606199901010031', '13666668182', '江西', '鹰潭', '贵溪市', '东塍镇房东工作地址323', '', '', '未审核', -1, '', NULL, NULL),
	(324, '吴某人', '3623199901010017', '15966662942', '江西', '上饶', '弋阳县', '东塍镇房东工作地址324', '', '', '未审核', -1, '', NULL, NULL),
	(325, '吴某人', '3623199901010027', '15966662942', '江西', '上饶', '弋阳县', '东塍镇房东工作地址325', '', '', '未审核', -1, '', NULL, NULL),
	(326, '吴某人', '3623199901010018', '15966662942', '江西', '上饶', '弋阳县', '东塍镇房东工作地址326', '', '', '未审核', -1, '', NULL, NULL),
	(327, '赵某人', '4305199901010026', '15266667360', '湖南', '邵阳', '新宁县', '东塍镇房东工作地址327', '', '', '未审核', -1, '', NULL, NULL),
	(328, '林某人', '5136199901010096', '15866669594', '四川', '广安', '邻水县', '东塍镇房东工作地址328', '', '', '未审核', -1, '', NULL, NULL),
	(329, '张某人', '5116199901010022', '18966669521', '四川', '广安', '岳池县', '东塍镇房东工作地址329', '', '', '未审核', -1, '', NULL, NULL),
	(330, '张某人', '5129199901010012', '18966669521', '四川', '广安', '岳池县', '东塍镇房东工作地址330', '', '', '未审核', -1, '', NULL, NULL),
	(331, '林某人', '5116199901010041', '18966669521', '四川', '广安', '岳池县', '东塍镇房东工作地址331', '', '', '未审核', -1, '', NULL, NULL),
	(332, '张某人', '360219990101001x', '13666661157', '江西', '景德镇', '乐平市', '东塍镇房东工作地址332', '', '', '未审核', -1, '', NULL, NULL),
	(333, '黄某人', '3602199901010043', '13566666734', '江西', '景德镇', '乐平市', '东塍镇房东工作地址333', '', '', '未审核', -1, '', NULL, NULL),
	(334, '张某人', '3602199901010040', '13666661157', '江西', '景德镇', '乐平市', '东塍镇房东工作地址334', '', '', '未审核', -1, '', NULL, NULL),
	(335, '张某人', '3602199901010030', '13666661157', '江西', '景德镇', '乐平市', '东塍镇房东工作地址335', '', '', '未审核', -1, '', NULL, NULL),
	(336, '刘某人', '3412199901010011', '13866665504', '安徽', '亳州', '涡阳县', '东塍镇房东工作地址336', '\n', '', '未审核', -1, '', NULL, NULL),
	(337, '陈某人', '411519990101006x', '13866665504', '河南', '信阳', '浉河区', '东塍镇房东工作地址337', '', '', '未审核', -1, '', NULL, NULL),
	(338, '刘某人', '3416199901010033', '13866665504', '安徽', '亳州', '涡阳县', '东塍镇房东工作地址338', '', '', '未审核', -1, '', NULL, NULL),
	(339, '刘某人', '3416199901010042', '13866665504', '安徽', '亳州', '涡阳县', '东塍镇房东工作地址339', '', '', '未审核', -1, '', NULL, NULL),
	(340, '王某人', '5130199901010013', '13666668936', '四川', '达州', '渠县', '东塍镇房东工作地址340', '', '', '未审核', -1, '', NULL, NULL),
	(341, '王某人', '5117199901010055', '13666668936', '四川', '达州', '渠县', '东塍镇房东工作地址341', '', '', '未审核', -1, '', NULL, NULL),
	(342, '罗某人', '5130199901010026', '13666668936', '四川', '达州', '渠县', '东塍镇房东工作地址342', '', '', '未审核', -1, '', NULL, NULL),
	(343, '王某人', '5117199901010015', '13666668936', '四川', '达州', '渠县', '东塍镇房东工作地址343', '', '', '未审核', -1, '', NULL, NULL),
	(344, '谭某人', '6124199901010016', '13966667580', '陕西', '安康', '旬阳县', '东塍镇房东工作地址344', '', '', '未审核', -1, '', NULL, NULL),
	(345, '曹某人', '6124199901010063', '13066667765', '陕西', '安康', '旬阳县', '东塍镇房东工作地址345', '', '', '未审核', -1, '', NULL, NULL),
	(346, '罗某人', '5225199901010011', '18966666889', '贵州', '安顺', '关岭布依族苗族自治县', '东塍镇房东工作地址346', '', '', '未审核', -1, '', NULL, NULL),
	(347, '梁某人', '5225199901010044', '18966666889', '贵州', '安顺', '关岭布依族苗族自治县', '东塍镇房东工作地址347', '', '', '未审核', -1, '', NULL, NULL),
	(348, '陈某人', '4226199901010012', '18766669899', '湖北', '十堰', '房县', '东塍镇房东工作地址348', '', '', '未审核', -1, '', NULL, NULL),
	(349, '叶某人', '4226199901010013', '15166669163', '湖北', '十堰', '房县', '东塍镇房东工作地址349', '', '', '未审核', -1, '', NULL, NULL),
	(350, '李某人', '4226199901010040', '15166669163', '湖北', '十堰', '房县', '东塍镇房东工作地址350', '', '', '未审核', -1, '', NULL, NULL),
	(351, '任某人', '4226199901010014', '13166668576', '湖北', '十堰', '房县', '东塍镇房东工作地址351', '', '', '未审核', -1, '', NULL, NULL),
	(352, '周某人', '5335199901010029', '14766667348', '云南', '临沧', '永德县', '东塍镇房东工作地址352', '', '', '未审核', -1, '', NULL, NULL),
	(353, '李某人', '5335199901010031', '18466668795', '云南', '临沧', '永德县', '东塍镇房东工作地址353', '', '', '未审核', -1, '', NULL, NULL),
	(354, '王某人', '4105199901010060', '13266667931', '河南', '安阳', '滑县', '东塍镇房东工作地址354', '', '', '未审核', -1, '', NULL, NULL),
	(355, '焦某人', '4105199901010053', '13666668586', '河南', '安阳', '滑县', '东塍镇房东工作地址355', '', '', '未审核', -1, '', NULL, NULL),
	(356, '崔某人', '3403199901010086', '18366667049', '安徽', '蚌埠', '怀远县', '东塍镇房东工作地址356', '', '', '未审核', -1, '', NULL, NULL),
	(357, '李某人', '340319990101008x', '18366667049', '安徽', '蚌埠', '怀远县', '东塍镇房东工作地址357', '', '', '未审核', -1, '', NULL, NULL),
	(358, '李某人', '3403199901010077', '15266661062', '安徽', '蚌埠', '怀远县', '东塍镇房东工作地址358', '', '', '未审核', -1, '', NULL, NULL),
	(359, '崔某人', '3403199901010086', '18266663903', '安徽', '蚌埠', '怀远县', '东塍镇房东工作地址359', '', '', '未审核', -1, '', NULL, NULL),
	(360, '王某人', '3412199901010017', '15366661170', '安徽', '亳州', '涡阳县', '东塍镇房东工作地址360', '', '', '未审核', -1, '', NULL, NULL),
	(361, '周某人', '3412199901010021', '18366666039', '安徽', '亳州', '涡阳县', '东塍镇房东工作地址361', '', '', '未审核', -1, '', NULL, NULL),
	(362, '王某人', '341619990101004x', '15366661170', '安徽', '亳州', '涡阳县', '东塍镇房东工作地址362', '', '', '未审核', -1, '', NULL, NULL),
	(363, '王某人', '341619990101005x', '15366661170', '安徽', '亳州', '涡阳县', '东塍镇房东工作地址363', '', '', '未审核', -1, '', NULL, NULL),
	(364, '张某人', '3412199901010032', '15866660828', '安徽', '亳州', '涡阳县', '东塍镇房东工作地址364', '', '', '未审核', -1, '', NULL, NULL),
	(365, '盛某人', '3412199901010023', '18866668539', '安徽', '亳州', '涡阳县', '东塍镇房东工作地址365', '', '', '未审核', -1, '', NULL, NULL),
	(366, '张某人', '341619990101001x', '13166668317', '安徽', '亳州', '涡阳县', '东塍镇房东工作地址366', '', '', '未审核', -1, '', NULL, NULL),
	(367, '张某人', '341619990101004x', '18766669789', '安徽', '亳州', '涡阳县', '东塍镇房东工作地址367', '', '', '未审核', -1, '', NULL, NULL),
	(368, '王某人', '3412199901010051', '15166663387', '安徽', '亳州', '涡阳县', '东塍镇房东工作地址368', '', '', '未审核', -1, '', NULL, NULL),
	(369, '刘某人', '3416199901010028', '18366669527', '安徽', '亳州', '涡阳县', '东塍镇房东工作地址369', '', '', '未审核', -1, '', NULL, NULL),
	(370, '王某人', '3416199901010011', '15166663387', '安徽', '亳州', '涡阳县', '东塍镇房东工作地址370', '', '', '未审核', -1, '', NULL, NULL),
	(371, '王某人', '341619990101008x', '15166663387', '安徽', '亳州', '涡阳县', '东塍镇房东工作地址371', '', '', '未审核', -1, '', NULL, NULL),
	(372, '王某人', '511019990101002x', '13566664598', '四川', '成都', '青羊区', '东塍镇房东工作地址372', '', '', '未审核', -1, '', NULL, NULL),
	(373, '付某人', '5110199901010036', '13866669943', '四川', '成都', '青羊区', '东塍镇房东工作地址373', '', '', '未审核', -1, '', NULL, NULL),
	(374, '付某人', '5120199901010027', '13866669943', '四川', '成都', '青羊区', '东塍镇房东工作地址374', '', '', '未审核', -1, '', NULL, NULL),
	(375, '熊某人', '5122199901010011', '18866665701', '四川', '成都', '青羊区', '东塍镇房东工作地址375', '', '', '未审核', -1, '', NULL, NULL),
	(376, '赵某人', '342119990101004x', '13566663023', '安徽', '亳州', '涡阳县', '东塍镇房东工作地址376', '', '', '未审核', -1, '', NULL, NULL),
	(377, '王某人', '3416199901010018', '13566660323', '安徽', '亳州', '涡阳县', '东塍镇房东工作地址377', '', '', '未审核', -1, '', NULL, NULL),
	(378, '王某人', '3416199901010046', '13566660323', '安徽', '亳州', '涡阳县', '东塍镇房东工作地址378', '', '', '未审核', -1, '', NULL, NULL),
	(379, '王某人', '3412199901010017', '13566660323', '安徽', '亳州', '涡阳县', '东塍镇房东工作地址379', '', '', '未审核', -1, '', NULL, NULL),
	(380, '张某人', '3326199901010077', '13666669259', '浙江', '台州', '温岭市', '东塍镇房东工作地址380', '', '', '未审核', -1, '', NULL, NULL),
	(381, '邬某人', '4313199901010086', '13666669259', '湖南', '娄底', '新化县', '东塍镇房东工作地址381', '', '', '未审核', -1, '', NULL, NULL),
	(382, '张某人', '3310199901010036', '13766660864', '浙江', '台州', '温岭市', '东塍镇房东工作地址382', '', '', '未审核', -1, '', NULL, NULL),
	(383, '李某人', '3412199901010013', '13966667323', '安徽', '亳州', '蒙城县', '东塍镇房东工作地址383', '', '', '未审核', -1, '', NULL, NULL),
	(384, '谢某人', '3412199901010041', '15266668803', '安徽', '亳州', '蒙城县', '东塍镇房东工作地址384', '', '', '未审核', -1, '', NULL, NULL),
	(385, '陈某人', '4325199901010077', '18766668288', '湖南', '娄底', '涟源市', '东塍镇房东工作地址385', '', '', '未审核', -1, '', NULL, NULL),
	(386, '黄某人', '4325199901010040', '15366662991', '湖南', '娄底', '涟源市', '东塍镇房东工作地址386', '', '', '未审核', -1, '', NULL, NULL),
	(387, '王某人', '5116199901010005', '18766669288', '四川', '广安', '岳池县', '东塍镇房东工作地址387', '', '', '未审核', -1, '', NULL, NULL),
	(388, '周某人', '5225199901010044', '13966664416', '贵州', '贵阳', '开阳县', '东塍镇房东工作地址388', '', '', '未审核', -1, '', NULL, NULL),
	(389, '杨某人', '6124199901010073', '15966665363', '陕西', '安康', '汉滨区', '东塍镇房东工作地址389', '', '', '未审核', -1, '', NULL, NULL),
	(390, '刘某人', '6123199901010029', '18366660195', '陕西', '汉中', '城固县', '东塍镇房东工作地址390', '', '', '未审核', -1, '', NULL, NULL),
	(391, '周某人', '3412199901010012', '13966667210', '安徽', '亳州', '涡阳县', '东塍镇房东工作地址391', '', '', '未审核', -1, '', NULL, NULL),
	(392, '张某人', '3204199901010025', '15966663388', '江苏', '常州', '天宁区', '东塍镇房东工作地址392', '', '', '未审核', -1, '', NULL, NULL),
	(393, '陈某人', '3202199901010094', '15366668612', '江苏', '无锡', '宜兴市', '东塍镇房东工作地址393', '', '', '未审核', -1, '', NULL, NULL),
	(394, '程某人', '4213199901010032', '18766661756', '湖北', '随州', '曾都区', '东塍镇房东工作地址394', '', '', '未审核', -1, '', NULL, NULL),
	(395, '尹某人', '4290199901010047', '13966661727', '湖北', '随州', '曾都区', '东塍镇房东工作地址395', '', '', '未审核', -1, '', NULL, NULL),
	(396, '刘某人', '6123199901010029', '18366660195', '陕西', '汉中', '城固县', '东塍镇房东工作地址396', '', '', '未审核', -1, '', NULL, NULL),
	(397, '允某人', '1309199901010014', '13366667943', '河北', '沧州', '海兴县', '东塍镇房东工作地址397', '', '', '未审核', -1, '', NULL, NULL),
	(398, '巴某人', '1521199901010010', '17666662625', '河北', '沧州', '海兴县', '东塍镇房东工作地址398', '', '', '未审核', -1, '', NULL, NULL),
	(399, '陈某人', '4306199901010052', '15666665279', '湖南', '岳阳', '华容县', '东塍镇房东工作地址399', '', '', '未审核', -1, '', NULL, NULL),
	(400, '方某人', '4211199901010017', '13566664146', '湖北', '黄冈', '罗田县', '东塍镇房东工作地址400', '', '', '未审核', -1, '', NULL, NULL),
	(401, '侯某人', '3203199901010023', '15866668586', '江苏', '徐州', '邳州市', '东塍镇房东工作地址401', '', '', '未审核', -1, '', NULL, NULL),
	(402, '曹某人', '3203199901010013', '15866668586', '江苏', '徐州', '新沂市', '东塍镇房东工作地址402', '', '', '未审核', -1, '', NULL, NULL),
	(403, '曹某人', '320319990101001x', '15866668586', '江苏', '徐州', '新沂市', '东塍镇房东工作地址403', '', '', '未审核', -1, '', NULL, NULL),
	(404, '马某人', '612419990101003x', '13366667298', '陕西', '安康', '汉滨区', '东塍镇房东工作地址404', '', '', '未审核', -1, '', NULL, NULL),
	(405, '唐某人', '612419990101002x', '15766669370', '陕西', '安康', '汉滨区', '东塍镇房东工作地址405', '', '', '未审核', -1, '', NULL, NULL),
	(406, '华某人', '4130199901010018', '13966669094', '河南', '信阳', '固始县', '东塍镇房东工作地址406', '', '', '未审核', -1, '', NULL, NULL),
	(407, '韩某人', '4130199901010039', '13966669326', '河南', '信阳', '固始县', '东塍镇房东工作地址407', '', '', '未审核', -1, '', NULL, NULL),
	(408, '张某人', '3622199901010014', '15066660388', '江西', '宜春', '万载县', '东塍镇房东工作地址408', '', '', '未审核', -1, '', NULL, NULL),
	(409, '邱某人', '3624199901010034', '18866668691', '江西', '吉安', '永丰县', '东塍镇房东工作地址409', '', '', '未审核', -1, '', NULL, NULL),
	(410, '董某人', '3602199901010073', '13966668199', '江西', '景德镇', '乐平市', '东塍镇房东工作地址410', '', '', '未审核', -1, '', NULL, NULL),
	(411, '董某人', '3602199901010037', '13966668199', '江西', '景德镇', '乐平市', '东塍镇房东工作地址411', '', '', '未审核', -1, '', NULL, NULL),
	(412, '江某人', '3623199901010023', '13966668507', '江西', '上饶', '万年县', '东塍镇房东工作地址412', '', '', '未审核', -1, '', NULL, NULL),
	(413, '王某人', '3412199901010033', '13966666638', '安徽', '阜阳', '颍东区', '东塍镇房东工作地址413', '', '', '未审核', -1, '', NULL, NULL),
	(414, '唐某人', '4331199901010026', '18366666393', '湖南', '湘西', '凤凰县', '东塍镇房东工作地址414', '', '', '未审核', -1, '', NULL, NULL),
	(415, '许某人', '4123199901010015', '18266667025', '河南', '商丘', '梁园区', '东塍镇房东工作地址415', '', '', '未审核', -1, '', NULL, NULL),
	(416, '陶某人', '4123199901010020', '18266667025', '河南', '商丘', '梁园区', '东塍镇房东工作地址416', '', '', '未审核', -1, '', NULL, NULL),
	(417, '崔某人', '3602199901010010', '15866668511', '江西', '景德镇', '乐平市', '东塍镇房东工作地址417', '', '', '未审核', -1, '', NULL, NULL),
	(418, '向某人', '433119990101002x', '15066664741', '湖南', '湘西', '永顺县', '东塍镇房东工作地址418', '', '', '未审核', -1, '', NULL, NULL),
	(419, '李某人', '4331199901010010', '15066664741', '湖南', '湘西', '永顺县', '东塍镇房东工作地址419', '', '', '未审核', -1, '', NULL, NULL),
	(420, '张某人', '3422199901010024', '13966662355', '安徽', '宿州', '埇桥区', '东塍镇房东工作地址420', '', '', '未审核', -1, '', NULL, NULL),
	(421, '王某人', '3729199901010055', '18866669398', '山东', '菏泽', '定陶县', '东塍镇房东工作地址421', '', '', '未审核', -1, '', NULL, NULL),
	(422, '皮某人', '3424199901010087', '13566663156', '安徽', '六安', '寿县', '东塍镇房东工作地址422', '', '', '未审核', -1, '', NULL, NULL),
	(423, '石某人', '4331199901010042', '15166662286', '湖南', '湘西', '保靖县', '东塍镇房东工作地址423', '', '', '未审核', -1, '', NULL, NULL),
	(424, '张某人', '4331199901010034', '15166662286', '湖南', '湘西', '保靖县', '东塍镇房东工作地址424', '', '', '未审核', -1, '', NULL, NULL),
	(425, '杨某人', '1422199901010001', '15366661271', '山西', '忻州', '河曲县', '东塍镇房东工作地址425', '', '', '未审核', -1, '', NULL, NULL),
	(426, '郭某人', '3211199901010016', '13566665372', '江苏', '镇江', '句容市', '东塍镇房东工作地址426', '', '', '未审核', -1, '', NULL, NULL),
	(427, '马某人', '332519990101002x', '13566665372', '浙江', '丽水', '缙云县', '东塍镇房东工作地址427', '', '', '未审核', -1, '', NULL, NULL),
	(428, '郭某人', '0000199901010000', '13566665372', '江苏', '镇江', '句容市', '东塍镇房东工作地址428', '身份证未知', '', '未审核', -1, '', NULL, NULL),
	(429, '郭某人', '0000199901010000', '13566665372', '江苏', '镇江', '句容市', '东塍镇房东工作地址429', '', '', '未审核', -1, '', NULL, NULL),
	(430, '许某人', '3213199901010073', '15166663362', '江苏', '宿迁', '泗洪县', '东塍镇房东工作地址430', '', '', '未审核', -1, '', NULL, NULL),
	(431, '许某人', '3213199901010019', '15166663362', '江苏', '宿迁', '泗洪县', '东塍镇房东工作地址431', '', '', '未审核', -1, '', NULL, NULL),
	(432, '熊某人', '5326199901010045', '15066667690', '云南', '文山', '文山县', '东塍镇房东工作地址432', '', '', '未审核', -1, '', NULL, NULL),
	(433, '陶某人', '5326199901010031', '15066667690', '云南', '文山', '文山县', '东塍镇房东工作地址433', '', '', '未审核', -1, '', NULL, NULL),
	(434, '陶某人', '5326199901010006', '15066667690', '云南', '文山', '西畴县', '东塍镇房东工作地址434', '', '', '未审核', -1, '', NULL, NULL),
	(435, '陈某人', '5227199901010014', '13866661653', '贵州', '黔南', '平塘县', '东塍镇房东工作地址435', '', '', '未审核', -1, '', NULL, NULL),
	(436, '陈某人', '522719990101003x', '13866661653', '贵州', '黔南', '平塘县', '东塍镇房东工作地址436', '', '', '未审核', -1, '', NULL, NULL),
	(437, '陈某人', '5227199901010084', '13866661653', '贵州', '黔南', '平塘县', '东塍镇房东工作地址437', '', '', '未审核', -1, '', NULL, NULL),
	(438, '王某人', '330219990101003x', '15066665665', '江西', '上饶', '鄱阳县', '东塍镇房东工作地址438', '', '', '未审核', -1, '', NULL, NULL),
	(439, '鲁某人', '3623199901010042', '18066662842', '江西', '上饶', '鄱阳县', '东塍镇房东工作地址439', '', '', '未审核', -1, '', NULL, NULL),
	(440, '王某人', '340319990101009x', '15066660528', '安徽', '蚌埠', '怀远县', '东塍镇房东工作地址440', '', '', '未审核', -1, '', NULL, NULL),
	(441, '王某人', '362319990101009x', '15866665393', '江西', '上饶', '鄱阳县', '东塍镇房东工作地址441', '', '', '未审核', -1, '', NULL, NULL),
	(442, '杨某人', '5227199901010014', '15066668090', '贵州', '黔南', '平塘县', '东塍镇房东工作地址442', '', '', '未审核', -1, '', NULL, NULL),
	(443, '陈某人', '5227199901010014', '13866661633', '贵州', '黔南', '平塘县', '东塍镇房东工作地址443', '', '', '未审核', -1, '', NULL, NULL),
	(444, '陈某人', '522719990101003x', '13866661633', '贵州', '黔南', '平塘县', '东塍镇房东工作地址444', '', '', '未审核', -1, '', NULL, NULL),
	(445, '陈某人', '5227199901010084', '13866661633', '贵州', '黔南', '平塘县', '东塍镇房东工作地址445', '', '', '未审核', -1, '', NULL, NULL),
	(446, '潘某人', '410219990101002x', '13766665906', '河南', '开封', '杞县', '东塍镇房东工作地址446', '', '', '未审核', -1, '', NULL, NULL),
	(447, '夏某人', '4527199901010026', '15966666406', '广西', '河池', '都安', '东塍镇房东工作地址447', '', '', '未审核', -1, '', NULL, NULL),
	(448, '候某人', '3203199901010060', '13766666974', '江苏', '徐州', '沛县', '东塍镇房东工作地址448', '', '', '未审核', -1, '', NULL, NULL),
	(449, '代某人', '4226199901010037', '13766665262', '湖北', '十堰', '房县', '东塍镇房东工作地址449', '', '', '未审核', -1, '', NULL, NULL),
	(450, '罗某人', '522319990101004x', '13766662362', '贵州', '黔西南', '晴隆县', '东塍镇房东工作地址450', '', '', '未审核', -1, '', NULL, NULL),
	(451, '代某人', '4203199901010018', '13766662362', '湖北', '十堰', '房县', '东塍镇房东工作地址451', '', '', '未审核', -1, '', NULL, NULL),
	(452, '陶某人', '5326199901010031', '15066667690', '云南', '文山', '西畴县', '东塍镇房东工作地址452', '', '', '未审核', -1, '', NULL, NULL),
	(453, '熊某人', '5326199901010045', '15066667690', '云南', '文山', '文山县', '东塍镇房东工作地址453', '', '', '未审核', -1, '', NULL, NULL),
	(454, '陶某人', '5326199901010026', '15066667690', '云南', '文山', '西畴县', '东塍镇房东工作地址454', '', '', '未审核', -1, '', NULL, NULL),
	(455, '吴某人', '4203199901010011', '13866665841', '湖北', '十堰', '房县', '东塍镇房东工作地址455', '', '', '未审核', -1, '', NULL, NULL),
	(456, '赵某人', '3321199901010013', '15566661885', '浙江', '嘉兴', '桐乡市', '东塍镇房东工作地址456', '', '', '未审核', -1, '', NULL, NULL),
	(457, '李某人', '3412199901010024', '18766662715', '安徽', '亳州', '蒙城县', '东塍镇房东工作地址457', '', '', '未审核', -1, '', NULL, NULL),
	(458, '李某人', '5329199901010022', '18366667376', '云南', '大理', '宾川县', '东塍镇房东工作地址458', '', '', '未审核', -1, '', NULL, NULL),
	(460, '李某人', '5329199901010034', '13566666165', '云南', '大理', '宾川县', '东塍镇房东工作地址460', '', '', '未审核', -1, '', NULL, NULL),
	(461, '唐某人', '5222199901010035', '15266664079', '贵州', '铜仁', '松桃', '东塍镇房东工作地址461', '', '', '未审核', -1, '', NULL, NULL),
	(462, '刘某人', '532919990101007x', '15266665306', '云南', '大理', '祥云县', '东塍镇房东工作地址462', '', '', '未审核', -1, '', NULL, NULL),
	(463, '赵某人', '3412199901010019', '13566663091', '安徽', '亳州', '涡阳县', '东塍镇房东工作地址463', '', '', '未审核', -1, '', NULL, NULL),
	(464, '王某人', '3412199901010021', '13666668566', '安徽', '亳州', '涡阳县', '东塍镇房东工作地址464', '', '', '未审核', -1, '', NULL, NULL),
	(465, '赵某人', '3416199901010053', '13766663421', '安徽', '亳州', '涡阳县', '东塍镇房东工作地址465', '', '', '未审核', -1, '', NULL, NULL),
	(466, '韦某人', '4527199901010050', '18366669323', '广西', '河池', '东兰县', '东塍镇房东工作地址466', '', '', '未审核', -1, '', NULL, NULL),
	(467, '韦某人', '4512199901010019', '13766666375', '广西', '河池', '东兰县', '东塍镇房东工作地址467', '', '', '未审核', -1, '', NULL, NULL),
	(468, '董某人', '5225199901010042', '13566663470', '贵州', '安顺', '西秀区', '东塍镇房东工作地址468', '', '', '未审核', -1, '', NULL, NULL),
	(469, '藏某人', '5224199901010045', '13766666375', '贵州', '毕节', '毕节市', '东塍镇房东工作地址469', '', '', '未审核', -1, '', NULL, NULL),
	(470, '张某人', '3713199901010026', '15966662687', '山东', '临沂', '郯城县', '东塍镇房东工作地址470', '', '', '未审核', -1, '', NULL, NULL),
	(471, '刘某人', '3713199901010013', '15966662687', '山东', '临沂', '郯城县', '东塍镇房东工作地址471', '', '', '未审核', -1, '', NULL, NULL),
	(472, '叶某人', '3602199901010023', '15066665576', '江西', '景德镇', '乐平市', '东塍镇房东工作地址472', '', '', '未审核', -1, '', NULL, NULL),
	(473, '叶某人', '3602199901010060', '15966665361', '江西', '景德镇', '乐平市', '东塍镇房东工作地址473', '', '', '未审核', -1, '', NULL, NULL),
	(474, '叶某人', '3602199901010029', '15966665361', '江西', '景德镇', '乐平市', '东塍镇房东工作地址474', '', '', '未审核', -1, '', NULL, NULL),
	(475, '胡某人', '5226199901010013', '18866668119', '贵州', '黔东南', '黎平县', '东塍镇房东工作地址475', '', '', '未审核', -1, '', NULL, NULL),
	(476, '田某人', '3412199901010049', '19866669056', '安徽', '亳州', '利辛县', '东塍镇房东工作地址476', '', '', '未审核', -1, '', NULL, NULL),
	(477, '李某人', '3412199901010034', '13966668648', '安徽', '亳州', '蒙城县', '东塍镇房东工作地址477', '', '', '未审核', -1, '', NULL, NULL),
	(478, '张某人', '3412199901010067', '13966668648', '安徽', '亳州', '蒙城县', '东塍镇房东工作地址478', '', '', '未审核', -1, '', NULL, NULL),
	(479, '刘某人', '3426199901010015', '13566662350', '安徽', '巢湖', '无为县', '东塍镇房东工作地址479', '', '', '未审核', -1, '', NULL, NULL),
	(480, '刘某人', '5115199901010012', '13766663753', '四川', '宜宾', '南溪县', '东塍镇房东工作地址480', '', '', '未审核', -1, '', NULL, NULL),
	(481, '向某人', '433119990101001x', '18866663889', '湖南', '湘西', '保靖县', '东塍镇房东工作地址481', '', '', '未审核', -1, '', NULL, NULL),
	(482, '杨某人', '4331199901010048', '13566665836', '湖南', '湘西', '保靖县', '东塍镇房东工作地址482', '', '', '未审核', -1, '', NULL, NULL),
	(483, '章某人', '3326199901010022', '15766668570', '浙江', '台州', '三门县', '东塍镇房东工作地址483', '', '', '未审核', -1, '', NULL, NULL),
	(484, '毛某人', '3326199901010017', '13566660866', '浙江', '台州', '三门县', '东塍镇房东工作地址484', '', '', '未审核', -1, '', NULL, NULL),
	(485, '谢某人', '3302199901010018', '13866661834', '浙江', '宁波', '象山县', '东塍镇房东工作地址485', '', '', '未审核', -1, '', NULL, NULL),
	(486, '龙某人', '4331199901010023', '18866660135', '湖南', '湘西', '吉首市', '东塍镇房东工作地址486', '', '', '未审核', -1, '', NULL, NULL),
	(487, '石某人', '4331199901010012', '17366665226', '湖南', '湘西', '吉首市', '东塍镇房东工作地址487', '', '', '未审核', -1, '', NULL, NULL),
	(488, '卢某人', '522519990101001x', '18066668767', '贵州', '安顺', '关岭布依族苗族自治县', '东塍镇房东工作地址488', '', '', '未审核', -1, '', NULL, NULL),
	(489, '罗某人', '5225199901010025', '15866660233', '贵州', '安顺', '关岭布依族苗族自治县', '东塍镇房东工作地址489', '', '', '未审核', -1, '', NULL, NULL),
	(490, '徐某人', '3203199901010010', '13566665259', '江苏', '徐州', '睢宁县', '东塍镇房东工作地址490', '', '', '未审核', -1, '', NULL, NULL),
	(491, '兰某人', '3203199901010061', '13966663783', '江苏', '徐州', '睢宁县', '东塍镇房东工作地址491', '', '', '未审核', -1, '', NULL, NULL),
	(492, '郦某人', '3326199901010015', '13866663370', '浙江', '台州', '三门县', '东塍镇房东工作地址492', '', '', '未审核', -1, '', NULL, NULL),
	(493, '郦某人', '3326199901010036', '18866668364', '浙江', '台州', '三门县', '东塍镇房东工作地址493', '', '', '未审核', -1, '', NULL, NULL),
	(494, '周某人', '4107199901010025', '18366661946', '河南', '新乡', '长垣县', '东塍镇房东工作地址494', '', '', '未审核', -1, '', NULL, NULL),
	(495, '王某人', '5224199901010000', '15766669409', '贵州', '毕节', '毕节市', '东塍镇房东工作地址495', '', '', '未审核', -1, '', NULL, NULL),
	(496, '王某人', '6205199901010027', '18066665797', '甘肃', '天水', '秦安县', '东塍镇房东工作地址496', '', '', '未审核', -1, '', NULL, NULL),
	(497, '周某人', '5130199901010024', '13866669811', '四川', '达州', '开江县', '东塍镇房东工作地址497', '', '', '未审核', -1, '', NULL, NULL),
	(498, '莫某人', '3302199901010046', '13766660532', '浙江', '宁波', '象山县', '东塍镇房东工作地址498', '', '', '未审核', -1, '', NULL, NULL),
	(499, '莫某人', '3302199901010010', '13766660532', '浙江', '宁波', '象山县', '东塍镇房东工作地址499', '', '', '未审核', -1, '', NULL, NULL),
	(500, '罗某人', '5225199901010011', '18966666889', '贵州', '安顺', '关岭布依族苗族自治县', '东塍镇房东工作地址500', '', '', '未审核', -1, '', NULL, NULL),
	(501, '徐某人', '3326199901010016', '13766665736', '浙江', '台州', '三门县', '东塍镇房东工作地址501', '', '', '未审核', -1, '', NULL, NULL),
	(502, '徐某人', '3326199901010014', '18866666059', '浙江', '台州', '三门县', '东塍镇房东工作地址502', '', '', '未审核', -1, '', NULL, NULL),
	(503, '唐某人', '513419990101002x', '15566666257', '四川', '凉山', '会东县', '东塍镇房东工作地址503', '', '', '未审核', -1, '', NULL, NULL),
	(504, '陈某人', '5202199901010012', '18266665817', '贵州', '六盘水', '六枝特区', '东塍镇房东工作地址504', '', '', '未审核', -1, '', NULL, NULL),
	(505, '葛某人', '3729199901010095', '13066663773', '山东', '菏泽', '曹县', '东塍镇房东工作地址505', '', '', '未审核', -1, '', NULL, NULL),
	(506, '匡某人', '4304199901010071', '19966668532', '湖南', '衡阳', '祁东县', '东塍镇房东工作地址506', '', '', '未审核', -1, '', NULL, NULL),
	(507, '石某人', '4331199901010016', '15666663536', '湖南', '湘西', '保靖县', '东塍镇房东工作地址507', '', '', '未审核', -1, '', NULL, NULL),
	(508, '张某人', '4331199901010013', '19866661910', '湖南', '湘西', '保靖县', '东塍镇房东工作地址508', '', '', '未审核', -1, '', NULL, NULL),
	(509, '乔某人', '4103199901010013', '13266667880', '河南', '洛阳', '洛宁县', '东塍镇房东工作地址509', '', '', '未审核', -1, '', NULL, NULL),
	(510, '井某人', '4103199901010012', '13566660052', '河南', '洛阳', '洛宁县', '东塍镇房东工作地址510', '', '', '未审核', -1, '', NULL, NULL),
	(511, '王某人', '4103199901010030', '15866663095', '河南', '洛阳', '洛宁县', '东塍镇房东工作地址511', '', '', '未审核', -1, '', NULL, NULL),
	(512, '凡某人', '4103199901010010', '18866660716', '河南', '洛阳', '洛宁县', '东塍镇房东工作地址512', '', '', '未审核', -1, '', NULL, NULL),
	(513, '杨某人', '4103199901010019', '18866663585', '河南', '洛阳', '洛宁县', '东塍镇房东工作地址513', '', '', '未审核', -1, '', NULL, NULL),
	(514, '杨某人', '4103199901010013', '18766663991', '河南', '洛阳', '洛宁县', '东塍镇房东工作地址514', '', '', '未审核', -1, '', NULL, NULL),
	(515, '乔某人', '4103199901010039', '15366662993', '河南', '洛阳', '洛宁县', '东塍镇房东工作地址515', '', '', '未审核', -1, '', NULL, NULL),
	(516, '王某人', '4103199901010016', '13566669591', '河南', '洛阳', '洛宁县', '东塍镇房东工作地址516', '', '', '未审核', -1, '', NULL, NULL),
	(517, '黄某人', '4304199901010097', '13766660157', '湖南', '衡阳', '耒阳市', '东塍镇房东工作地址517', '', '', '未审核', -1, '', NULL, NULL),
	(518, '张某人', '4304199901010021', '15866663934', '湖南', '衡阳', '耒阳市', '东塍镇房东工作地址518', '', '', '未审核', -1, '', NULL, NULL),
	(519, '黄某人', '4304199901010026', '15866663934', '湖南', '衡阳', '耒阳市', '东塍镇房东工作地址519', '', '', '未审核', -1, '', NULL, NULL),
	(520, '陆某人', '3308199901010057', '13566665696', '浙江', '衢州', '开化县', '东塍镇房东工作地址520', '', '', '未审核', -1, '', NULL, NULL),
	(521, '祝某人', '4522199901010036', '18066667822', '广西', '柳州', '融水', '东塍镇房东工作地址521', '', '', '未审核', -1, '', NULL, NULL),
	(522, '龙某人', '5226199901010027', '15266662759', '贵州', '黔东南', '锦屏县', '东塍镇房东工作地址522', '', '', '未审核', -1, '', NULL, NULL),
	(523, '郑某人', '362319990101007x', '19966665096', '江西', '上饶', '鄱阳县', '东塍镇房东工作地址523', '', '', '未审核', -1, '', NULL, NULL),
	(524, '王某人', '4331199901010021', '15966663786', '湖南', '湘西', '凤凰县', '东塍镇房东工作地址524', '', '', '未审核', -1, '', NULL, NULL),
	(525, '龙某人', '4331199901010020', '15066667015', '湖南', '湘西', '凤凰县', '东塍镇房东工作地址525', '', '', '未审核', -1, '', NULL, NULL),
	(526, '唐某人', '4311199901010033', '17766663599', '湖南', '永州', '零陵区', '东塍镇房东工作地址526', '', '', '未审核', -1, '', NULL, NULL),
	(527, '赵某人', '3412199901010030', '19966663108', '安徽', '阜阳', '颖上县', '东塍镇房东工作地址527', '', '', '未审核', -1, '', NULL, NULL),
	(528, '梁某人', '4111199901010065', '15266665120', '河南', '漯河', '郾城区', '东塍镇房东工作地址528', '', '', '未审核', -1, '', NULL, NULL),
	(529, '唐某人', '4329199901010071', '18366665680', '湖南', '永州', '江华', '东塍镇房东工作地址529', '', '', '未审核', -1, '', NULL, NULL),
	(530, '吴某人', '433119990101001x', '13766660911', '湖南', '湘西', '凤凰县', '东塍镇房东工作地址530', '', '', '未审核', -1, '', NULL, NULL),
	(531, '龙某人', '433119990101002x', '13766660911', '湖南', '湘西', '凤凰县', '东塍镇房东工作地址531', '', '', '未审核', -1, '', NULL, NULL),
	(532, '吴某人', '0000199901010000', '13766660911', '湖南', '湘西', '凤凰县', '东塍镇房东工作地址532', '', '', '未审核', -1, '', NULL, NULL),
	(533, '李某人', '4202199901010038', '13966663309', '湖北', '黄石', '阳新县', '东塍镇房东工作地址533', '', '', '未审核', -1, '', NULL, NULL),
	(534, '闫某人', '3729199901010018', '15966661113', '山东', '菏泽', '定陶县', '东塍镇房东工作地址534', '', '', '未审核', -1, '', NULL, NULL),
	(535, '于某人', '4127199901010094', '18366661190', '河南', '周口', '郸城县', '东塍镇房东工作地址535', '', '', '未审核', -1, '', NULL, NULL),
	(536, '周某人', '4127199901010037', '15066668890', '河南', '周口', '郸城县', '东塍镇房东工作地址536', '', '', '未审核', -1, '', NULL, NULL),
	(537, '刘某人', '3729199901010018', '13966660836', '山东', '菏泽', '定陶县', '东塍镇房东工作地址537', '', '', '未审核', -1, '', NULL, NULL),
	(538, '邓某人', '4127199901010055', '13966660836', '河南', '周口', '项城市', '东塍镇房东工作地址538', '', '', '未审核', -1, '', NULL, NULL),
	(539, '刘某人', '3602199901010010', '18066668017', '江西', '景德镇', '乐平市', '东塍镇房东工作地址539', '', '', '未审核', -1, '', NULL, NULL),
	(540, '罗某人', '5223199901010082', '13666666926', '贵州', '黔西南', '晴隆县', '东塍镇房东工作地址540', '', '', '未审核', -1, '', NULL, NULL),
	(541, '何某人', '3602199901010028', '18066668017', '江西', '景德镇', '乐平市', '东塍镇房东工作地址541', '', '', '未审核', -1, '', NULL, NULL),
	(542, '闫某人', '3729199901010012', '13066663067', '山东', '菏泽', '定陶县', '东塍镇房东工作地址542', '', '', '未审核', -1, '', NULL, NULL),
	(543, '梁某人', '522519990101007x', '15866662356', '贵州', '安顺', '关岭布依族苗族自治县', '东塍镇房东工作地址543', '', '', '未审核', -1, '', NULL, NULL),
	(544, '罗某人', '5225199901010034', '17766667828', '贵州', '安顺', '关岭布依族苗族自治县', '东塍镇房东工作地址544', '', '', '未审核', -1, '', NULL, NULL),
	(545, '罗某人', '5225199901010040', '15966664042', '贵州', '安顺', '关岭布依族苗族自治县', '东塍镇房东工作地址545', '', '', '未审核', -1, '', NULL, NULL),
	(546, '何某人', '422619990101001x', '15966664042', '湖北', '十堰', '房县', '东塍镇房东工作地址546', '', '', '未审核', -1, '', NULL, NULL),
	(547, '项某人', '5326199901010013', '17666662673', '云南', '文山', '马关县', '东塍镇房东工作地址547', '', '', '未审核', -1, '', NULL, NULL),
	(548, '陈某人', '4103199901010013', '18966665706', '河南', '洛阳', '洛宁县', '东塍镇房东工作地址548', '', '', '未审核', -1, '', NULL, NULL),
	(549, '师某人', '4103199901010019', '18066665563', '河南', '洛阳', '洛宁县', '东塍镇房东工作地址549', '', '', '未审核', -1, '', NULL, NULL),
	(550, '李某人', '5123199901010091', '15366660765', '重庆', '重庆', '涪陵区', '东塍镇房东工作地址550', '', '', '未审核', -1, '', NULL, NULL),
	(551, '林某人', '3326199901010046', '13866662452', '浙江', '台州', '三门县', '东塍镇房东工作地址551', '', '', '未审核', -1, '', NULL, NULL),
	(552, '罗某人', '5225199901010011', '13966669395', '贵州', '安顺', '关岭布依族苗族自治县', '东塍镇房东工作地址552', '', '', '未审核', -1, '', NULL, NULL),
	(553, '毕某人', '5335199901010020', '15566668088', '云南', '临沧', '镇康县', '东塍镇房东工作地址553', '', '', '未审核', -1, '', NULL, NULL),
	(554, '李某人', '3206199901010019', '13566662768', '江苏', '南通', '海安县', '东塍镇房东工作地址554', '', '', '未审核', -1, '', NULL, NULL),
	(555, '张某人', '3206199901010019', '18366661756', '江苏', '南通', '海安县', '东塍镇房东工作地址555', '', '', '未审核', -1, '', NULL, NULL),
	(556, '常某人', '4227199901010046', '15066660463', '湖北', '宜昌', '枝江市', '东塍镇房东工作地址556', '', '', '未审核', -1, '', NULL, NULL),
	(557, '绍某人', '3302199901010015', '18866669845', '浙江', '宁波', '象山县', '东塍镇房东工作地址557', '', '', '未审核', -1, '', NULL, NULL),
	(558, '费某人', '3403199901010018', '15066661567', '安徽', '蚌埠', '五河县', '东塍镇房东工作地址558', '', '', '未审核', -1, '', NULL, NULL),
	(559, '龙某人', '4331199901010014', '15966665695', '湖南', '湘西', '凤凰县', '东塍镇房东工作地址559', '', '', '未审核', -1, '', NULL, NULL),
	(560, '张某人', '3421199901010052', '13066662123', '安徽', '亳州', '谯城区', '东塍镇房东工作地址560', '', '', '未审核', -1, '', NULL, NULL),
	(561, '王某人', '3412199901010059', '13066669923', '安徽', '亳州', '谯城区', '东塍镇房东工作地址561', '', '', '未审核', -1, '', NULL, NULL),
	(562, '郑某人', '4205199901010019', '15866662180', '湖北', '宜昌', '秭归县', '东塍镇房东工作地址562', '', '', '未审核', -1, '', NULL, NULL),
	(563, '高某人', '3421199901010052', '18766663308', '安徽', '亳州', '涡阳县', '东塍镇房东工作地址563', '', '', '未审核', -1, '', NULL, NULL),
	(564, '赵某人', '3421199901010017', '13766668621', '安徽', '亳州', '涡阳县', '东塍镇房东工作地址564', '', '', '未审核', -1, '', NULL, NULL),
	(565, '赵某人', '3421199901010018', '15166661610', '安徽', '亳州', '涡阳县', '东塍镇房东工作地址565', '', '', '未审核', -1, '', NULL, NULL),
	(566, '王某人', '341219990101008x', '13766668947', '安徽', '亳州', '涡阳县', '东塍镇房东工作地址566', '', '', '未审核', -1, '', NULL, NULL),
	(567, '杜某人', '4127199901010039', '15166665617', '河南', '周口', '商水县', '东塍镇房东工作地址567', '', '', '未审核', -1, '', NULL, NULL),
	(568, '王某人', '4127199901010063', '18266665373', '河南', '周口', '商水县', '东塍镇房东工作地址568', '', '', '未审核', -1, '', NULL, NULL),
	(569, '杨某人', '4330199901010001', '15966663270', '湖南', '怀化', '溆浦县', '东塍镇房东工作地址569', '', '', '未审核', -1, '', NULL, NULL),
	(570, '刘某人', '0000199901010000', '15966663270', '湖南', '怀化', '溆浦县', '东塍镇房东工作地址570', '', '', '未审核', -1, '', NULL, NULL),
	(571, '杨某人', '0000199901010000', '15966663270', '湖南', '怀化', '溆浦县', '东塍镇房东工作地址571', '', '', '未审核', -1, '', NULL, NULL),
	(572, '张某人', '3704199901010024', '15366663125', '山东', '枣庄', '山亭区', '东塍镇房东工作地址572', '', '', '未审核', -1, '', NULL, NULL),
	(573, '曹某人', '3422199901010050', '18066668953', '安徽', '宿州', '埇桥区', '东塍镇房东工作地址573', '', '', '未审核', -1, '', NULL, NULL),
	(574, '俞某人', '4128199901010048', '15066663029', '河南', '驻马店', '上蔡县', '东塍镇房东工作地址574', '', '', '未审核', -1, '', NULL, NULL),
	(575, '王某人', '3623199901010083', '15066668562', '江西', '上饶', '广丰县', '东塍镇房东工作地址575', '', '', '未审核', -1, '', NULL, NULL),
	(576, '叶某人', '3408199901010020', '13666668688', '安徽', '安庆', '宿松县', '东塍镇房东工作地址576', '', '', '未审核', -1, '', NULL, NULL),
	(577, '杨某人', '5129199901010027', '13966666041', '四川', '南充', '南部县', '东塍镇房东工作地址577', '', '', '未审核', -1, '', NULL, NULL),
	(578, '梁某人', '450819990101007x', '15866665347', '广西', '贵港', '港北区', '东塍镇房东工作地址578', '', '', '未审核', -1, '', NULL, NULL),
	(579, '乔某人', '4103199901010023', '15266661006', '河南', '洛阳', '洛龙区', '东塍镇房东工作地址579', '', '', '未审核', -1, '', NULL, NULL),
	(580, '李某人', '5221199901010017', '13866664685', '贵州', '遵义', '正安县', '东塍镇房东工作地址580', '', '', '未审核', -1, '', NULL, NULL),
	(581, '左某人', '5303199901010012', '15966660061', '云南', '曲靖', '陆良县', '东塍镇房东工作地址581', '', '', '未审核', -1, '', NULL, NULL),
	(582, '王某人', '5107199901010059', '13566662193', '四川', '绵阳', '三台县', '东塍镇房东工作地址582', '', '', '未审核', -1, '', NULL, NULL),
	(583, '唐某人', '5108199901010062', '18366669905', '四川', '广元', '青川县', '东塍镇房东工作地址583', '', '', '未审核', -1, '', NULL, NULL),
	(584, '孙某人', '341219990101001x', '15066665720', '安徽', '亳州', '涡阳县', '东塍镇房东工作地址584', '', '', '未审核', -1, '', NULL, NULL),
	(585, '孙某人', '3412199901010039', '15066668292', '安徽', '亳州', '涡阳县', '东塍镇房东工作地址585', '', '', '未审核', -1, '', NULL, NULL),
	(586, '龙某人', '5227199901010022', '18266665200', '贵州', '黔南', '平塘县', '东塍镇房东工作地址586', '', '', '未审核', -1, '', NULL, NULL),
	(587, '孙某人', '3412199901010028', '15866667969', '安徽', '亳州', '涡阳县', '东塍镇房东工作地址587', '', '', '未审核', -1, '', NULL, NULL),
	(588, '魏某人', '3416199901010013', '15866667969', '安徽', '亳州', '涡阳县', '东塍镇房东工作地址588', '', '', '未审核', -1, '', NULL, NULL),
	(589, '魏某人', '3416199901010044', '15866667969', '安徽', '亳州', '涡阳县', '东塍镇房东工作地址589', '', '', '未审核', -1, '', NULL, NULL),
	(590, '王某人', '3416199901010026', '13566669397', '安徽', '亳州', '涡阳县', '东塍镇房东工作地址590', '', '', '未审核', -1, '', NULL, NULL),
	(591, '张某人', '3421199901010036', '13566669397', '安徽', '亳州', '涡阳县', '东塍镇房东工作地址591', '', '', '未审核', -1, '', NULL, NULL),
	(592, '王某人', '3416199901010013', '13566669397', '安徽', '亳州', '涡阳县', '东塍镇房东工作地址592', '', '', '未审核', -1, '', NULL, NULL),
	(593, '曹某人', '3421199901010061', '13566669397', '安徽', '亳州', '涡阳县', '东塍镇房东工作地址593', '', '', '未审核', -1, '', NULL, NULL),
	(594, '郑某人', '3422199901010014', '18666663836', '安徽', '宿州', '灵璧县', '东塍镇房东工作地址594', '', '', '未审核', -1, '', NULL, NULL),
	(595, '周某人', '4115199901010016', '15966662066', '河南', '信阳', '浉河区', '东塍镇房东工作地址595', '', '', '未审核', -1, '', NULL, NULL),
	(596, '陈某人', '411519990101006x', '15966666117', '河南', '信阳', '浉河区', '东塍镇房东工作地址596', '', '', '未审核', -1, '', NULL, NULL),
	(597, '罗某人', '5227199901010095', '15866663017', '贵州', '黔南', '惠水县', '东塍镇房东工作地址597', '', '', '未审核', -1, '', NULL, NULL),
	(598, '梁某人', '5227199901010009', '19166664392', '贵州', '黔南', '惠水县', '东塍镇房东工作地址598', '', '', '未审核', -1, '', NULL, NULL),
	(599, '孟某人', '3421199901010010', '15766669499', '安徽', '亳州', '涡阳县', '东塍镇房东工作地址599', '', '', '未审核', -1, '', NULL, NULL),
	(600, '孟某人', '3416199901010031', '15766669499', '安徽', '亳州', '涡阳县', '东塍镇房东工作地址600', '', '', '未审核', -1, '', NULL, NULL),
	(601, '赵某人', '3421199901010029', '18366664115', '安徽', '亳州', '涡阳县', '东塍镇房东工作地址601', '', '', '未审核', -1, '', NULL, NULL),
	(602, '符某人', '4331199901010020', '13466667517', '湖南', '湘西', '永顺县', '东塍镇房东工作地址602', '', '', '未审核', -1, '', NULL, NULL),
	(603, '瞿某人', '4331199901010029', '15266664741', '湖南', '湘西', '永顺县', '东塍镇房东工作地址603', '', '', '未审核', -1, '', NULL, NULL),
	(604, '瞿某人', '433119990101001x', '18866665265', '湖南', '湘西', '永顺县', '东塍镇房东工作地址604', '', '', '未审核', -1, '', NULL, NULL),
	(605, '徐某人', '3408199901010018', '13966665461', '安徽', '安庆', '枞阳县', '东塍镇房东工作地址605', '', '', '未审核', -1, '', NULL, NULL),
	(606, '徐某人', '3408199901010045', '13966665461', '安徽', '安庆', '枞阳县', '东塍镇房东工作地址606', '', '', '未审核', -1, '', NULL, NULL),
	(607, '徐某人', '3408199901010014', '13966665461', '安徽', '安庆', '枞阳县', '东塍镇房东工作地址607', '', '', '未审核', -1, '', NULL, NULL),
	(608, '蒋某人', '3412199901010027', '15666661129', '安徽', '亳州', '涡阳县', '东塍镇房东工作地址608', '', '', '未审核', -1, '', NULL, NULL),
	(609, '冯某人', '3412199901010028', '15266664251', '安徽', '亳州', '涡阳县', '东塍镇房东工作地址609', '', '', '未审核', -1, '', NULL, NULL),
	(610, '冯某人', '3416199901010020', '15966664438', '安徽', '亳州', '涡阳县', '东塍镇房东工作地址610', '', '', '未审核', -1, '', NULL, NULL),
	(611, '石某人', '433119990101000x', '13066669837', '湖南', '湘西', '保靖县', '东塍镇房东工作地址611', '', '', '未审核', -1, '', NULL, NULL),
	(612, '龙某人', '4331199901010018', '13066669837', '湖南', '湘西', '保靖县', '东塍镇房东工作地址612', '', '', '未审核', -1, '', NULL, NULL),
	(613, '周某人', '3412199901010012', '15966664438', '安徽', '亳州', '涡阳县', '东塍镇房东工作地址613', '', '', '未审核', -1, '', NULL, NULL),
	(614, '郑某人', '3326199901010018', '13766668567', '浙江', '台州', '黄岩区', '东塍镇房东工作地址614', '', '', '未审核', -1, '', NULL, NULL),
	(615, '欧某人', '5222199901010022', '15766663976', '贵州', '铜仁', '松桃', '东塍镇房东工作地址615', '', '', '未审核', -1, '', NULL, NULL),
	(616, '龙某人', '4331199901010057', '15766663976', '湖南', '湘西', '凤凰县', '东塍镇房东工作地址616', '', '', '未审核', -1, '', NULL, NULL),
	(617, '朱某人', '3416199901010017', '18866662723', '安徽', '亳州', '涡阳县', '东塍镇房东工作地址617', '', '', '未审核', -1, '', NULL, NULL),
	(618, '朱某人', '3416199901010032', '18866662723', '安徽', '亳州', '涡阳县', '东塍镇房东工作地址618', '', '', '未审核', -1, '', NULL, NULL),
	(619, '王某人', '0000199901010000', '18866662723', '安徽', '亳州', '涡阳县', '东塍镇房东工作地址619', '', '', '未审核', -1, '', NULL, NULL),
	(620, '刘某人', '3412199901010014', '15966665709', '安徽', '亳州', '涡阳县', '东塍镇房东工作地址620', '', '', '未审核', -1, '', NULL, NULL),
	(621, '陈某人', '340519990101005x', '15166665413', '安徽', '马鞍山', '当涂县', '东塍镇房东工作地址621', '', '', '未审核', -1, '', NULL, NULL),
	(622, '陈某人', '3405199901010049', '15166665413', '安徽', '马鞍山', '当涂县', '东塍镇房东工作地址622', '', '', '未审核', -1, '', NULL, NULL),
	(623, '程某人', '412719990101001x', '15866668701', '河南', '周口', '鹿邑县', '东塍镇房东工作地址623', '', '', '未审核', -1, '', NULL, NULL),
	(624, '刘某人', '3412199901010085', '15866668701', '安徽', '亳州', '涡阳县', '东塍镇房东工作地址624', '', '', '未审核', -1, '', NULL, NULL),
	(625, '程某人', '4116199901010010', '15866668701', '河南', '周口', '鹿邑县', '东塍镇房东工作地址625', '', '', '未审核', -1, '', NULL, NULL),
	(626, '赵某人', '3416199901010026', '17766667202', '安徽', '亳州', '涡阳县', '东塍镇房东工作地址626', '', '', '未审核', -1, '', NULL, NULL),
	(627, '王某人', '3412199901010016', '13566660403', '安徽', '亳州', '涡阳县', '东塍镇房东工作地址627', '', '', '未审核', -1, '', NULL, NULL),
	(628, '刘某人', '3412199901010029', '13566660403', '安徽', '亳州', '涡阳县', '东塍镇房东工作地址628', '', '', '未审核', -1, '', NULL, NULL),
	(629, '刘某人', '3412199901010014', '15066663269', '安徽', '亳州', '涡阳县', '东塍镇房东工作地址629', '', '', '未审核', -1, '', NULL, NULL),
	(630, '郭某人', '3412199901010048', '18866662443', '安徽', '亳州', '涡阳县', '东塍镇房东工作地址630', '', '', '未审核', -1, '', NULL, NULL),
	(631, '杨某人', '3306199901010010', '13966662420', '浙江', '绍兴', '嵊州市', '东塍镇房东工作地址631', '', '', '未审核', -1, '', NULL, NULL),
	(632, '杨某人', '330619990101002x', '13966662420', '浙江', '绍兴', '嵊州市', '东塍镇房东工作地址632', '', '', '未审核', -1, '', NULL, NULL),
	(633, '刘某人', '3412199901010058', '18366667146', '安徽', '亳州', '涡阳县', '东塍镇房东工作地址633', '', '', '未审核', -1, '', NULL, NULL),
	(634, '刘某人', '3416199901010015', '18366667146', '安徽', '亳州', '涡阳县', '东塍镇房东工作地址634', '', '', '未审核', -1, '', NULL, NULL),
	(635, '程某人', '3416199901010044', '15866664502', '安徽', '亳州', '涡阳县', '东塍镇房东工作地址635', '', '', '未审核', -1, '', NULL, NULL),
	(636, '李某人', '332619990101001x', '13666664229', '浙江', '台州', '临海市', '东塍镇房东工作地址636', '', '', '未审核', -1, '', NULL, NULL),
	(637, '董某人', '3421199901010015', '15866667861', '安徽', '亳州', '涡阳县', '东塍镇房东工作地址637', '', '', '未审核', -1, '', NULL, NULL),
	(638, '刘某人', '3412199901010018', '18066668605', '安徽', '亳州', '涡阳县', '东塍镇房东工作地址638', '', '', '未审核', -1, '', NULL, NULL),
	(639, '韩某人', '3412199901010014', '18866665236', '安徽', '亳州', '涡阳县', '东塍镇房东工作地址639', '', '', '未审核', -1, '', NULL, NULL),
	(640, '刘某人', '3412199901010027', '18366666160', '安徽', '亳州', '涡阳县', '东塍镇房东工作地址640', '', '', '未审核', -1, '', NULL, NULL),
	(641, '李某人', '3412199901010062', '18366668812', '安徽', '亳州', '涡阳县', '东塍镇房东工作地址641', '', '', '未审核', -1, '', NULL, NULL),
	(642, '韩某人', '3416199901010012', '18866665236', '安徽', '亳州', '涡阳县', '东塍镇房东工作地址642', '', '', '未审核', -1, '', NULL, NULL),
	(643, '李某人', '5227199901010018', '13666663383', '贵州', '黔南', '惠水县', '东塍镇房东工作地址643', '', '', '未审核', -1, '', NULL, NULL),
	(644, '张某人', '3412199901010015', '15866661252', '安徽', '亳州', '涡阳县', '东塍镇房东工作地址644', '', '', '未审核', -1, '', NULL, NULL),
	(645, '王某人', '3412199901010024', '15966669041', '安徽', '亳州', '涡阳县', '东塍镇房东工作地址645', '', '', '未审核', -1, '', NULL, NULL),
	(646, '张某人', '3416199901010023', '15966669041', '安徽', '亳州', '涡阳县', '东塍镇房东工作地址646', '', '', '未审核', -1, '', NULL, NULL),
	(648, '陈某人', '3302199901010019', '13966661039', '浙江', '宁波', '象山县', '东塍镇房东工作地址648', '', '', '未审核', -1, '', NULL, NULL),
	(649, '金某人', '330219990101000x', '13766666010', '浙江', '宁波', '象山县', '东塍镇房东工作地址649', '', '', '未审核', -1, '', NULL, NULL),
	(650, '文某人', '3302199901010013', '13966669532', '浙江', '宁波', '象山县', '东塍镇房东工作地址650', '', '', '未审核', -1, '', NULL, NULL),
	(651, '刘某人', '3302199901010058', '18266662100', '浙江', '宁波', '象山县', '东塍镇房东工作地址651', '', '', '未审核', -1, '', NULL, NULL),
	(652, '何某人', '3302199901010011', '13866669212', '浙江', '宁波', '象山县', '东塍镇房东工作地址652', '', '', '未审核', -1, '', NULL, NULL),
	(653, '徐某人', '3302199901010036', '13566669965', '浙江', '宁波', '象山县', '东塍镇房东工作地址653', '', '', '未审核', -1, '', NULL, NULL),
	(654, '徐某人', '3302199901010012', '13566660548', '浙江', '宁波', '象山县', '东塍镇房东工作地址654', '', '', '未审核', -1, '', NULL, NULL),
	(655, '章某人', '3302199901010017', '13866662852', '浙江', '宁波', '象山县', '东塍镇房东工作地址655', '', '', '未审核', -1, '', NULL, NULL),
	(656, '林某人', '3302199901010034', '15966662646', '浙江', '宁波', '象山县', '东塍镇房东工作地址656', '', '', '未审核', -1, '', NULL, NULL),
	(657, '俞某人', '3302199901010010', '13866662837', '浙江', '宁波', '象山县', '东塍镇房东工作地址657', '', '', '未审核', -1, '', NULL, NULL),
	(658, '徐某人', '3302199901010016', '13766662386', '浙江', '宁波', '象山县', '东塍镇房东工作地址658', '', '', '未审核', -1, '', NULL, NULL),
	(659, '洪某人', '330219990101001x', '15166666828', '浙江', '宁波', '象山县', '东塍镇房东工作地址659', '', '', '未审核', -1, '', NULL, NULL),
	(660, '梁某人', '3302199901010039', '13766664575', '浙江', '宁波', '象山县', '东塍镇房东工作地址660', '', '', '未审核', -1, '', NULL, NULL),
	(661, '章某人', '3302199901010011', '13566668808', '浙江', '宁波', '象山县', '东塍镇房东工作地址661', '', '', '未审核', -1, '', NULL, NULL),
	(662, '王某人', '3423199901010020', '15866662892', '安徽', '滁州', '凤阳县', '东塍镇房东工作地址662', '', '', '未审核', -1, '', NULL, NULL),
	(663, '麻某人', '4331199901010016', '17866666013', '湖南', '湘西', '凤凰县', '东塍镇房东工作地址663', '', '', '未审核', -1, '', NULL, NULL),
	(664, '尚某人', '4226199901010020', '15966663793', '湖北', '十堰', '房县', '东塍镇房东工作地址664', '', '', '未审核', -1, '', NULL, NULL),
	(665, '花某人', '0000199901010000', '13866669660', '', '', '', '东塍镇房东工作地址665', '身份证未知', '', '未审核', -1, '', NULL, NULL),
	(666, '李某人', '4115199901010035', '13766661387', '河南', '信阳', '光山县', '东塍镇房东工作地址666', '', '', '未审核', -1, '', NULL, NULL),
	(667, '李某人', '5225199901010014', '13266669913', '贵州', '安顺', '关岭布依族苗族自治县', '东塍镇房东工作地址667', '', '', '未审核', -1, '', NULL, NULL),
	(668, '张某人', '4113199901010031', '18966660984', '河南', '南阳', '内乡县', '东塍镇房东工作地址668', '', '', '未审核', -1, '', NULL, NULL),
	(669, '王某人', '3222199901010034', '15866661287', '江苏', '淮安', '涟水县', '东塍镇房东工作地址669', '', '', '未审核', -1, '', NULL, NULL),
	(670, '韩某人', '1523199901010015', '13866666004', '内蒙古', '通辽', '科尔沁区', '东塍镇房东工作地址670', '', '', '未审核', -1, '', NULL, NULL),
	(671, '朱某人', '3602199901010011', '15066667067', '江西', '景德镇', '乐平市', '东塍镇房东工作地址671', '', '', '未审核', -1, '', NULL, NULL),
	(672, '郭某人', '4226199901010034', '15966664639', '湖北', '十堰', '房县', '东塍镇房东工作地址672', '', '', '未审核', -1, '', NULL, NULL),
	(673, '麻某人', '4331199901010011', '13566662245', '湖南', '湘西', '凤凰县', '东塍镇房东工作地址673', '', '', '未审核', -1, '', NULL, NULL),
	(674, '何某人', '3422199901010031', '18166669036', '安徽', '宿州', '萧县', '东塍镇房东工作地址674', '', '', '未审核', -1, '', NULL, NULL),
	(675, '颜某人', '3422199901010018', '17366665008', '安徽', '宿州', '埇桥区', '东塍镇房东工作地址675', '', '', '未审核', -1, '', NULL, NULL),
	(676, '辛某人', '341219990101002x', '15666667375', '安徽', '阜阳', '临泉县', '东塍镇房东工作地址676', '', '', '未审核', -1, '', NULL, NULL),
	(677, '邬某人', '3424199901010090', '15966663450', '安徽', '六安', '寿县', '东塍镇房东工作地址677', '', '', '未审核', -1, '', NULL, NULL),
	(678, '季某人', '3325199901010071', '13866668089', '浙江', '丽水', '青田县', '东塍镇房东工作地址678', '', '', '未审核', -1, '', NULL, NULL),
	(679, '赵某人', '341219990101002x', '13566662171', '安徽', '亳州', '涡阳县', '东塍镇房东工作地址679', '', '', '未审核', -1, '', NULL, NULL),
	(680, '徐某人', '3408199901010018', '18266662621', '安徽', '安庆', '枞阳县', '东塍镇房东工作地址680', '', '', '未审核', -1, '', NULL, NULL),
	(681, '李某人', '1523199901010002', '15166663006', '内蒙古', '通辽', '科尔沁区', '东塍镇房东工作地址681', '', '', '未审核', -1, '', NULL, NULL),
	(682, '韩某人', '1505199901010055', '15166663006', '内蒙古', '通辽', '科尔沁区', '东塍镇房东工作地址682', '', '', '未审核', -1, '', NULL, NULL),
	(683, '吴某人', '4331199901010013', '13766661099', '湖南', '湘西', '凤凰县', '东塍镇房东工作地址683', '', '', '未审核', -1, '', NULL, NULL),
	(684, '吴某人', '4331199901010015', '15066660349', '湖南', '湘西', '凤凰县', '东塍镇房东工作地址684', '', '', '未审核', -1, '', NULL, NULL),
	(685, '李某人', '6422199901010031', '18366669921', '宁夏', '固原', '原州区', '东塍镇房东工作地址685', '', '', '未审核', -1, '', NULL, NULL),
	(686, '李某人', '6422199901010064', '18366668637', '宁夏', '固原', '原州区', '东塍镇房东工作地址686', '', '', '未审核', -1, '', NULL, NULL),
	(687, '张某人', '3624199901010010', '13866669662', '江西', '吉安', '吉水县', '东塍镇房东工作地址687', '', '', '未审核', -1, '', NULL, NULL),
	(688, '王某人', '3602199901010015', '15066665372', '江西', '景德镇', '乐平市', '东塍镇房东工作地址688', '', '', '未审核', -1, '', NULL, NULL),
	(689, '麻某人', '4331199901010051', '18666661564', '湖南', '湘西', '凤凰县', '东塍镇房东工作地址689', '', '', '未审核', -1, '', NULL, NULL),
	(690, '龙某人', '4331199901010045', '15666667837', '湖南', '湘西', '凤凰县', '东塍镇房东工作地址690', '', '', '未审核', -1, '', NULL, NULL),
	(691, '程某人', '3602199901010018', '15166667501', '江西', '景德镇', '乐平市', '东塍镇房东工作地址691', '', '', '未审核', -1, '', NULL, NULL),
	(692, '张某人', '3422199901010015', '13566667620', '安徽', '宿州', '泗县', '东塍镇房东工作地址692', '', '', '未审核', -1, '', NULL, NULL),
	(693, '黄某人', '3602199901010076', '13666668550', '江西', '景德镇', '乐平市', '东塍镇房东工作地址693', '', '', '未审核', -1, '', NULL, NULL),
	(694, '吉某人', '5134199901010020', '18566666325', '四川', '凉山', '喜德县', '东塍镇房东工作地址694', '', '', '未审核', -1, '', NULL, NULL),
	(695, '麦某人', '5134199901010010', '18266665332', '四川', '凉山', '喜德县', '东塍镇房东工作地址695', '', '', '未审核', -1, '', NULL, NULL),
	(696, '陈某人', '4226199901010064', '15066660886', '湖北', '十堰', '房县', '东塍镇房东工作地址696', '', '', '未审核', -1, '', NULL, NULL),
	(697, '赵某人', '3208199901010030', '18266666548', '江苏', '淮安', '淮安区', '东塍镇房东工作地址697', '', '', '未审核', -1, '', NULL, NULL),
	(698, '孙某人', '3421199901010077', '13866666635', '安徽', '亳州', '涡阳县', '东塍镇房东工作地址698', '', '', '未审核', -1, '', NULL, NULL),
	(699, '王某人', '2302199901010011', '13966669698', '黑龙江', '齐齐哈尔', '甘南县', '东塍镇房东工作地址699', '', '', '未审核', -1, '', NULL, NULL),
	(700, '刘某人', '3713199901010013', '15866665537', '山东', '临沂', '郯城县', '东塍镇房东工作地址700', '', '', '未审核', -1, '', NULL, NULL),
	(701, '姚某人', '3408199901010031', '13566667259', '安徽', '安庆', '宿松县', '东塍镇房东工作地址701', '', '', '未审核', -1, '', NULL, NULL),
	(702, '陈某人', '3403199901010042', '13966666922', '安徽', '蚌埠', '五河县', '东塍镇房东工作地址702', '', '', '未审核', -1, '', NULL, NULL),
	(703, '刘某人', '3401199901010059', '13666668410', '安徽', '合肥', '肥东县', '东塍镇房东工作地址703', '', '', '未审核', -1, '', NULL, NULL),
	(704, '蒋某人', '3601199901010044', '15066665606', '江西', '南昌', '新建县', '东塍镇房东工作地址704', '', '', '未审核', -1, '', NULL, NULL),
	(705, '刘某人', '3401199901010036', '15066665606', '安徽', '合肥', '肥西县', '东塍镇房东工作地址705', '', '', '未审核', -1, '', NULL, NULL),
	(706, '刘某人', '3401199901010039', '15066665606', '安徽', '合肥', '肥西县', '东塍镇房东工作地址706', '', '', '未审核', -1, '', NULL, NULL),
	(707, '石某人', '3602199901010070', '15966666585', '江西', '景德镇', '乐平市', '东塍镇房东工作地址707', '', '', '未审核', -1, '', NULL, NULL),
	(708, '余某人', '360219990101004x', '15266664839', '江西', '景德镇', '乐平市', '东塍镇房东工作地址708', '', '', '未审核', -1, '', NULL, NULL),
	(709, '石某人', '3602199901010028', '15266664839', '江西', '景德镇', '乐平市', '东塍镇房东工作地址709', '', '', '未审核', -1, '', NULL, NULL),
	(710, '田某人', '2301199901010059', '15066660156', '黑龙江', '哈尔滨', '通河县', '东塍镇房东工作地址710', '', '', '未审核', -1, '', NULL, NULL),
	(711, '刘某人', '230819990101004x', '15066660156', '黑龙江', '佳木斯', '桦川县', '东塍镇房东工作地址711', '', '', '未审核', -1, '', NULL, NULL),
	(712, '田某人', '2308199901010040', '15066660156', '黑龙江', '佳木斯', '桦川县', '东塍镇房东工作地址712', '', '', '未审核', -1, '', NULL, NULL),
	(713, '刘某人', '2308199901010012', '15066660156', '黑龙江', '佳木斯', '桦川县', '东塍镇房东工作地址713', '', '', '未审核', -1, '', NULL, NULL),
	(714, '赵某人', '6226199901010033', '15966664003', '甘肃', '陇南', '文县', '东塍镇房东工作地址714', '', '', '未审核', -1, '', NULL, NULL),
	(715, '王某人', '6226199901010025', '15966664003', '甘肃', '陇南', '文县', '东塍镇房东工作地址715', '', '', '未审核', -1, '', NULL, NULL),
	(716, '赵某人', '6212199901010017', '15966664003', '甘肃', '陇南', '文县', '东塍镇房东工作地址716', '', '', '未审核', -1, '', NULL, NULL),
	(717, '赵某人', '621219990101002x', '15966664003', '甘肃', '陇南', '文县', '东塍镇房东工作地址717', '', '', '未审核', -1, '', NULL, NULL),
	(718, '杨某人', '1426199901010050', '13566663693', '山西', '临汾', '洪洞县', '东塍镇房东工作地址718', '', '', '未审核', -1, '', NULL, NULL),
	(719, '于某人', '4130199901010026', '13566663693', '河南', '信阳', '淮滨县', '东塍镇房东工作地址719', '', '', '未审核', -1, '', NULL, NULL),
	(720, '杨某人', '1410199901010036', '13566663693', '山西', '临汾', '洪洞县', '东塍镇房东工作地址720', '', '', '未审核', -1, '', NULL, NULL),
	(721, '祝某人', '3623199901010034', '18266665535', '江西', '上饶', '广丰县', '东塍镇房东工作地址721', '', '', '未审核', -1, '', NULL, NULL),
	(722, '袁某人', '3623199901010024', '18266665035', '江西', '上饶', '广丰县', '东塍镇房东工作地址722', '', '', '未审核', -1, '', NULL, NULL),
	(723, '祝某人', '361119990101008x', '18266665035', '江西', '上饶', '广丰县', '东塍镇房东工作地址723', '', '', '未审核', -1, '', NULL, NULL),
	(724, '刘某人', '3402199901010074', '18166660550', '安徽', '芜湖', '芜湖县', '东塍镇房东工作地址724', '', '', '未审核', -1, '', NULL, NULL),
	(725, '张某人', '4104199901010042', '13566662577', '河南', '平顶山', '叶县', '东塍镇房东工作地址725', '', '', '未审核', -1, '', NULL, NULL),
	(726, '胡某人', '4104199901010034', '15666663309', '河南', '平顶山', '叶县', '东塍镇房东工作地址726', '', '', '未审核', -1, '', NULL, NULL),
	(727, '丁某人', '4104199901010050', '15366661828', '河南', '平顶山', '叶县', '东塍镇房东工作地址727', '', '', '未审核', -1, '', NULL, NULL),
	(728, '孙某人', '4104199901010077', '15866667178', '河南', '平顶山', '叶县', '东塍镇房东工作地址728', '', '', '未审核', -1, '', NULL, NULL),
	(729, '苏某人', '3411199901010078', '18766665316', '安徽', '滁州', '凤阳县', '东塍镇房东工作地址729', '', '', '未审核', -1, '', NULL, NULL),
	(730, '杜某人', '4104199901010041', '15966664950', '河南', '平顶山', '叶县', '东塍镇房东工作地址730', '', '', '未审核', -1, '', NULL, NULL),
	(731, '周某人', '410419990101004x', '17566661251', '河南', '平顶山', '叶县', '东塍镇房东工作地址731', '', '', '未审核', -1, '', NULL, NULL),
	(732, '郭某人', '4104199901010011', '15866660382', '河南', '平顶山', '叶县', '东塍镇房东工作地址732', '', '', '未审核', -1, '', NULL, NULL),
	(733, '王某人', '4104199901010072', '13266668422', '河南', '平顶山', '叶县', '东塍镇房东工作地址733', '', '', '未审核', -1, '', NULL, NULL),
	(734, '刘某人', '5326199901010061', '17866669979', '云南', '文山', '广南县', '东塍镇房东工作地址734', '', '', '未审核', -1, '', NULL, NULL),
	(735, '谭某人', '5107199901010029', '18366660119', '四川', '绵阳', '涪城区', '东塍镇房东工作地址735', '', '', '未审核', -1, '', NULL, NULL),
	(736, '李某人', '410419990101003x', '13766662181', '河南', '平顶山', '叶县', '东塍镇房东工作地址736', '', '', '未审核', -1, '', NULL, NULL),
	(737, '李某人', '4104199901010023', '15666666690', '河南', '平顶山', '叶县', '东塍镇房东工作地址737', '', '', '未审核', -1, '', NULL, NULL),
	(738, '李某人', '4104199901010061', '15066662814', '河南', '平顶山', '叶县', '东塍镇房东工作地址738', '', '', '未审核', -1, '', NULL, NULL),
	(739, '黄某人', '3501199901010033', '18366665638', '福建', '福州', '罗源县', '东塍镇房东工作地址739', '', '', '未审核', -1, '', NULL, NULL),
	(740, '冯某人', '4104199901010018', '13566666978', '河南', '平顶山', '叶县', '东塍镇房东工作地址740', '', '', '未审核', -1, '', NULL, NULL),
	(741, '孙某人', '4104199901010047', '18666668987', '河南', '平顶山', '叶县', '东塍镇房东工作地址741', '', '', '未审核', -1, '', NULL, NULL),
	(742, '胡某人', '410919990101002x', '17666660885', '河南', '平顶山', '叶县', '东塍镇房东工作地址742', '', '', '未审核', -1, '', NULL, NULL),
	(743, '贺某人', '4104199901010021', '15866663177', '河南', '平顶山', '叶县', '东塍镇房东工作地址743', '', '', '未审核', -1, '', NULL, NULL),
	(744, '黄某人', '3501199901010056', '15766660425', '福建', '福州', '罗源县', '东塍镇房东工作地址744', '', '', '未审核', -1, '', NULL, NULL),
	(745, '甘某人', '3402199901010074', '13366669496', '安徽', '芜湖', '芜湖县', '东塍镇房东工作地址745', '', '', '未审核', -1, '', NULL, NULL),
	(746, '郭某人', '4104199901010041', '19166667951', '河南', '平顶山', '叶县', '东塍镇房东工作地址746', '', '', '未审核', -1, '', NULL, NULL),
	(747, '王某人', '4104199901010046', '15566661507', '河南', '平顶山', '叶县', '东塍镇房东工作地址747', '', '', '未审核', -1, '', NULL, NULL),
	(748, '宋某人', '4104199901010002', '17766669187', '河南', '平顶山', '叶县', '东塍镇房东工作地址748', '', '', '未审核', -1, '', NULL, NULL),
	(749, '王某人', '3412199901010048', '18166665735', '安徽', '亳州', '涡阳县', '东塍镇房东工作地址749', '', '', '未审核', -1, '', NULL, NULL),
	(750, '王某人', '3412199901010017', '13966663400', '安徽', '亳州', '涡阳县', '东塍镇房东工作地址750', '', '', '未审核', -1, '', NULL, NULL),
	(751, 'a某人', '3302199901010008', '17866664444', '北京市', '北京市', '东城区', '东塍镇房东工作地址751', 'gg', '1', '未审核', -1, '', NULL, NULL),
	(752, '测某人', '3302199901010099', '17866665123', '北京市', '北京市', '通州区', '东塍镇房东工作地址752', '测试', '1', '未审核', -1, '', NULL, NULL),
	(753, '好某人', '3302199901010025', '17866663649', '', '', '', '东塍镇房东工作地址753', '跋山涉水', '1', '未审核', -1, '', NULL, NULL),
	(754, '说某人', '3321199901010054', '17866663464', '安徽', '蚌埠', '郊区', '东塍镇房东工作地址754', '打发打发', '', '未审核', -1, '', NULL, NULL),
	(755, '反某人', '3302199901010011', '17866666345', '北京', '北京', '东城区', '东塍镇房东工作地址755', '撒大苏打水水 ', '', '未审核', -1, '', NULL, NULL),
	(756, '党某人', '5222199901010084', '13566665011', '贵州', '铜仁', '铜仁市', '东塍镇房东工作地址756', '', '', '未审核', -1, '', NULL, NULL),
	(757, '徐某人', '5222199901010037', '18766666830', '贵州', '铜仁', '铜仁市', '东塍镇房东工作地址757', '', '', '未审核', -1, '', NULL, NULL),
	(758, '徐某人', '5222199901010015', '18766666830', '贵州', '铜仁', '铜仁市', '东塍镇房东工作地址758', '', '', '未审核', -1, '', NULL, NULL),
	(759, '徐某人', '5222199901010015', '13566665011', '贵州', '铜仁', '铜仁市', '东塍镇房东工作地址759', '', '', '未审核', -1, '', NULL, NULL),
	(760, '李某人', '5130199901010016', '13466662143', '四川', '达州', '宣汉县', '东塍镇房东工作地址760', '', '', '未审核', -1, '', NULL, NULL),
	(761, '李某人', '5117199901010015', '15866667443', '四川', '达州', '宣汉县', '东塍镇房东工作地址761', '', '', '未审核', -1, '', NULL, NULL),
	(762, '李某人', '5117199901010034', '15866667443', '四川', '达州', '宣汉县', '东塍镇房东工作地址762', '', '', '未审核', -1, '', NULL, NULL),
	(763, '赵某人', '3421199901010019', '15966665101', '安徽', '亳州', '涡阳县', '东塍镇房东工作地址763', '', '', '未审核', -1, '', NULL, NULL),
	(764, '王某人', '3421199901010026', '18666663058', '安徽', '亳州', '涡阳县', '东塍镇房东工作地址764', '', '', '未审核', -1, '', NULL, NULL),
	(765, '张某人', '3303199901010052', '13966662186', '浙江', '温州', '永嘉县', '东塍镇房东工作地址765', '', '', '未审核', -1, '', NULL, NULL),
	(766, '陈某人', '330319990101006x', '13566661654', '浙江', '温州', '永嘉县', '东塍镇房东工作地址766', '', '', '未审核', -1, '', NULL, NULL),
	(767, '张某人', '3303199901010025', '13566661654', '浙江', '温州', '永嘉县', '东塍镇房东工作地址767', ' ', '', '未审核', -1, '', NULL, NULL),
	(768, '胡某人', '3602199901010016', '15866666591', '江西', '景德镇', '乐平市', '东塍镇房东工作地址768', '', '', '未审核', -1, '', NULL, NULL),
	(769, '邵某人', '3602199901010072', '15766665153', '江西', '景德镇', '乐平市', '东塍镇房东工作地址769', '', '', '未审核', -1, '', NULL, NULL),
	(770, '胡某人', '3602199901010013', '15766665153', '江西', '景德镇', '乐平市', '东塍镇房东工作地址770', '', '', '未审核', -1, '', NULL, NULL),
	(771, '白某人', '5227199901010096', '15966668528', '贵州', '黔南', '惠水县', '东塍镇房东工作地址771', '', '', '未审核', -1, '', NULL, NULL),
	(772, '林某人', '3326199901010012', '13866666185', '浙江', '台州', '三门县', '东塍镇房东工作地址772', '', '', '未审核', -1, '', NULL, NULL),
	(773, '程某人', '6104199901010019', '13266660550', '陕西', '咸阳', '长武县', '东塍镇房东工作地址773', '', '', '未审核', -1, '', NULL, NULL),
	(774, '陈某人', '412319990101001x', '13266665238', '河南', '', '', '东塍镇房东工作地址774', '', '', '未审核', -1, '', NULL, NULL),
	(775, '徐某人', '3428199901010010', '13766666687', '安徽', '', '', '东塍镇房东工作地址775', '', '', '未审核', -1, '', NULL, NULL),
	(776, '沈某人', '3403199901010054', '18066664567', '安徽', '蚌埠', '怀远县', '东塍镇房东工作地址776', '', '', '未审核', -1, '', NULL, NULL),
	(777, '谭某人', '4224199901010016', '13566660918', '湖北', '', '', '东塍镇房东工作地址777', '', '', '未审核', -1, '', NULL, NULL),
	(778, '陈某人', '3421199901010010', '13066663568', '安徽', '', '', '东塍镇房东工作地址778', '', '', '未审核', -1, '', NULL, NULL),
	(779, '刘某人', '4127199901010019', '15166660168', '河南', '周口', '鹿邑县', '东塍镇房东工作地址779', '', '', '未审核', -1, '', NULL, NULL),
	(780, '周某人', '3325199901010017', '13966663025', '浙江', '', '', '东塍镇房东工作地址780', '', '', '未审核', -1, '', NULL, NULL),
	(781, '李某人', '4114199901010012', '18266663720', '河南', '商丘', '永城市', '东塍镇房东工作地址781', '', '', '未审核', -1, '', NULL, NULL),
	(782, '吴某人', '3601199901010039', '13166668359', '江西', '南昌', '安义县', '东塍镇房东工作地址782', '', '', '未审核', -1, '', NULL, NULL),
	(783, '邵某人', '4123199901010017', '15166665158', '河南', '', '', '东塍镇房东工作地址783', '', '', '未审核', -1, '', NULL, NULL),
	(784, '吴某人', '3310199901010017', '13866660986', '浙江', '台州', '路桥区', '东塍镇房东工作地址784', '', '', '未审核', -1, '', NULL, NULL),
	(785, '叶某人', '3402199901010061', '13566668345', '安徽', '芜湖', '南陵县', '东塍镇房东工作地址785', '', '', '未审核', -1, '', NULL, NULL),
	(786, '须某人', '4123199901010013', '13966666062', '河南', '', '', '东塍镇房东工作地址786', '', '', '未审核', -1, '', NULL, NULL),
	(787, '王某人', '1309199901010015', '18866667366', '河北', '沧州', '盐山县', '东塍镇房东工作地址787', '', '', '未审核', -1, '', NULL, NULL),
	(788, '朱某人', '3708199901010041', '13566668400', '山东', '济宁', '', '东塍镇房东工作地址788', '', '', '未审核', -1, '', NULL, NULL),
	(789, '姚某人', '4508199901010015', '13866666832', '广西', '贵港', '港北区', '东塍镇房东工作地址789', '', '', '未审核', -1, '', NULL, NULL),
	(790, '袁某人', '3422199901010099', '18066666886', '安徽', '', '', '东塍镇房东工作地址790', '', '', '未审核', -1, '', NULL, NULL),
	(791, '郭某人', '3624199901010036', '13566661605', '江西', '', '', '东塍镇房东工作地址791', '', '', '未审核', -1, '', NULL, NULL),
	(792, '漆某人', '5224199901010086', '18766660689', '贵州', '', '', '东塍镇房东工作地址792', '', '', '未审核', -1, '', NULL, NULL),
	(793, '高某人', '0000199901010000', '18966665253', '', '', '', '东塍镇房东工作地址793', '', '', '未审核', -1, '', NULL, NULL),
	(794, '蔡某人', '3206199901010016', '13766664985', '江苏', '南通', '', '东塍镇房东工作地址794', '', '', '未审核', -1, '', NULL, NULL),
	(795, '盛某人', '3302199901010020', '18866668727', '浙江', '宁波', '象山县', '东塍镇房东工作地址795', '', '', '未审核', -1, '', NULL, NULL),
	(796, '刘某人', '422119990101009x', '15866664983', '湖北', '', '', '东塍镇房东工作地址796', '', '', '未审核', -1, '', NULL, NULL),
	(797, '王某人', '3326199901010017', '13966669359', '浙江', '', '', '东塍镇房东工作地址797', '', '', '未审核', -1, '', NULL, NULL),
	(798, '吴某人', '3606199901010010', '15866663941', '江西', '鹰潭', '贵溪市', '东塍镇房东工作地址798', '', '', '未审核', -1, '', NULL, NULL),
	(799, '吴某人', '612419990101003x', '15666669966', '陕西', '', '', '东塍镇房东工作地址799', '', '', '未审核', -1, '', NULL, NULL),
	(800, '郑某人', '3302199901010057', '13866666000', '浙江', '宁波', '象山县', '东塍镇房东工作地址800', '', '', '未审核', -1, '', NULL, NULL),
	(801, '吴某人', '3303199901010042', '13866666000', '浙江', '温州', '苍南县', '东塍镇房东工作地址801', '', '', '未审核', -1, '', NULL, NULL),
	(802, '冯某人', '4203199901010059', '15366663753', '湖北', '十堰', '房县', '东塍镇房东工作地址802', '', '', '未审核', -1, '', NULL, NULL),
	(803, '孙某人', '5103199901010022', '15866662666', '四川', '自贡', '沿滩区', '东塍镇房东工作地址803', '', '', '未审核', -1, '', NULL, NULL),
	(804, '沈某人', '320919990101003x', '13566668398', '江苏', '盐城', '滨海县', '东塍镇房东工作地址804', '', '', '未审核', -1, '', NULL, NULL),
	(805, '朱某人', '3408199901010015', '15866669086', '安徽', '安庆', '', '东塍镇房东工作地址805', '', '', '未审核', -1, '', NULL, NULL),
	(806, '陈某人', '4302199901010056', '15966664166', '湖南', '株洲', '攸县', '东塍镇房东工作地址806', '', '', '未审核', -1, '', NULL, NULL),
	(807, '王某人', '4108199901010042', '15166664367', '河南', '焦作', '沁阳市', '东塍镇房东工作地址807', '', '', '未审核', -1, '', NULL, NULL),
	(808, '王某人', '3306199901010035', '15166664367', '浙江', '绍兴', '新昌县', '东塍镇房东工作地址808', '', '', '未审核', -1, '', NULL, NULL),
	(809, '王某人', '5202199901010042', '13966667407', '贵州', '六盘水', '六枝特区', '东塍镇房东工作地址809', '', '', '未审核', -1, '', NULL, NULL),
	(810, '锡某人', '5223199901010034', '13766661185', '贵州', '黔南', '', '东塍镇房东工作地址810', '', '', '未审核', -1, '', NULL, NULL),
	(811, '娄某人', '5105199901010095', '13666666856', '四川', '泸州', '', '东塍镇房东工作地址811', '', '', '未审核', -1, '', NULL, NULL),
	(812, '王某人', '3302199901010067', '13966660010', '浙江', '宁波', '象山县', '东塍镇房东工作地址812', '', '', '未审核', -1, '', NULL, NULL),
	(813, '张某人', '3412199901010013', '18966669169', '安徽', '阜阳', '', '东塍镇房东工作地址813', '', '', '未审核', -1, '', NULL, NULL),
	(814, '柯某人', '3326199901010013', '13666664415', '浙江', '', '', '东塍镇房东工作地址814', '', '', '未审核', -1, '', NULL, NULL),
	(815, '李某人', '3326199901010013', '13966664752', '浙江', '', '', '东塍镇房东工作地址815', '', '', '未审核', -1, '', NULL, NULL),
	(816, '顾某人', '3306199901010020', '18366662652', '浙江', '绍兴', '', '东塍镇房东工作地址816', '', '', '未审核', -1, '', NULL, NULL),
	(817, '陈某人', '4114199901010013', '18866661697', '河南', '商丘', '永城市', '东塍镇房东工作地址817', '', '', '未审核', -1, '', NULL, NULL),
	(818, '黄某人', '5116199901010059', '15066661587', '四川', '广安', '', '东塍镇房东工作地址818', '', '', '未审核', -1, '', NULL, NULL),
	(819, '叶某人', '3602199901010032', '13566661878', '江西', '景德镇', '', '东塍镇房东工作地址819', '', '', '未审核', -1, '', NULL, NULL),
	(820, '杨某人', '3326199901010015', '18866664078', '浙江', '', '', '东塍镇房东工作地址820', '', '', '未审核', -1, '', NULL, NULL),
	(821, '陈某人', '3326199901010018', '15966663601', '浙江', '', '', '东塍镇房东工作地址821', '', '', '未审核', -1, '', NULL, NULL),
	(822, '郭某人', '3326199901010091', '18966665783', '浙江', '', '', '东塍镇房东工作地址822', '', '', '未审核', -1, '', NULL, NULL),
	(823, '何某人', '3326199901010012', '13666668591', '浙江', '', '', '东塍镇房东工作地址823', '', '', '未审核', -1, '', NULL, NULL),
	(824, '叶某人', '3326199901010010', '13566666998', '浙江', '', '', '东塍镇房东工作地址824', '', '', '未审核', -1, '', NULL, NULL),
	(825, '叶某人', '3326199901010010', '18866662260', '浙江', '', '', '东塍镇房东工作地址825', '', '', '未审核', -1, '', NULL, NULL),
	(826, '吴某人', '3326199901010019', '18366667566', '浙江', '', '', '东塍镇房东工作地址826', '', '', '未审核', -1, '', NULL, NULL),
	(827, '陈某人', '3326199901010032', '13566669397', '浙江', '', '', '东塍镇房东工作地址827', '', '', '未审核', -1, '', NULL, NULL),
	(828, '朱某人', '3410199901010053', '13966664661', '安徽', '黄山', '', '东塍镇房东工作地址828', '', '', '未审核', -1, '', NULL, NULL);
/*!40000 ALTER TABLE `tenant` ENABLE KEYS */;

/*!40101 SET SQL_MODE=IFNULL(@OLD_SQL_MODE, '') */;
/*!40014 SET FOREIGN_KEY_CHECKS=IF(@OLD_FOREIGN_KEY_CHECKS IS NULL, 1, @OLD_FOREIGN_KEY_CHECKS) */;
/*!40101 SET CHARACTER_SET_CLIENT=@OLD_CHARACTER_SET_CLIENT */;
